customer_id,churn_probability,churn_prediction,risk_segment
CUST-00001,0.0117,0,Low Risk
CUST-00002,0.001,0,Low Risk
CUST-00003,0.9791,1,High Risk
CUST-00004,0.1425,0,Low Risk
CUST-00005,0.0242,0,Low Risk
CUST-00006,0.1791,0,Low Risk
CUST-00007,0.9159,1,High Risk
CUST-00008,0.0158,0,Low Risk
CUST-00009,0.083,0,Low Risk
CUST-00010,0.0106,0,Low Risk
CUST-00011,0.0002,0,Low Risk
CUST-00012,1e-04,0,Low Risk
CUST-00013,0.0086,0,Low Risk
CUST-00014,0.639,1,Medium Risk
CUST-00015,0.0323,0,Low Risk
CUST-00016,0.0099,0,Low Risk
CUST-00017,0.0587,0,Low Risk
CUST-00018,0.061,0,Low Risk
CUST-00019,0.0407,0,Low Risk
CUST-00020,0.107,0,Low Risk
CUST-00021,0.0006,0,Low Risk
CUST-00022,0.0005,0,Low Risk
CUST-00023,0.1491,0,Low Risk
CUST-00024,0.0052,0,Low Risk
CUST-00025,0.9243,1,High Risk
CUST-00026,1e-04,0,Low Risk
CUST-00027,0.0,0,Low Risk
CUST-00028,0.0003,0,Low Risk
CUST-00029,0.8856,1,High Risk
CUST-00030,0.0048,0,Low Risk
CUST-00031,0.8271,1,High Risk
CUST-00032,0.0169,0,Low Risk
CUST-00033,0.9734,1,High Risk
CUST-00034,0.9924,1,High Risk
CUST-00035,0.0007,0,Low Risk
CUST-00036,0.9666,1,High Risk
CUST-00037,0.9987,1,High Risk
CUST-00038,1e-04,0,Low Risk
CUST-00039,0.0008,0,Low Risk
CUST-00040,0.0052,0,Low Risk
CUST-00041,0.0024,0,Low Risk
CUST-00042,0.3056,0,Low Risk
CUST-00043,0.0053,0,Low Risk
CUST-00044,0.0108,0,Low Risk
CUST-00045,0.8099,1,High Risk
CUST-00046,0.9182,1,High Risk
CUST-00047,1e-04,0,Low Risk
CUST-00048,0.0189,0,Low Risk
CUST-00049,0.9935,1,High Risk
CUST-00050,0.0031,0,Low Risk
CUST-00051,0.0008,0,Low Risk
CUST-00052,0.1742,0,Low Risk
CUST-00053,0.0013,0,Low Risk
CUST-00054,0.0137,0,Low Risk
CUST-00055,0.5306,1,Medium Risk
CUST-00056,0.9623,1,High Risk
CUST-00057,0.0365,0,Low Risk
CUST-00058,0.0025,0,Low Risk
CUST-00059,1e-04,0,Low Risk
CUST-00060,0.0027,0,Low Risk
CUST-00061,0.1564,0,Low Risk
CUST-00062,0.0746,0,Low Risk
CUST-00063,0.0053,0,Low Risk
CUST-00064,0.0185,0,Low Risk
CUST-00065,0.0163,0,Low Risk
CUST-00066,0.9859,1,High Risk
CUST-00067,0.1202,0,Low Risk
CUST-00068,0.0013,0,Low Risk
CUST-00069,0.7507,1,High Risk
CUST-00070,0.0002,0,Low Risk
CUST-00071,0.7095,1,High Risk
CUST-00072,0.524,1,Medium Risk
CUST-00073,0.2282,0,Low Risk
CUST-00074,0.008,0,Low Risk
CUST-00075,0.0003,0,Low Risk
CUST-00076,0.7665,1,High Risk
CUST-00077,0.9957,1,High Risk
CUST-00078,0.9601,1,High Risk
CUST-00079,0.0007,0,Low Risk
CUST-00080,0.0005,0,Low Risk
CUST-00081,0.0044,0,Low Risk
CUST-00082,0.0193,0,Low Risk
CUST-00083,1e-04,0,Low Risk
CUST-00084,0.0633,0,Low Risk
CUST-00085,0.1531,0,Low Risk
CUST-00086,0.0004,0,Low Risk
CUST-00087,0.0019,0,Low Risk
CUST-00088,0.0167,0,Low Risk
CUST-00089,0.0033,0,Low Risk
CUST-00090,0.0014,0,Low Risk
CUST-00091,0.7759,1,High Risk
CUST-00092,0.6148,1,Medium Risk
CUST-00093,0.3865,0,Low Risk
CUST-00094,0.1293,0,Low Risk
CUST-00095,0.7344,1,High Risk
CUST-00096,0.0022,0,Low Risk
CUST-00097,0.9066,1,High Risk
CUST-00098,0.0012,0,Low Risk
CUST-00099,0.6297,1,Medium Risk
CUST-00100,0.0004,0,Low Risk
CUST-00101,0.0006,0,Low Risk
CUST-00102,0.9911,1,High Risk
CUST-00103,0.2009,0,Low Risk
CUST-00104,0.9752,1,High Risk
CUST-00105,0.0123,0,Low Risk
CUST-00106,0.0049,0,Low Risk
CUST-00107,0.8795,1,High Risk
CUST-00108,0.0008,0,Low Risk
CUST-00109,0.1508,0,Low Risk
CUST-00110,0.6226,1,Medium Risk
CUST-00111,0.8722,1,High Risk
CUST-00112,0.0002,0,Low Risk
CUST-00113,0.9969,1,High Risk
CUST-00114,0.9925,1,High Risk
CUST-00115,0.0012,0,Low Risk
CUST-00116,0.0406,0,Low Risk
CUST-00117,0.0422,0,Low Risk
CUST-00118,0.9934,1,High Risk
CUST-00119,0.9632,1,High Risk
CUST-00120,0.9461,1,High Risk
CUST-00121,0.5544,1,Medium Risk
CUST-00122,0.0154,0,Low Risk
CUST-00123,0.001,0,Low Risk
CUST-00124,0.158,0,Low Risk
CUST-00125,0.0004,0,Low Risk
CUST-00126,0.0006,0,Low Risk
CUST-00127,0.0005,0,Low Risk
CUST-00128,0.3458,0,Low Risk
CUST-00129,0.0048,0,Low Risk
CUST-00130,0.0004,0,Low Risk
CUST-00131,0.0081,0,Low Risk
CUST-00132,0.2457,0,Low Risk
CUST-00133,0.001,0,Low Risk
CUST-00134,0.9509,1,High Risk
CUST-00135,0.0002,0,Low Risk
CUST-00136,0.9936,1,High Risk
CUST-00137,0.6399,1,Medium Risk
CUST-00138,0.0002,0,Low Risk
CUST-00139,0.1454,0,Low Risk
CUST-00140,0.8382,1,High Risk
CUST-00141,0.0032,0,Low Risk
CUST-00142,0.0014,0,Low Risk
CUST-00143,0.1252,0,Low Risk
CUST-00144,0.9881,1,High Risk
CUST-00145,0.9738,1,High Risk
CUST-00146,0.0016,0,Low Risk
CUST-00147,1e-04,0,Low Risk
CUST-00148,0.0007,0,Low Risk
CUST-00149,0.0093,0,Low Risk
CUST-00150,0.9908,1,High Risk
CUST-00151,0.0012,0,Low Risk
CUST-00152,1e-04,0,Low Risk
CUST-00153,0.0003,0,Low Risk
CUST-00154,0.1982,0,Low Risk
CUST-00155,0.0003,0,Low Risk
CUST-00156,0.8281,1,High Risk
CUST-00157,0.9917,1,High Risk
CUST-00158,0.0216,0,Low Risk
CUST-00159,0.9746,1,High Risk
CUST-00160,0.0014,0,Low Risk
CUST-00161,0.1504,0,Low Risk
CUST-00162,0.0124,0,Low Risk
CUST-00163,0.8535,1,High Risk
CUST-00164,0.0065,0,Low Risk
CUST-00165,0.0151,0,Low Risk
CUST-00166,0.0733,0,Low Risk
CUST-00167,0.2737,0,Low Risk
CUST-00168,0.0006,0,Low Risk
CUST-00169,0.1602,0,Low Risk
CUST-00170,0.9915,1,High Risk
CUST-00171,0.0597,0,Low Risk
CUST-00172,0.0243,0,Low Risk
CUST-00173,0.0375,0,Low Risk
CUST-00174,0.0949,0,Low Risk
CUST-00175,0.9144,1,High Risk
CUST-00176,0.978,1,High Risk
CUST-00177,0.0004,0,Low Risk
CUST-00178,0.0,0,Low Risk
CUST-00179,0.2988,0,Low Risk
CUST-00180,0.7996,1,High Risk
CUST-00181,0.0302,0,Low Risk
CUST-00182,1e-04,0,Low Risk
CUST-00183,0.2889,0,Low Risk
CUST-00184,1e-04,0,Low Risk
CUST-00185,0.9376,1,High Risk
CUST-00186,0.0095,0,Low Risk
CUST-00187,0.0093,0,Low Risk
CUST-00188,0.0003,0,Low Risk
CUST-00189,0.0166,0,Low Risk
CUST-00190,0.9368,1,High Risk
CUST-00191,0.0003,0,Low Risk
CUST-00192,0.2722,0,Low Risk
CUST-00193,0.9732,1,High Risk
CUST-00194,0.3365,0,Low Risk
CUST-00195,0.1418,0,Low Risk
CUST-00196,0.0024,0,Low Risk
CUST-00197,0.306,0,Low Risk
CUST-00198,0.0057,0,Low Risk
CUST-00199,0.0008,0,Low Risk
CUST-00200,0.0162,0,Low Risk
CUST-00201,1e-04,0,Low Risk
CUST-00202,0.0004,0,Low Risk
CUST-00203,0.0375,0,Low Risk
CUST-00204,0.0069,0,Low Risk
CUST-00205,0.0613,0,Low Risk
CUST-00206,0.0037,0,Low Risk
CUST-00207,0.1547,0,Low Risk
CUST-00208,0.004,0,Low Risk
CUST-00209,0.9762,1,High Risk
CUST-00210,0.0256,0,Low Risk
CUST-00211,0.0235,0,Low Risk
CUST-00212,0.0012,0,Low Risk
CUST-00213,0.971,1,High Risk
CUST-00214,0.9843,1,High Risk
CUST-00215,0.0397,0,Low Risk
CUST-00216,0.9465,1,High Risk
CUST-00217,0.8483,1,High Risk
CUST-00218,0.968,1,High Risk
CUST-00219,0.0947,0,Low Risk
CUST-00220,0.1328,0,Low Risk
CUST-00221,0.0274,0,Low Risk
CUST-00222,0.0153,0,Low Risk
CUST-00223,0.0035,0,Low Risk
CUST-00224,0.0075,0,Low Risk
CUST-00225,0.9691,1,High Risk
CUST-00226,0.0029,0,Low Risk
CUST-00227,0.0084,0,Low Risk
CUST-00228,0.988,1,High Risk
CUST-00229,0.0002,0,Low Risk
CUST-00230,0.992,1,High Risk
CUST-00231,0.0498,0,Low Risk
CUST-00232,0.001,0,Low Risk
CUST-00233,0.0335,0,Low Risk
CUST-00234,0.0045,0,Low Risk
CUST-00235,0.3139,0,Low Risk
CUST-00236,0.7018,1,High Risk
CUST-00237,0.0064,0,Low Risk
CUST-00238,0.001,0,Low Risk
CUST-00239,0.2568,0,Low Risk
CUST-00240,0.3153,0,Low Risk
CUST-00241,0.1751,0,Low Risk
CUST-00242,0.035,0,Low Risk
CUST-00243,0.0003,0,Low Risk
CUST-00244,0.9689,1,High Risk
CUST-00245,0.0015,0,Low Risk
CUST-00246,0.0054,0,Low Risk
CUST-00247,0.49,1,Medium Risk
CUST-00248,0.03,0,Low Risk
CUST-00249,0.024,0,Low Risk
CUST-00250,0.0025,0,Low Risk
CUST-00251,0.0152,0,Low Risk
CUST-00252,0.0006,0,Low Risk
CUST-00253,0.0026,0,Low Risk
CUST-00254,0.9977,1,High Risk
CUST-00255,0.0,0,Low Risk
CUST-00256,0.0193,0,Low Risk
CUST-00257,0.1898,0,Low Risk
CUST-00258,0.0004,0,Low Risk
CUST-00259,0.0002,0,Low Risk
CUST-00260,0.9873,1,High Risk
CUST-00261,1e-04,0,Low Risk
CUST-00262,0.0186,0,Low Risk
CUST-00263,0.9978,1,High Risk
CUST-00264,0.0066,0,Low Risk
CUST-00265,0.8933,1,High Risk
CUST-00266,0.0142,0,Low Risk
CUST-00267,0.2988,0,Low Risk
CUST-00268,0.9423,1,High Risk
CUST-00269,0.9903,1,High Risk
CUST-00270,0.0002,0,Low Risk
CUST-00271,0.1722,0,Low Risk
CUST-00272,0.9933,1,High Risk
CUST-00273,0.1424,0,Low Risk
CUST-00274,0.0004,0,Low Risk
CUST-00275,0.0129,0,Low Risk
CUST-00276,0.0004,0,Low Risk
CUST-00277,0.3527,0,Low Risk
CUST-00278,0.0012,0,Low Risk
CUST-00279,0.098,0,Low Risk
CUST-00280,1e-04,0,Low Risk
CUST-00281,0.2962,0,Low Risk
CUST-00282,0.155,0,Low Risk
CUST-00283,0.9693,1,High Risk
CUST-00284,0.9539,1,High Risk
CUST-00285,0.001,0,Low Risk
CUST-00286,0.0013,0,Low Risk
CUST-00287,0.8565,1,High Risk
CUST-00288,0.0427,0,Low Risk
CUST-00289,0.0269,0,Low Risk
CUST-00290,0.0033,0,Low Risk
CUST-00291,0.3363,0,Low Risk
CUST-00292,0.1309,0,Low Risk
CUST-00293,0.6964,1,Medium Risk
CUST-00294,0.995,1,High Risk
CUST-00295,0.0029,0,Low Risk
CUST-00296,0.0062,0,Low Risk
CUST-00297,0.8885,1,High Risk
CUST-00298,0.0005,0,Low Risk
CUST-00299,0.9293,1,High Risk
CUST-00300,0.0009,0,Low Risk
CUST-00301,0.0025,0,Low Risk
CUST-00302,0.0004,0,Low Risk
CUST-00303,0.0063,0,Low Risk
CUST-00304,0.0021,0,Low Risk
CUST-00305,0.0005,0,Low Risk
CUST-00306,0.001,0,Low Risk
CUST-00307,0.227,0,Low Risk
CUST-00308,0.0319,0,Low Risk
CUST-00309,0.9632,1,High Risk
CUST-00310,0.0003,0,Low Risk
CUST-00311,0.1362,0,Low Risk
CUST-00312,0.9727,1,High Risk
CUST-00313,0.0021,0,Low Risk
CUST-00314,0.0036,0,Low Risk
CUST-00315,0.0002,0,Low Risk
CUST-00316,0.9621,1,High Risk
CUST-00317,0.0003,0,Low Risk
CUST-00318,0.9231,1,High Risk
CUST-00319,0.0005,0,Low Risk
CUST-00320,0.0126,0,Low Risk
CUST-00321,0.9162,1,High Risk
CUST-00322,0.9929,1,High Risk
CUST-00323,0.9844,1,High Risk
CUST-00324,0.9911,1,High Risk
CUST-00325,0.0002,0,Low Risk
CUST-00326,1e-04,0,Low Risk
CUST-00327,0.9981,1,High Risk
CUST-00328,0.8483,1,High Risk
CUST-00329,0.0018,0,Low Risk
CUST-00330,0.0472,0,Low Risk
CUST-00331,0.9756,1,High Risk
CUST-00332,0.9684,1,High Risk
CUST-00333,0.0018,0,Low Risk
CUST-00334,0.2952,0,Low Risk
CUST-00335,0.0014,0,Low Risk
CUST-00336,0.3913,0,Low Risk
CUST-00337,0.9905,1,High Risk
CUST-00338,0.0065,0,Low Risk
CUST-00339,0.0028,0,Low Risk
CUST-00340,0.0021,0,Low Risk
CUST-00341,0.9721,1,High Risk
CUST-00342,0.0044,0,Low Risk
CUST-00343,0.0239,0,Low Risk
CUST-00344,0.022,0,Low Risk
CUST-00345,0.0039,0,Low Risk
CUST-00346,0.0119,0,Low Risk
CUST-00347,0.7282,1,High Risk
CUST-00348,0.0154,0,Low Risk
CUST-00349,0.9677,1,High Risk
CUST-00350,0.0029,0,Low Risk
CUST-00351,0.1992,0,Low Risk
CUST-00352,0.0004,0,Low Risk
CUST-00353,0.4857,1,Medium Risk
CUST-00354,0.1026,0,Low Risk
CUST-00355,0.0202,0,Low Risk
CUST-00356,0.9779,1,High Risk
CUST-00357,0.8421,1,High Risk
CUST-00358,0.9568,1,High Risk
CUST-00359,0.9383,1,High Risk
CUST-00360,0.0107,0,Low Risk
CUST-00361,0.0037,0,Low Risk
CUST-00362,1e-04,0,Low Risk
CUST-00363,0.0006,0,Low Risk
CUST-00364,0.0056,0,Low Risk
CUST-00365,0.9335,1,High Risk
CUST-00366,0.0358,0,Low Risk
CUST-00367,0.0005,0,Low Risk
CUST-00368,0.0037,0,Low Risk
CUST-00369,1e-04,0,Low Risk
CUST-00370,0.3099,0,Low Risk
CUST-00371,0.0607,0,Low Risk
CUST-00372,0.0038,0,Low Risk
CUST-00373,0.0103,0,Low Risk
CUST-00374,0.9315,1,High Risk
CUST-00375,0.0017,0,Low Risk
CUST-00376,0.8486,1,High Risk
CUST-00377,0.993,1,High Risk
CUST-00378,0.9828,1,High Risk
CUST-00379,0.8441,1,High Risk
CUST-00380,0.0074,0,Low Risk
CUST-00381,0.0002,0,Low Risk
CUST-00382,0.0056,0,Low Risk
CUST-00383,0.9888,1,High Risk
CUST-00384,0.0353,0,Low Risk
CUST-00385,0.9894,1,High Risk
CUST-00386,0.0005,0,Low Risk
CUST-00387,0.9842,1,High Risk
CUST-00388,0.1717,0,Low Risk
CUST-00389,0.4843,1,Medium Risk
CUST-00390,0.0719,0,Low Risk
CUST-00391,0.9976,1,High Risk
CUST-00392,0.0811,0,Low Risk
CUST-00393,0.61,1,Medium Risk
CUST-00394,0.0015,0,Low Risk
CUST-00395,0.0305,0,Low Risk
CUST-00396,0.8391,1,High Risk
CUST-00397,0.001,0,Low Risk
CUST-00398,0.0027,0,Low Risk
CUST-00399,0.0005,0,Low Risk
CUST-00400,0.0468,0,Low Risk
CUST-00401,0.1443,0,Low Risk
CUST-00402,0.9265,1,High Risk
CUST-00403,0.0006,0,Low Risk
CUST-00404,0.0003,0,Low Risk
CUST-00405,0.0091,0,Low Risk
CUST-00406,0.9234,1,High Risk
CUST-00407,0.9745,1,High Risk
CUST-00408,0.5616,1,Medium Risk
CUST-00409,0.0007,0,Low Risk
CUST-00410,0.0148,0,Low Risk
CUST-00411,0.0003,0,Low Risk
CUST-00412,0.873,1,High Risk
CUST-00413,0.1859,0,Low Risk
CUST-00414,0.0109,0,Low Risk
CUST-00415,0.0012,0,Low Risk
CUST-00416,0.5706,1,Medium Risk
CUST-00417,0.0239,0,Low Risk
CUST-00418,0.0012,0,Low Risk
CUST-00419,0.9947,1,High Risk
CUST-00420,0.0252,0,Low Risk
CUST-00421,0.0,0,Low Risk
CUST-00422,0.1379,0,Low Risk
CUST-00423,0.8851,1,High Risk
CUST-00424,1e-04,0,Low Risk
CUST-00425,0.9181,1,High Risk
CUST-00426,0.246,0,Low Risk
CUST-00427,0.1289,0,Low Risk
CUST-00428,0.9624,1,High Risk
CUST-00429,0.0009,0,Low Risk
CUST-00430,0.0115,0,Low Risk
CUST-00431,0.1033,0,Low Risk
CUST-00432,0.0015,0,Low Risk
CUST-00433,0.9897,1,High Risk
CUST-00434,0.0009,0,Low Risk
CUST-00435,0.0532,0,Low Risk
CUST-00436,0.2557,0,Low Risk
CUST-00437,0.9408,1,High Risk
CUST-00438,0.0002,0,Low Risk
CUST-00439,0.0328,0,Low Risk
CUST-00440,0.9826,1,High Risk
CUST-00441,0.0019,0,Low Risk
CUST-00442,0.0023,0,Low Risk
CUST-00443,0.1135,0,Low Risk
CUST-00444,0.0005,0,Low Risk
CUST-00445,0.009,0,Low Risk
CUST-00446,0.9877,1,High Risk
CUST-00447,0.0004,0,Low Risk
CUST-00448,0.9809,1,High Risk
CUST-00449,0.0413,0,Low Risk
CUST-00450,0.0002,0,Low Risk
CUST-00451,0.3373,0,Low Risk
CUST-00452,0.0971,0,Low Risk
CUST-00453,0.0003,0,Low Risk
CUST-00454,0.0271,0,Low Risk
CUST-00455,0.539,1,Medium Risk
CUST-00456,0.9777,1,High Risk
CUST-00457,0.014,0,Low Risk
CUST-00458,0.9948,1,High Risk
CUST-00459,0.0011,0,Low Risk
CUST-00460,0.0036,0,Low Risk
CUST-00461,0.0016,0,Low Risk
CUST-00462,1e-04,0,Low Risk
CUST-00463,0.0015,0,Low Risk
CUST-00464,0.3574,0,Low Risk
CUST-00465,0.0192,0,Low Risk
CUST-00466,0.0029,0,Low Risk
CUST-00467,0.0003,0,Low Risk
CUST-00468,0.3953,0,Low Risk
CUST-00469,0.297,0,Low Risk
CUST-00470,0.2391,0,Low Risk
CUST-00471,1e-04,0,Low Risk
CUST-00472,0.9555,1,High Risk
CUST-00473,0.986,1,High Risk
CUST-00474,0.0004,0,Low Risk
CUST-00475,0.0151,0,Low Risk
CUST-00476,0.0056,0,Low Risk
CUST-00477,0.0008,0,Low Risk
CUST-00478,0.0005,0,Low Risk
CUST-00479,1e-04,0,Low Risk
CUST-00480,0.9942,1,High Risk
CUST-00481,0.9422,1,High Risk
CUST-00482,0.9743,1,High Risk
CUST-00483,0.9907,1,High Risk
CUST-00484,0.8549,1,High Risk
CUST-00485,0.17,0,Low Risk
CUST-00486,0.0069,0,Low Risk
CUST-00487,0.0002,0,Low Risk
CUST-00488,0.0016,0,Low Risk
CUST-00489,0.0857,0,Low Risk
CUST-00490,0.0526,0,Low Risk
CUST-00491,1e-04,0,Low Risk
CUST-00492,0.0048,0,Low Risk
CUST-00493,0.1336,0,Low Risk
CUST-00494,0.3986,0,Low Risk
CUST-00495,0.3642,0,Low Risk
CUST-00496,1e-04,0,Low Risk
CUST-00497,0.884,1,High Risk
CUST-00498,0.9378,1,High Risk
CUST-00499,0.0,0,Low Risk
CUST-00500,0.0003,0,Low Risk
CUST-00501,0.9821,1,High Risk
CUST-00502,0.001,0,Low Risk
CUST-00503,0.9223,1,High Risk
CUST-00504,0.0021,0,Low Risk
CUST-00505,0.0005,0,Low Risk
CUST-00506,0.6217,1,Medium Risk
CUST-00507,0.0181,0,Low Risk
CUST-00508,0.0064,0,Low Risk
CUST-00509,0.1078,0,Low Risk
CUST-00510,0.2341,0,Low Risk
CUST-00511,0.0003,0,Low Risk
CUST-00512,0.9241,1,High Risk
CUST-00513,0.0024,0,Low Risk
CUST-00514,0.1255,0,Low Risk
CUST-00515,0.0015,0,Low Risk
CUST-00516,0.0006,0,Low Risk
CUST-00517,0.0282,0,Low Risk
CUST-00518,0.4276,1,Medium Risk
CUST-00519,1e-04,0,Low Risk
CUST-00520,0.0006,0,Low Risk
CUST-00521,0.0221,0,Low Risk
CUST-00522,1e-04,0,Low Risk
CUST-00523,0.9544,1,High Risk
CUST-00524,0.042,0,Low Risk
CUST-00525,0.1694,0,Low Risk
CUST-00526,0.1123,0,Low Risk
CUST-00527,0.0011,0,Low Risk
CUST-00528,0.9389,1,High Risk
CUST-00529,0.0209,0,Low Risk
CUST-00530,0.9354,1,High Risk
CUST-00531,0.966,1,High Risk
CUST-00532,0.9956,1,High Risk
CUST-00533,0.0035,0,Low Risk
CUST-00534,0.9589,1,High Risk
CUST-00535,0.0014,0,Low Risk
CUST-00536,0.9698,1,High Risk
CUST-00537,0.1497,0,Low Risk
CUST-00538,0.0013,0,Low Risk
CUST-00539,0.0275,0,Low Risk
CUST-00540,0.0062,0,Low Risk
CUST-00541,0.0002,0,Low Risk
CUST-00542,0.9929,1,High Risk
CUST-00543,0.0031,0,Low Risk
CUST-00544,0.1273,0,Low Risk
CUST-00545,0.0,0,Low Risk
CUST-00546,0.5789,1,Medium Risk
CUST-00547,0.0059,0,Low Risk
CUST-00548,0.0008,0,Low Risk
CUST-00549,0.9359,1,High Risk
CUST-00550,0.9926,1,High Risk
CUST-00551,0.0002,0,Low Risk
CUST-00552,0.0023,0,Low Risk
CUST-00553,0.0217,0,Low Risk
CUST-00554,0.0014,0,Low Risk
CUST-00555,0.0008,0,Low Risk
CUST-00556,0.963,1,High Risk
CUST-00557,0.0,0,Low Risk
CUST-00558,0.0008,0,Low Risk
CUST-00559,0.0003,0,Low Risk
CUST-00560,0.8232,1,High Risk
CUST-00561,0.102,0,Low Risk
CUST-00562,0.003,0,Low Risk
CUST-00563,0.008,0,Low Risk
CUST-00564,0.8952,1,High Risk
CUST-00565,0.4883,1,Medium Risk
CUST-00566,1e-04,0,Low Risk
CUST-00567,1e-04,0,Low Risk
CUST-00568,0.0003,0,Low Risk
CUST-00569,0.1157,0,Low Risk
CUST-00570,0.0164,0,Low Risk
CUST-00571,0.6104,1,Medium Risk
CUST-00572,0.0026,0,Low Risk
CUST-00573,0.1722,0,Low Risk
CUST-00574,0.9363,1,High Risk
CUST-00575,0.0006,0,Low Risk
CUST-00576,0.0004,0,Low Risk
CUST-00577,0.9906,1,High Risk
CUST-00578,0.025,0,Low Risk
CUST-00579,0.0058,0,Low Risk
CUST-00580,0.0346,0,Low Risk
CUST-00581,0.002,0,Low Risk
CUST-00582,0.9567,1,High Risk
CUST-00583,0.8077,1,High Risk
CUST-00584,0.0004,0,Low Risk
CUST-00585,0.9905,1,High Risk
CUST-00586,0.0024,0,Low Risk
CUST-00587,0.0003,0,Low Risk
CUST-00588,0.5561,1,Medium Risk
CUST-00589,1e-04,0,Low Risk
CUST-00590,0.0008,0,Low Risk
CUST-00591,0.0015,0,Low Risk
CUST-00592,0.974,1,High Risk
CUST-00593,0.9114,1,High Risk
CUST-00594,0.0002,0,Low Risk
CUST-00595,0.0006,0,Low Risk
CUST-00596,0.9533,1,High Risk
CUST-00597,0.0053,0,Low Risk
CUST-00598,0.0089,0,Low Risk
CUST-00599,0.0016,0,Low Risk
CUST-00600,0.0017,0,Low Risk
CUST-00601,0.0002,0,Low Risk
CUST-00602,0.9192,1,High Risk
CUST-00603,0.6137,1,Medium Risk
CUST-00604,0.0764,0,Low Risk
CUST-00605,0.0619,0,Low Risk
CUST-00606,0.0144,0,Low Risk
CUST-00607,0.9682,1,High Risk
CUST-00608,0.0271,0,Low Risk
CUST-00609,0.9941,1,High Risk
CUST-00610,0.0006,0,Low Risk
CUST-00611,0.9783,1,High Risk
CUST-00612,0.9335,1,High Risk
CUST-00613,0.0229,0,Low Risk
CUST-00614,0.0002,0,Low Risk
CUST-00615,0.0003,0,Low Risk
CUST-00616,0.9915,1,High Risk
CUST-00617,0.9871,1,High Risk
CUST-00618,0.0229,0,Low Risk
CUST-00619,0.0005,0,Low Risk
CUST-00620,0.0002,0,Low Risk
CUST-00621,0.6914,1,Medium Risk
CUST-00622,0.015,0,Low Risk
CUST-00623,0.0095,0,Low Risk
CUST-00624,0.9829,1,High Risk
CUST-00625,0.9886,1,High Risk
CUST-00626,0.1219,0,Low Risk
CUST-00627,0.0014,0,Low Risk
CUST-00628,0.108,0,Low Risk
CUST-00629,0.9952,1,High Risk
CUST-00630,0.9958,1,High Risk
CUST-00631,0.0003,0,Low Risk
CUST-00632,1e-04,0,Low Risk
CUST-00633,0.0873,0,Low Risk
CUST-00634,0.0004,0,Low Risk
CUST-00635,0.1207,0,Low Risk
CUST-00636,1e-04,0,Low Risk
CUST-00637,0.7349,1,High Risk
CUST-00638,0.0146,0,Low Risk
CUST-00639,0.0023,0,Low Risk
CUST-00640,0.0218,0,Low Risk
CUST-00641,1e-04,0,Low Risk
CUST-00642,0.0034,0,Low Risk
CUST-00643,0.8052,1,High Risk
CUST-00644,0.0023,0,Low Risk
CUST-00645,0.0003,0,Low Risk
CUST-00646,0.2193,0,Low Risk
CUST-00647,0.026,0,Low Risk
CUST-00648,0.1627,0,Low Risk
CUST-00649,0.0023,0,Low Risk
CUST-00650,0.0053,0,Low Risk
CUST-00651,0.0064,0,Low Risk
CUST-00652,0.0,0,Low Risk
CUST-00653,1e-04,0,Low Risk
CUST-00654,0.0108,0,Low Risk
CUST-00655,0.0037,0,Low Risk
CUST-00656,0.0931,0,Low Risk
CUST-00657,0.0002,0,Low Risk
CUST-00658,0.9608,1,High Risk
CUST-00659,0.201,0,Low Risk
CUST-00660,0.0096,0,Low Risk
CUST-00661,0.1657,0,Low Risk
CUST-00662,0.8321,1,High Risk
CUST-00663,0.0019,0,Low Risk
CUST-00664,0.0142,0,Low Risk
CUST-00665,0.01,0,Low Risk
CUST-00666,0.2428,0,Low Risk
CUST-00667,0.0005,0,Low Risk
CUST-00668,0.1472,0,Low Risk
CUST-00669,0.005,0,Low Risk
CUST-00670,0.2726,0,Low Risk
CUST-00671,0.1346,0,Low Risk
CUST-00672,0.0111,0,Low Risk
CUST-00673,0.9963,1,High Risk
CUST-00674,0.0003,0,Low Risk
CUST-00675,0.1482,0,Low Risk
CUST-00676,0.0016,0,Low Risk
CUST-00677,0.0125,0,Low Risk
CUST-00678,0.0008,0,Low Risk
CUST-00679,0.0004,0,Low Risk
CUST-00680,0.5876,1,Medium Risk
CUST-00681,0.0209,0,Low Risk
CUST-00682,0.6968,1,Medium Risk
CUST-00683,0.9279,1,High Risk
CUST-00684,0.0002,0,Low Risk
CUST-00685,0.0003,0,Low Risk
CUST-00686,0.9807,1,High Risk
CUST-00687,0.0006,0,Low Risk
CUST-00688,0.3,0,Low Risk
CUST-00689,0.9957,1,High Risk
CUST-00690,0.0026,0,Low Risk
CUST-00691,0.0053,0,Low Risk
CUST-00692,0.0006,0,Low Risk
CUST-00693,0.3368,0,Low Risk
CUST-00694,0.0441,0,Low Risk
CUST-00695,0.08,0,Low Risk
CUST-00696,0.999,1,High Risk
CUST-00697,0.0106,0,Low Risk
CUST-00698,0.9958,1,High Risk
CUST-00699,0.9652,1,High Risk
CUST-00700,0.9966,1,High Risk
CUST-00701,0.0026,0,Low Risk
CUST-00702,0.0066,0,Low Risk
CUST-00703,0.0025,0,Low Risk
CUST-00704,0.0009,0,Low Risk
CUST-00705,0.2076,0,Low Risk
CUST-00706,0.2949,0,Low Risk
CUST-00707,0.291,0,Low Risk
CUST-00708,0.8507,1,High Risk
CUST-00709,0.0007,0,Low Risk
CUST-00710,1e-04,0,Low Risk
CUST-00711,0.1277,0,Low Risk
CUST-00712,0.0655,0,Low Risk
CUST-00713,0.0061,0,Low Risk
CUST-00714,0.9826,1,High Risk
CUST-00715,0.0007,0,Low Risk
CUST-00716,0.9002,1,High Risk
CUST-00717,0.0011,0,Low Risk
CUST-00718,0.995,1,High Risk
CUST-00719,0.3667,0,Low Risk
CUST-00720,0.0003,0,Low Risk
CUST-00721,0.1695,0,Low Risk
CUST-00722,0.7972,1,High Risk
CUST-00723,0.9362,1,High Risk
CUST-00724,0.8849,1,High Risk
CUST-00725,0.6265,1,Medium Risk
CUST-00726,0.9242,1,High Risk
CUST-00727,0.0697,0,Low Risk
CUST-00728,0.095,0,Low Risk
CUST-00729,0.9744,1,High Risk
CUST-00730,0.0004,0,Low Risk
CUST-00731,0.6695,1,Medium Risk
CUST-00732,0.0059,0,Low Risk
CUST-00733,0.4672,1,Medium Risk
CUST-00734,0.0045,0,Low Risk
CUST-00735,0.0367,0,Low Risk
CUST-00736,0.0118,0,Low Risk
CUST-00737,0.0339,0,Low Risk
CUST-00738,0.0051,0,Low Risk
CUST-00739,0.0019,0,Low Risk
CUST-00740,0.9272,1,High Risk
CUST-00741,0.854,1,High Risk
CUST-00742,0.1867,0,Low Risk
CUST-00743,0.0007,0,Low Risk
CUST-00744,0.0011,0,Low Risk
CUST-00745,0.9748,1,High Risk
CUST-00746,0.9732,1,High Risk
CUST-00747,0.7427,1,High Risk
CUST-00748,0.0033,0,Low Risk
CUST-00749,0.7799,1,High Risk
CUST-00750,0.0032,0,Low Risk
CUST-00751,0.0014,0,Low Risk
CUST-00752,0.7341,1,High Risk
CUST-00753,0.9084,1,High Risk
CUST-00754,0.0034,0,Low Risk
CUST-00755,0.0002,0,Low Risk
CUST-00756,0.0303,0,Low Risk
CUST-00757,0.0027,0,Low Risk
CUST-00758,0.0009,0,Low Risk
CUST-00759,0.0203,0,Low Risk
CUST-00760,0.0029,0,Low Risk
CUST-00761,0.9034,1,High Risk
CUST-00762,0.9873,1,High Risk
CUST-00763,0.0686,0,Low Risk
CUST-00764,0.9218,1,High Risk
CUST-00765,0.992,1,High Risk
CUST-00766,0.3368,0,Low Risk
CUST-00767,0.1034,0,Low Risk
CUST-00768,0.0044,0,Low Risk
CUST-00769,0.9693,1,High Risk
CUST-00770,0.1655,0,Low Risk
CUST-00771,0.0283,0,Low Risk
CUST-00772,0.0018,0,Low Risk
CUST-00773,0.0285,0,Low Risk
CUST-00774,0.0006,0,Low Risk
CUST-00775,0.0031,0,Low Risk
CUST-00776,0.1675,0,Low Risk
CUST-00777,0.1099,0,Low Risk
CUST-00778,0.0027,0,Low Risk
CUST-00779,0.9526,1,High Risk
CUST-00780,0.0339,0,Low Risk
CUST-00781,0.988,1,High Risk
CUST-00782,0.931,1,High Risk
CUST-00783,0.0122,0,Low Risk
CUST-00784,0.0008,0,Low Risk
CUST-00785,0.0596,0,Low Risk
CUST-00786,0.0005,0,Low Risk
CUST-00787,0.9681,1,High Risk
CUST-00788,1e-04,0,Low Risk
CUST-00789,0.0008,0,Low Risk
CUST-00790,0.0023,0,Low Risk
CUST-00791,1e-04,0,Low Risk
CUST-00792,0.2656,0,Low Risk
CUST-00793,0.9894,1,High Risk
CUST-00794,1e-04,0,Low Risk
CUST-00795,0.96,1,High Risk
CUST-00796,0.9911,1,High Risk
CUST-00797,0.0818,0,Low Risk
CUST-00798,0.0075,0,Low Risk
CUST-00799,0.1347,0,Low Risk
CUST-00800,0.322,0,Low Risk
CUST-00801,0.0003,0,Low Risk
CUST-00802,0.0008,0,Low Risk
CUST-00803,0.0006,0,Low Risk
CUST-00804,0.1709,0,Low Risk
CUST-00805,0.0057,0,Low Risk
CUST-00806,0.1994,0,Low Risk
CUST-00807,0.0086,0,Low Risk
CUST-00808,0.1011,0,Low Risk
CUST-00809,0.104,0,Low Risk
CUST-00810,0.0004,0,Low Risk
CUST-00811,0.0161,0,Low Risk
CUST-00812,0.2963,0,Low Risk
CUST-00813,0.1346,0,Low Risk
CUST-00814,0.011,0,Low Risk
CUST-00815,0.0257,0,Low Risk
CUST-00816,0.9698,1,High Risk
CUST-00817,0.0086,0,Low Risk
CUST-00818,0.0003,0,Low Risk
CUST-00819,0.0008,0,Low Risk
CUST-00820,0.0027,0,Low Risk
CUST-00821,0.9302,1,High Risk
CUST-00822,0.1588,0,Low Risk
CUST-00823,0.8959,1,High Risk
CUST-00824,0.0019,0,Low Risk
CUST-00825,0.0055,0,Low Risk
CUST-00826,0.9803,1,High Risk
CUST-00827,0.9935,1,High Risk
CUST-00828,0.0149,0,Low Risk
CUST-00829,0.5005,1,Medium Risk
CUST-00830,0.0005,0,Low Risk
CUST-00831,0.0003,0,Low Risk
CUST-00832,0.8443,1,High Risk
CUST-00833,0.0017,0,Low Risk
CUST-00834,0.7928,1,High Risk
CUST-00835,0.9881,1,High Risk
CUST-00836,0.0026,0,Low Risk
CUST-00837,0.0106,0,Low Risk
CUST-00838,0.0006,0,Low Risk
CUST-00839,0.002,0,Low Risk
CUST-00840,0.3999,0,Low Risk
CUST-00841,0.0829,0,Low Risk
CUST-00842,0.7972,1,High Risk
CUST-00843,0.0002,0,Low Risk
CUST-00844,0.9499,1,High Risk
CUST-00845,0.0029,0,Low Risk
CUST-00846,0.0,0,Low Risk
CUST-00847,0.0014,0,Low Risk
CUST-00848,0.0313,0,Low Risk
CUST-00849,0.0043,0,Low Risk
CUST-00850,0.0597,0,Low Risk
CUST-00851,0.9778,1,High Risk
CUST-00852,0.9358,1,High Risk
CUST-00853,0.8834,1,High Risk
CUST-00854,0.0128,0,Low Risk
CUST-00855,0.8628,1,High Risk
CUST-00856,0.08,0,Low Risk
CUST-00857,0.9743,1,High Risk
CUST-00858,0.002,0,Low Risk
CUST-00859,0.1316,0,Low Risk
CUST-00860,0.968,1,High Risk
CUST-00861,0.9939,1,High Risk
CUST-00862,0.0347,0,Low Risk
CUST-00863,0.0002,0,Low Risk
CUST-00864,0.0024,0,Low Risk
CUST-00865,0.2231,0,Low Risk
CUST-00866,0.0003,0,Low Risk
CUST-00867,1e-04,0,Low Risk
CUST-00868,0.0035,0,Low Risk
CUST-00869,0.0002,0,Low Risk
CUST-00870,0.8451,1,High Risk
CUST-00871,0.0009,0,Low Risk
CUST-00872,0.0386,0,Low Risk
CUST-00873,1e-04,0,Low Risk
CUST-00874,0.006,0,Low Risk
CUST-00875,0.0046,0,Low Risk
CUST-00876,0.0014,0,Low Risk
CUST-00877,0.0006,0,Low Risk
CUST-00878,0.9871,1,High Risk
CUST-00879,0.963,1,High Risk
CUST-00880,0.0048,0,Low Risk
CUST-00881,0.234,0,Low Risk
CUST-00882,0.7406,1,High Risk
CUST-00883,0.9889,1,High Risk
CUST-00884,0.0077,0,Low Risk
CUST-00885,0.001,0,Low Risk
CUST-00886,0.9427,1,High Risk
CUST-00887,0.0221,0,Low Risk
CUST-00888,0.0058,0,Low Risk
CUST-00889,0.837,1,High Risk
CUST-00890,0.0295,0,Low Risk
CUST-00891,0.0104,0,Low Risk
CUST-00892,0.0109,0,Low Risk
CUST-00893,0.0005,0,Low Risk
CUST-00894,0.9473,1,High Risk
CUST-00895,0.2004,0,Low Risk
CUST-00896,0.0041,0,Low Risk
CUST-00897,0.0003,0,Low Risk
CUST-00898,0.0006,0,Low Risk
CUST-00899,0.3888,0,Low Risk
CUST-00900,0.0009,0,Low Risk
CUST-00901,0.5,1,Medium Risk
CUST-00902,0.9466,1,High Risk
CUST-00903,0.9969,1,High Risk
CUST-00904,0.0166,0,Low Risk
CUST-00905,0.1273,0,Low Risk
CUST-00906,0.0,0,Low Risk
CUST-00907,0.9905,1,High Risk
CUST-00908,0.3668,0,Low Risk
CUST-00909,0.0021,0,Low Risk
CUST-00910,0.0077,0,Low Risk
CUST-00911,0.0376,0,Low Risk
CUST-00912,1e-04,0,Low Risk
CUST-00913,0.0189,0,Low Risk
CUST-00914,0.0012,0,Low Risk
CUST-00915,0.4892,1,Medium Risk
CUST-00916,0.0012,0,Low Risk
CUST-00917,0.9693,1,High Risk
CUST-00918,0.0106,0,Low Risk
CUST-00919,0.9602,1,High Risk
CUST-00920,0.0571,0,Low Risk
CUST-00921,0.0014,0,Low Risk
CUST-00922,0.0495,0,Low Risk
CUST-00923,0.0661,0,Low Risk
CUST-00924,1e-04,0,Low Risk
CUST-00925,0.0013,0,Low Risk
CUST-00926,0.984,1,High Risk
CUST-00927,0.0093,0,Low Risk
CUST-00928,0.0113,0,Low Risk
CUST-00929,0.0038,0,Low Risk
CUST-00930,0.2717,0,Low Risk
CUST-00931,0.1257,0,Low Risk
CUST-00932,0.3439,0,Low Risk
CUST-00933,0.0119,0,Low Risk
CUST-00934,0.0359,0,Low Risk
CUST-00935,0.1339,0,Low Risk
CUST-00936,0.9909,1,High Risk
CUST-00937,0.5939,1,Medium Risk
CUST-00938,0.0029,0,Low Risk
CUST-00939,0.0021,0,Low Risk
CUST-00940,0.9975,1,High Risk
CUST-00941,0.9796,1,High Risk
CUST-00942,0.0002,0,Low Risk
CUST-00943,0.0077,0,Low Risk
CUST-00944,0.0064,0,Low Risk
CUST-00945,0.0021,0,Low Risk
CUST-00946,0.0007,0,Low Risk
CUST-00947,0.0047,0,Low Risk
CUST-00948,0.0266,0,Low Risk
CUST-00949,0.0105,0,Low Risk
CUST-00950,0.2232,0,Low Risk
CUST-00951,0.0554,0,Low Risk
CUST-00952,0.84,1,High Risk
CUST-00953,0.0554,0,Low Risk
CUST-00954,0.0002,0,Low Risk
CUST-00955,0.0203,0,Low Risk
CUST-00956,0.0105,0,Low Risk
CUST-00957,0.9833,1,High Risk
CUST-00958,0.0667,0,Low Risk
CUST-00959,0.007,0,Low Risk
CUST-00960,0.009,0,Low Risk
CUST-00961,0.0025,0,Low Risk
CUST-00962,0.1334,0,Low Risk
CUST-00963,0.9458,1,High Risk
CUST-00964,0.9833,1,High Risk
CUST-00965,0.182,0,Low Risk
CUST-00966,0.448,1,Medium Risk
CUST-00967,0.0185,0,Low Risk
CUST-00968,0.0002,0,Low Risk
CUST-00969,0.2835,0,Low Risk
CUST-00970,0.9959,1,High Risk
CUST-00971,0.0009,0,Low Risk
CUST-00972,0.0007,0,Low Risk
CUST-00973,0.0002,0,Low Risk
CUST-00974,0.7971,1,High Risk
CUST-00975,0.0008,0,Low Risk
CUST-00976,0.0024,0,Low Risk
CUST-00977,0.0004,0,Low Risk
CUST-00978,0.3959,0,Low Risk
CUST-00979,0.9767,1,High Risk
CUST-00980,0.0002,0,Low Risk
CUST-00981,0.0002,0,Low Risk
CUST-00982,0.8298,1,High Risk
CUST-00983,0.1616,0,Low Risk
CUST-00984,0.8575,1,High Risk
CUST-00985,0.0007,0,Low Risk
CUST-00986,0.0627,0,Low Risk
CUST-00987,0.0025,0,Low Risk
CUST-00988,0.0035,0,Low Risk
CUST-00989,0.0094,0,Low Risk
CUST-00990,0.0012,0,Low Risk
CUST-00991,0.974,1,High Risk
CUST-00992,0.7366,1,High Risk
CUST-00993,0.0036,0,Low Risk
CUST-00994,0.9376,1,High Risk
CUST-00995,0.0086,0,Low Risk
CUST-00996,0.1004,0,Low Risk
CUST-00997,0.0507,0,Low Risk
CUST-00998,0.0028,0,Low Risk
CUST-00999,0.9695,1,High Risk
CUST-01000,0.0434,0,Low Risk
CUST-01001,0.1458,0,Low Risk
CUST-01002,1e-04,0,Low Risk
CUST-01003,0.998,1,High Risk
CUST-01004,0.95,1,High Risk
CUST-01005,0.0798,0,Low Risk
CUST-01006,0.09,0,Low Risk
CUST-01007,0.0018,0,Low Risk
CUST-01008,0.0051,0,Low Risk
CUST-01009,0.9906,1,High Risk
CUST-01010,0.9199,1,High Risk
CUST-01011,0.0524,0,Low Risk
CUST-01012,0.0117,0,Low Risk
CUST-01013,1e-04,0,Low Risk
CUST-01014,0.0023,0,Low Risk
CUST-01015,0.0012,0,Low Risk
CUST-01016,0.9609,1,High Risk
CUST-01017,0.9889,1,High Risk
CUST-01018,0.0063,0,Low Risk
CUST-01019,0.0024,0,Low Risk
CUST-01020,0.0129,0,Low Risk
CUST-01021,0.0034,0,Low Risk
CUST-01022,0.0007,0,Low Risk
CUST-01023,0.0003,0,Low Risk
CUST-01024,0.2691,0,Low Risk
CUST-01025,0.0005,0,Low Risk
CUST-01026,0.0096,0,Low Risk
CUST-01027,0.8574,1,High Risk
CUST-01028,1e-04,0,Low Risk
CUST-01029,0.0527,0,Low Risk
CUST-01030,0.0858,0,Low Risk
CUST-01031,0.2789,0,Low Risk
CUST-01032,0.5728,1,Medium Risk
CUST-01033,0.0342,0,Low Risk
CUST-01034,1e-04,0,Low Risk
CUST-01035,0.9729,1,High Risk
CUST-01036,0.9654,1,High Risk
CUST-01037,0.3918,0,Low Risk
CUST-01038,1e-04,0,Low Risk
CUST-01039,0.0351,0,Low Risk
CUST-01040,0.0005,0,Low Risk
CUST-01041,0.0131,0,Low Risk
CUST-01042,0.0013,0,Low Risk
CUST-01043,0.0192,0,Low Risk
CUST-01044,0.0721,0,Low Risk
CUST-01045,1e-04,0,Low Risk
CUST-01046,0.0341,0,Low Risk
CUST-01047,0.8673,1,High Risk
CUST-01048,0.857,1,High Risk
CUST-01049,0.9911,1,High Risk
CUST-01050,0.975,1,High Risk
CUST-01051,0.9528,1,High Risk
CUST-01052,0.0307,0,Low Risk
CUST-01053,0.0081,0,Low Risk
CUST-01054,0.0006,0,Low Risk
CUST-01055,0.4841,1,Medium Risk
CUST-01056,0.1585,0,Low Risk
CUST-01057,0.9341,1,High Risk
CUST-01058,0.0106,0,Low Risk
CUST-01059,0.9934,1,High Risk
CUST-01060,0.9159,1,High Risk
CUST-01061,0.0002,0,Low Risk
CUST-01062,0.4756,1,Medium Risk
CUST-01063,0.0081,0,Low Risk
CUST-01064,0.8717,1,High Risk
CUST-01065,0.0368,0,Low Risk
CUST-01066,0.2093,0,Low Risk
CUST-01067,0.0253,0,Low Risk
CUST-01068,0.104,0,Low Risk
CUST-01069,0.0024,0,Low Risk
CUST-01070,0.2289,0,Low Risk
CUST-01071,0.8126,1,High Risk
CUST-01072,0.001,0,Low Risk
CUST-01073,0.0005,0,Low Risk
CUST-01074,0.0784,0,Low Risk
CUST-01075,0.0003,0,Low Risk
CUST-01076,0.3027,0,Low Risk
CUST-01077,0.0682,0,Low Risk
CUST-01078,0.9942,1,High Risk
CUST-01079,0.0002,0,Low Risk
CUST-01080,0.0452,0,Low Risk
CUST-01081,0.0093,0,Low Risk
CUST-01082,0.0018,0,Low Risk
CUST-01083,0.0056,0,Low Risk
CUST-01084,0.0015,0,Low Risk
CUST-01085,0.9859,1,High Risk
CUST-01086,0.2773,0,Low Risk
CUST-01087,0.0041,0,Low Risk
CUST-01088,0.9865,1,High Risk
CUST-01089,0.976,1,High Risk
CUST-01090,0.0015,0,Low Risk
CUST-01091,0.7451,1,High Risk
CUST-01092,0.0708,0,Low Risk
CUST-01093,0.8799,1,High Risk
CUST-01094,0.8315,1,High Risk
CUST-01095,0.0061,0,Low Risk
CUST-01096,1e-04,0,Low Risk
CUST-01097,0.0005,0,Low Risk
CUST-01098,0.8538,1,High Risk
CUST-01099,0.9378,1,High Risk
CUST-01100,0.0012,0,Low Risk
CUST-01101,0.9083,1,High Risk
CUST-01102,0.4578,1,Medium Risk
CUST-01103,0.0002,0,Low Risk
CUST-01104,0.0012,0,Low Risk
CUST-01105,0.0109,0,Low Risk
CUST-01106,0.0784,0,Low Risk
CUST-01107,0.0008,0,Low Risk
CUST-01108,0.0149,0,Low Risk
CUST-01109,0.4505,1,Medium Risk
CUST-01110,0.7139,1,High Risk
CUST-01111,1e-04,0,Low Risk
CUST-01112,0.0005,0,Low Risk
CUST-01113,0.9953,1,High Risk
CUST-01114,0.0002,0,Low Risk
CUST-01115,0.9895,1,High Risk
CUST-01116,1e-04,0,Low Risk
CUST-01117,0.101,0,Low Risk
CUST-01118,0.1029,0,Low Risk
CUST-01119,0.9899,1,High Risk
CUST-01120,0.0326,0,Low Risk
CUST-01121,0.0818,0,Low Risk
CUST-01122,0.0327,0,Low Risk
CUST-01123,0.21,0,Low Risk
CUST-01124,0.0002,0,Low Risk
CUST-01125,0.9799,1,High Risk
CUST-01126,0.3236,0,Low Risk
CUST-01127,0.0002,0,Low Risk
CUST-01128,0.004,0,Low Risk
CUST-01129,0.0038,0,Low Risk
CUST-01130,0.0345,0,Low Risk
CUST-01131,0.0004,0,Low Risk
CUST-01132,0.0018,0,Low Risk
CUST-01133,0.001,0,Low Risk
CUST-01134,0.8367,1,High Risk
CUST-01135,0.1227,0,Low Risk
CUST-01136,0.0009,0,Low Risk
CUST-01137,0.0018,0,Low Risk
CUST-01138,0.0009,0,Low Risk
CUST-01139,0.0044,0,Low Risk
CUST-01140,0.1262,0,Low Risk
CUST-01141,0.0038,0,Low Risk
CUST-01142,0.9924,1,High Risk
CUST-01143,0.0019,0,Low Risk
CUST-01144,0.2195,0,Low Risk
CUST-01145,1e-04,0,Low Risk
CUST-01146,0.0004,0,Low Risk
CUST-01147,1e-04,0,Low Risk
CUST-01148,1e-04,0,Low Risk
CUST-01149,0.0009,0,Low Risk
CUST-01150,0.9287,1,High Risk
CUST-01151,0.9295,1,High Risk
CUST-01152,0.0003,0,Low Risk
CUST-01153,0.8485,1,High Risk
CUST-01154,0.9861,1,High Risk
CUST-01155,0.2166,0,Low Risk
CUST-01156,0.0574,0,Low Risk
CUST-01157,0.0221,0,Low Risk
CUST-01158,0.0142,0,Low Risk
CUST-01159,0.5794,1,Medium Risk
CUST-01160,0.0002,0,Low Risk
CUST-01161,0.9863,1,High Risk
CUST-01162,0.988,1,High Risk
CUST-01163,0.9871,1,High Risk
CUST-01164,0.4209,1,Medium Risk
CUST-01165,0.0089,0,Low Risk
CUST-01166,0.1196,0,Low Risk
CUST-01167,0.491,1,Medium Risk
CUST-01168,0.0016,0,Low Risk
CUST-01169,0.0012,0,Low Risk
CUST-01170,0.0005,0,Low Risk
CUST-01171,0.0023,0,Low Risk
CUST-01172,1e-04,0,Low Risk
CUST-01173,0.2869,0,Low Risk
CUST-01174,0.0242,0,Low Risk
CUST-01175,0.0034,0,Low Risk
CUST-01176,0.0031,0,Low Risk
CUST-01177,0.9384,1,High Risk
CUST-01178,0.0185,0,Low Risk
CUST-01179,0.0983,0,Low Risk
CUST-01180,0.9554,1,High Risk
CUST-01181,0.9961,1,High Risk
CUST-01182,0.0013,0,Low Risk
CUST-01183,0.1276,0,Low Risk
CUST-01184,0.0023,0,Low Risk
CUST-01185,0.0014,0,Low Risk
CUST-01186,0.9714,1,High Risk
CUST-01187,0.0089,0,Low Risk
CUST-01188,0.0189,0,Low Risk
CUST-01189,0.0125,0,Low Risk
CUST-01190,0.0961,0,Low Risk
CUST-01191,1e-04,0,Low Risk
CUST-01192,0.0504,0,Low Risk
CUST-01193,0.0009,0,Low Risk
CUST-01194,0.3233,0,Low Risk
CUST-01195,0.0007,0,Low Risk
CUST-01196,0.9576,1,High Risk
CUST-01197,0.0018,0,Low Risk
CUST-01198,0.1789,0,Low Risk
CUST-01199,0.1992,0,Low Risk
CUST-01200,0.8567,1,High Risk
CUST-01201,0.9651,1,High Risk
CUST-01202,0.6193,1,Medium Risk
CUST-01203,0.0072,0,Low Risk
CUST-01204,0.4057,1,Medium Risk
CUST-01205,0.9958,1,High Risk
CUST-01206,0.1931,0,Low Risk
CUST-01207,0.0322,0,Low Risk
CUST-01208,0.8188,1,High Risk
CUST-01209,0.0011,0,Low Risk
CUST-01210,0.13,0,Low Risk
CUST-01211,0.0042,0,Low Risk
CUST-01212,0.0041,0,Low Risk
CUST-01213,0.001,0,Low Risk
CUST-01214,0.0131,0,Low Risk
CUST-01215,0.9946,1,High Risk
CUST-01216,0.0054,0,Low Risk
CUST-01217,0.0003,0,Low Risk
CUST-01218,0.0002,0,Low Risk
CUST-01219,0.1411,0,Low Risk
CUST-01220,1e-04,0,Low Risk
CUST-01221,0.9539,1,High Risk
CUST-01222,0.0109,0,Low Risk
CUST-01223,0.9912,1,High Risk
CUST-01224,0.0008,0,Low Risk
CUST-01225,0.0412,0,Low Risk
CUST-01226,0.4233,1,Medium Risk
CUST-01227,0.0002,0,Low Risk
CUST-01228,0.0788,0,Low Risk
CUST-01229,0.9812,1,High Risk
CUST-01230,0.0002,0,Low Risk
CUST-01231,0.0812,0,Low Risk
CUST-01232,0.0258,0,Low Risk
CUST-01233,0.0006,0,Low Risk
CUST-01234,0.9656,1,High Risk
CUST-01235,0.0171,0,Low Risk
CUST-01236,0.0021,0,Low Risk
CUST-01237,0.0072,0,Low Risk
CUST-01238,0.0005,0,Low Risk
CUST-01239,1e-04,0,Low Risk
CUST-01240,0.2625,0,Low Risk
CUST-01241,0.7745,1,High Risk
CUST-01242,0.0093,0,Low Risk
CUST-01243,0.0025,0,Low Risk
CUST-01244,0.0,0,Low Risk
CUST-01245,0.0098,0,Low Risk
CUST-01246,0.2138,0,Low Risk
CUST-01247,0.983,1,High Risk
CUST-01248,0.0009,0,Low Risk
CUST-01249,0.0245,0,Low Risk
CUST-01250,0.0003,0,Low Risk
CUST-01251,0.0016,0,Low Risk
CUST-01252,0.0004,0,Low Risk
CUST-01253,0.0633,0,Low Risk
CUST-01254,1e-04,0,Low Risk
CUST-01255,0.0006,0,Low Risk
CUST-01256,0.0022,0,Low Risk
CUST-01257,0.9233,1,High Risk
CUST-01258,0.0753,0,Low Risk
CUST-01259,0.9922,1,High Risk
CUST-01260,0.8261,1,High Risk
CUST-01261,0.928,1,High Risk
CUST-01262,0.012,0,Low Risk
CUST-01263,0.9948,1,High Risk
CUST-01264,0.0015,0,Low Risk
CUST-01265,1e-04,0,Low Risk
CUST-01266,0.025,0,Low Risk
CUST-01267,0.0002,0,Low Risk
CUST-01268,0.5098,1,Medium Risk
CUST-01269,0.9748,1,High Risk
CUST-01270,0.9916,1,High Risk
CUST-01271,0.9455,1,High Risk
CUST-01272,0.0003,0,Low Risk
CUST-01273,0.0087,0,Low Risk
CUST-01274,0.9876,1,High Risk
CUST-01275,0.9511,1,High Risk
CUST-01276,0.4578,1,Medium Risk
CUST-01277,0.0157,0,Low Risk
CUST-01278,0.9972,1,High Risk
CUST-01279,0.1175,0,Low Risk
CUST-01280,0.0004,0,Low Risk
CUST-01281,0.0728,0,Low Risk
CUST-01282,0.9898,1,High Risk
CUST-01283,0.1883,0,Low Risk
CUST-01284,0.0153,0,Low Risk
CUST-01285,0.0675,0,Low Risk
CUST-01286,0.9955,1,High Risk
CUST-01287,0.1183,0,Low Risk
CUST-01288,0.0006,0,Low Risk
CUST-01289,0.0009,0,Low Risk
CUST-01290,0.9842,1,High Risk
CUST-01291,0.0342,0,Low Risk
CUST-01292,0.9145,1,High Risk
CUST-01293,0.0041,0,Low Risk
CUST-01294,0.0005,0,Low Risk
CUST-01295,0.0006,0,Low Risk
CUST-01296,0.0006,0,Low Risk
CUST-01297,0.0007,0,Low Risk
CUST-01298,0.9645,1,High Risk
CUST-01299,0.9506,1,High Risk
CUST-01300,0.9635,1,High Risk
CUST-01301,0.9781,1,High Risk
CUST-01302,0.0129,0,Low Risk
CUST-01303,0.0003,0,Low Risk
CUST-01304,1e-04,0,Low Risk
CUST-01305,0.158,0,Low Risk
CUST-01306,0.0074,0,Low Risk
CUST-01307,0.0447,0,Low Risk
CUST-01308,0.8892,1,High Risk
CUST-01309,0.0014,0,Low Risk
CUST-01310,0.427,1,Medium Risk
CUST-01311,0.0065,0,Low Risk
CUST-01312,0.0008,0,Low Risk
CUST-01313,0.0257,0,Low Risk
CUST-01314,0.0014,0,Low Risk
CUST-01315,0.0022,0,Low Risk
CUST-01316,0.0167,0,Low Risk
CUST-01317,0.0003,0,Low Risk
CUST-01318,0.9919,1,High Risk
CUST-01319,0.9971,1,High Risk
CUST-01320,0.0016,0,Low Risk
CUST-01321,0.1639,0,Low Risk
CUST-01322,0.0018,0,Low Risk
CUST-01323,0.2138,0,Low Risk
CUST-01324,0.0637,0,Low Risk
CUST-01325,0.9725,1,High Risk
CUST-01326,0.8859,1,High Risk
CUST-01327,0.9291,1,High Risk
CUST-01328,0.011,0,Low Risk
CUST-01329,0.0,0,Low Risk
CUST-01330,0.0022,0,Low Risk
CUST-01331,0.0448,0,Low Risk
CUST-01332,0.763,1,High Risk
CUST-01333,0.1543,0,Low Risk
CUST-01334,0.9854,1,High Risk
CUST-01335,0.0037,0,Low Risk
CUST-01336,0.9819,1,High Risk
CUST-01337,0.6604,1,Medium Risk
CUST-01338,0.1203,0,Low Risk
CUST-01339,0.0006,0,Low Risk
CUST-01340,0.0014,0,Low Risk
CUST-01341,0.1356,0,Low Risk
CUST-01342,0.0005,0,Low Risk
CUST-01343,0.23,0,Low Risk
CUST-01344,0.1496,0,Low Risk
CUST-01345,0.0005,0,Low Risk
CUST-01346,0.4284,1,Medium Risk
CUST-01347,0.001,0,Low Risk
CUST-01348,0.0349,0,Low Risk
CUST-01349,0.0004,0,Low Risk
CUST-01350,0.8983,1,High Risk
CUST-01351,0.0072,0,Low Risk
CUST-01352,0.9847,1,High Risk
CUST-01353,0.2227,0,Low Risk
CUST-01354,0.0423,0,Low Risk
CUST-01355,0.0041,0,Low Risk
CUST-01356,0.0011,0,Low Risk
CUST-01357,0.3748,0,Low Risk
CUST-01358,0.335,0,Low Risk
CUST-01359,0.5448,1,Medium Risk
CUST-01360,0.9378,1,High Risk
CUST-01361,0.0019,0,Low Risk
CUST-01362,0.9795,1,High Risk
CUST-01363,0.052,0,Low Risk
CUST-01364,0.4674,1,Medium Risk
CUST-01365,0.0086,0,Low Risk
CUST-01366,0.0021,0,Low Risk
CUST-01367,0.047,0,Low Risk
CUST-01368,0.9962,1,High Risk
CUST-01369,0.9367,1,High Risk
CUST-01370,0.9856,1,High Risk
CUST-01371,0.9499,1,High Risk
CUST-01372,0.9522,1,High Risk
CUST-01373,0.1166,0,Low Risk
CUST-01374,0.0007,0,Low Risk
CUST-01375,0.0046,0,Low Risk
CUST-01376,0.001,0,Low Risk
CUST-01377,0.0011,0,Low Risk
CUST-01378,0.084,0,Low Risk
CUST-01379,0.0119,0,Low Risk
CUST-01380,0.8917,1,High Risk
CUST-01381,0.0009,0,Low Risk
CUST-01382,0.9037,1,High Risk
CUST-01383,0.007,0,Low Risk
CUST-01384,0.2528,0,Low Risk
CUST-01385,0.9454,1,High Risk
CUST-01386,0.0372,0,Low Risk
CUST-01387,0.0291,0,Low Risk
CUST-01388,0.0007,0,Low Risk
CUST-01389,0.0013,0,Low Risk
CUST-01390,0.1023,0,Low Risk
CUST-01391,0.6353,1,Medium Risk
CUST-01392,0.2279,0,Low Risk
CUST-01393,0.7966,1,High Risk
CUST-01394,1e-04,0,Low Risk
CUST-01395,0.0428,0,Low Risk
CUST-01396,0.0261,0,Low Risk
CUST-01397,0.0005,0,Low Risk
CUST-01398,0.8972,1,High Risk
CUST-01399,0.0021,0,Low Risk
CUST-01400,0.0143,0,Low Risk
CUST-01401,0.1368,0,Low Risk
CUST-01402,0.1466,0,Low Risk
CUST-01403,0.0037,0,Low Risk
CUST-01404,0.002,0,Low Risk
CUST-01405,0.006,0,Low Risk
CUST-01406,0.5334,1,Medium Risk
CUST-01407,0.0036,0,Low Risk
CUST-01408,0.9973,1,High Risk
CUST-01409,0.0024,0,Low Risk
CUST-01410,0.0002,0,Low Risk
CUST-01411,0.0036,0,Low Risk
CUST-01412,0.0418,0,Low Risk
CUST-01413,0.2322,0,Low Risk
CUST-01414,0.0006,0,Low Risk
CUST-01415,0.9879,1,High Risk
CUST-01416,0.0053,0,Low Risk
CUST-01417,0.9706,1,High Risk
CUST-01418,0.027,0,Low Risk
CUST-01419,0.0003,0,Low Risk
CUST-01420,0.0021,0,Low Risk
CUST-01421,0.0411,0,Low Risk
CUST-01422,0.0492,0,Low Risk
CUST-01423,0.0071,0,Low Risk
CUST-01424,0.0567,0,Low Risk
CUST-01425,0.0168,0,Low Risk
CUST-01426,0.1248,0,Low Risk
CUST-01427,0.4535,1,Medium Risk
CUST-01428,0.0096,0,Low Risk
CUST-01429,0.2305,0,Low Risk
CUST-01430,0.0353,0,Low Risk
CUST-01431,0.0021,0,Low Risk
CUST-01432,0.0021,0,Low Risk
CUST-01433,0.954,1,High Risk
CUST-01434,0.0037,0,Low Risk
CUST-01435,0.0052,0,Low Risk
CUST-01436,1e-04,0,Low Risk
CUST-01437,0.2608,0,Low Risk
CUST-01438,0.1402,0,Low Risk
CUST-01439,0.0863,0,Low Risk
CUST-01440,0.0007,0,Low Risk
CUST-01441,0.0296,0,Low Risk
CUST-01442,0.3859,0,Low Risk
CUST-01443,0.007,0,Low Risk
CUST-01444,0.0002,0,Low Risk
CUST-01445,0.9743,1,High Risk
CUST-01446,0.0029,0,Low Risk
CUST-01447,0.0006,0,Low Risk
CUST-01448,0.9888,1,High Risk
CUST-01449,0.1066,0,Low Risk
CUST-01450,0.9866,1,High Risk
CUST-01451,0.4138,1,Medium Risk
CUST-01452,0.0192,0,Low Risk
CUST-01453,0.047,0,Low Risk
CUST-01454,0.031,0,Low Risk
CUST-01455,0.0035,0,Low Risk
CUST-01456,0.0021,0,Low Risk
CUST-01457,0.0218,0,Low Risk
CUST-01458,0.9963,1,High Risk
CUST-01459,0.1533,0,Low Risk
CUST-01460,0.0003,0,Low Risk
CUST-01461,0.0054,0,Low Risk
CUST-01462,0.0024,0,Low Risk
CUST-01463,0.9676,1,High Risk
CUST-01464,0.4848,1,Medium Risk
CUST-01465,1e-04,0,Low Risk
CUST-01466,0.1034,0,Low Risk
CUST-01467,0.2518,0,Low Risk
CUST-01468,0.9289,1,High Risk
CUST-01469,0.0004,0,Low Risk
CUST-01470,0.0002,0,Low Risk
CUST-01471,0.0135,0,Low Risk
CUST-01472,0.2364,0,Low Risk
CUST-01473,0.0311,0,Low Risk
CUST-01474,0.9655,1,High Risk
CUST-01475,0.0609,0,Low Risk
CUST-01476,0.0002,0,Low Risk
CUST-01477,0.7251,1,High Risk
CUST-01478,0.0034,0,Low Risk
CUST-01479,0.0164,0,Low Risk
CUST-01480,0.9767,1,High Risk
CUST-01481,0.0086,0,Low Risk
CUST-01482,0.0002,0,Low Risk
CUST-01483,0.0002,0,Low Risk
CUST-01484,0.6929,1,Medium Risk
CUST-01485,0.9305,1,High Risk
CUST-01486,0.0024,0,Low Risk
CUST-01487,0.9941,1,High Risk
CUST-01488,0.0004,0,Low Risk
CUST-01489,0.126,0,Low Risk
CUST-01490,0.9699,1,High Risk
CUST-01491,0.0006,0,Low Risk
CUST-01492,0.0135,0,Low Risk
CUST-01493,0.0027,0,Low Risk
CUST-01494,0.0089,0,Low Risk
CUST-01495,0.0059,0,Low Risk
CUST-01496,0.0112,0,Low Risk
CUST-01497,0.7091,1,High Risk
CUST-01498,0.0004,0,Low Risk
CUST-01499,0.3192,0,Low Risk
CUST-01500,0.005,0,Low Risk
CUST-01501,0.0021,0,Low Risk
CUST-01502,0.0003,0,Low Risk
CUST-01503,0.0,0,Low Risk
CUST-01504,0.0596,0,Low Risk
CUST-01505,0.1612,0,Low Risk
CUST-01506,0.9828,1,High Risk
CUST-01507,0.0005,0,Low Risk
CUST-01508,0.8874,1,High Risk
CUST-01509,0.0588,0,Low Risk
CUST-01510,0.0002,0,Low Risk
CUST-01511,0.05,0,Low Risk
CUST-01512,0.9574,1,High Risk
CUST-01513,0.9978,1,High Risk
CUST-01514,0.2957,0,Low Risk
CUST-01515,0.0051,0,Low Risk
CUST-01516,0.003,0,Low Risk
CUST-01517,0.0124,0,Low Risk
CUST-01518,0.5167,1,Medium Risk
CUST-01519,0.1108,0,Low Risk
CUST-01520,0.0019,0,Low Risk
CUST-01521,0.9615,1,High Risk
CUST-01522,0.0022,0,Low Risk
CUST-01523,0.2921,0,Low Risk
CUST-01524,0.144,0,Low Risk
CUST-01525,0.4074,1,Medium Risk
CUST-01526,0.003,0,Low Risk
CUST-01527,0.082,0,Low Risk
CUST-01528,0.9803,1,High Risk
CUST-01529,0.8341,1,High Risk
CUST-01530,0.0331,0,Low Risk
CUST-01531,0.9167,1,High Risk
CUST-01532,0.016,0,Low Risk
CUST-01533,0.1521,0,Low Risk
CUST-01534,0.002,0,Low Risk
CUST-01535,0.0002,0,Low Risk
CUST-01536,0.8674,1,High Risk
CUST-01537,0.8997,1,High Risk
CUST-01538,0.0005,0,Low Risk
CUST-01539,0.9863,1,High Risk
CUST-01540,0.0032,0,Low Risk
CUST-01541,0.9945,1,High Risk
CUST-01542,0.0058,0,Low Risk
CUST-01543,0.5383,1,Medium Risk
CUST-01544,0.0054,0,Low Risk
CUST-01545,0.0002,0,Low Risk
CUST-01546,0.8809,1,High Risk
CUST-01547,0.9909,1,High Risk
CUST-01548,0.9578,1,High Risk
CUST-01549,0.0495,0,Low Risk
CUST-01550,0.0004,0,Low Risk
CUST-01551,0.1669,0,Low Risk
CUST-01552,0.1461,0,Low Risk
CUST-01553,0.1386,0,Low Risk
CUST-01554,0.0049,0,Low Risk
CUST-01555,0.8459,1,High Risk
CUST-01556,0.0317,0,Low Risk
CUST-01557,1e-04,0,Low Risk
CUST-01558,0.8687,1,High Risk
CUST-01559,0.8627,1,High Risk
CUST-01560,0.041,0,Low Risk
CUST-01561,0.0167,0,Low Risk
CUST-01562,0.0003,0,Low Risk
CUST-01563,0.3705,0,Low Risk
CUST-01564,0.9292,1,High Risk
CUST-01565,0.2171,0,Low Risk
CUST-01566,0.1107,0,Low Risk
CUST-01567,0.0316,0,Low Risk
CUST-01568,0.0026,0,Low Risk
CUST-01569,0.0012,0,Low Risk
CUST-01570,0.9379,1,High Risk
CUST-01571,0.03,0,Low Risk
CUST-01572,0.9736,1,High Risk
CUST-01573,0.2869,0,Low Risk
CUST-01574,0.0003,0,Low Risk
CUST-01575,0.0188,0,Low Risk
CUST-01576,0.0091,0,Low Risk
CUST-01577,0.977,1,High Risk
CUST-01578,1e-04,0,Low Risk
CUST-01579,0.0002,0,Low Risk
CUST-01580,0.9832,1,High Risk
CUST-01581,0.2564,0,Low Risk
CUST-01582,0.0023,0,Low Risk
CUST-01583,0.0424,0,Low Risk
CUST-01584,0.0028,0,Low Risk
CUST-01585,0.9935,1,High Risk
CUST-01586,0.9896,1,High Risk
CUST-01587,1e-04,0,Low Risk
CUST-01588,0.0059,0,Low Risk
CUST-01589,0.8322,1,High Risk
CUST-01590,0.0016,0,Low Risk
CUST-01591,0.0007,0,Low Risk
CUST-01592,0.0097,0,Low Risk
CUST-01593,0.2247,0,Low Risk
CUST-01594,0.1027,0,Low Risk
CUST-01595,0.12,0,Low Risk
CUST-01596,0.0101,0,Low Risk
CUST-01597,0.0015,0,Low Risk
CUST-01598,0.0314,0,Low Risk
CUST-01599,0.0279,0,Low Risk
CUST-01600,0.9646,1,High Risk
CUST-01601,0.8541,1,High Risk
CUST-01602,0.0123,0,Low Risk
CUST-01603,0.0132,0,Low Risk
CUST-01604,0.0007,0,Low Risk
CUST-01605,0.9755,1,High Risk
CUST-01606,0.2068,0,Low Risk
CUST-01607,0.9377,1,High Risk
CUST-01608,0.9994,1,High Risk
CUST-01609,0.8913,1,High Risk
CUST-01610,0.0287,0,Low Risk
CUST-01611,0.0452,0,Low Risk
CUST-01612,0.0058,0,Low Risk
CUST-01613,0.0015,0,Low Risk
CUST-01614,0.0023,0,Low Risk
CUST-01615,0.8065,1,High Risk
CUST-01616,0.1054,0,Low Risk
CUST-01617,0.9101,1,High Risk
CUST-01618,0.0011,0,Low Risk
CUST-01619,0.0032,0,Low Risk
CUST-01620,0.8843,1,High Risk
CUST-01621,0.036,0,Low Risk
CUST-01622,0.001,0,Low Risk
CUST-01623,1e-04,0,Low Risk
CUST-01624,0.0483,0,Low Risk
CUST-01625,0.1011,0,Low Risk
CUST-01626,0.8432,1,High Risk
CUST-01627,0.4331,1,Medium Risk
CUST-01628,0.0031,0,Low Risk
CUST-01629,0.9521,1,High Risk
CUST-01630,0.2717,0,Low Risk
CUST-01631,0.8408,1,High Risk
CUST-01632,0.0039,0,Low Risk
CUST-01633,0.0395,0,Low Risk
CUST-01634,0.0006,0,Low Risk
CUST-01635,0.0025,0,Low Risk
CUST-01636,0.9399,1,High Risk
CUST-01637,0.963,1,High Risk
CUST-01638,0.0002,0,Low Risk
CUST-01639,0.7974,1,High Risk
CUST-01640,0.3761,0,Low Risk
CUST-01641,0.0076,0,Low Risk
CUST-01642,0.0008,0,Low Risk
CUST-01643,0.2758,0,Low Risk
CUST-01644,0.0065,0,Low Risk
CUST-01645,0.0035,0,Low Risk
CUST-01646,0.0082,0,Low Risk
CUST-01647,0.9429,1,High Risk
CUST-01648,0.3481,0,Low Risk
CUST-01649,0.207,0,Low Risk
CUST-01650,0.9991,1,High Risk
CUST-01651,0.0849,0,Low Risk
CUST-01652,0.9615,1,High Risk
CUST-01653,0.0072,0,Low Risk
CUST-01654,1e-04,0,Low Risk
CUST-01655,0.0937,0,Low Risk
CUST-01656,0.9967,1,High Risk
CUST-01657,0.0007,0,Low Risk
CUST-01658,0.9857,1,High Risk
CUST-01659,0.9903,1,High Risk
CUST-01660,1e-04,0,Low Risk
CUST-01661,0.8684,1,High Risk
CUST-01662,0.0031,0,Low Risk
CUST-01663,0.0838,0,Low Risk
CUST-01664,0.0775,0,Low Risk
CUST-01665,0.0023,0,Low Risk
CUST-01666,0.9948,1,High Risk
CUST-01667,0.4143,1,Medium Risk
CUST-01668,0.6307,1,Medium Risk
CUST-01669,0.9835,1,High Risk
CUST-01670,0.0002,0,Low Risk
CUST-01671,0.0401,0,Low Risk
CUST-01672,0.9341,1,High Risk
CUST-01673,0.0305,0,Low Risk
CUST-01674,0.7493,1,High Risk
CUST-01675,0.0008,0,Low Risk
CUST-01676,0.9851,1,High Risk
CUST-01677,0.0015,0,Low Risk
CUST-01678,0.7807,1,High Risk
CUST-01679,0.739,1,High Risk
CUST-01680,0.0005,0,Low Risk
CUST-01681,0.0398,0,Low Risk
CUST-01682,0.0174,0,Low Risk
CUST-01683,0.0067,0,Low Risk
CUST-01684,0.9923,1,High Risk
CUST-01685,0.0018,0,Low Risk
CUST-01686,0.0032,0,Low Risk
CUST-01687,1e-04,0,Low Risk
CUST-01688,0.9853,1,High Risk
CUST-01689,0.0013,0,Low Risk
CUST-01690,0.8139,1,High Risk
CUST-01691,0.1451,0,Low Risk
CUST-01692,0.0035,0,Low Risk
CUST-01693,0.0027,0,Low Risk
CUST-01694,0.0055,0,Low Risk
CUST-01695,0.1095,0,Low Risk
CUST-01696,1e-04,0,Low Risk
CUST-01697,0.0,0,Low Risk
CUST-01698,0.0018,0,Low Risk
CUST-01699,0.0008,0,Low Risk
CUST-01700,0.0003,0,Low Risk
CUST-01701,0.0036,0,Low Risk
CUST-01702,0.9727,1,High Risk
CUST-01703,0.424,1,Medium Risk
CUST-01704,0.0029,0,Low Risk
CUST-01705,0.9398,1,High Risk
CUST-01706,1e-04,0,Low Risk
CUST-01707,1e-04,0,Low Risk
CUST-01708,0.8863,1,High Risk
CUST-01709,0.0047,0,Low Risk
CUST-01710,0.3156,0,Low Risk
CUST-01711,0.0065,0,Low Risk
CUST-01712,0.0114,0,Low Risk
CUST-01713,0.995,1,High Risk
CUST-01714,0.0172,0,Low Risk
CUST-01715,0.0008,0,Low Risk
CUST-01716,0.9374,1,High Risk
CUST-01717,0.0004,0,Low Risk
CUST-01718,0.0117,0,Low Risk
CUST-01719,0.0004,0,Low Risk
CUST-01720,0.0022,0,Low Risk
CUST-01721,0.9271,1,High Risk
CUST-01722,0.0643,0,Low Risk
CUST-01723,0.7899,1,High Risk
CUST-01724,0.0158,0,Low Risk
CUST-01725,0.5622,1,Medium Risk
CUST-01726,0.0065,0,Low Risk
CUST-01727,0.0385,0,Low Risk
CUST-01728,1e-04,0,Low Risk
CUST-01729,0.8313,1,High Risk
CUST-01730,0.0003,0,Low Risk
CUST-01731,0.673,1,Medium Risk
CUST-01732,0.0124,0,Low Risk
CUST-01733,0.67,1,Medium Risk
CUST-01734,0.0024,0,Low Risk
CUST-01735,0.9802,1,High Risk
CUST-01736,0.0117,0,Low Risk
CUST-01737,0.0004,0,Low Risk
CUST-01738,0.3872,0,Low Risk
CUST-01739,0.0059,0,Low Risk
CUST-01740,0.1032,0,Low Risk
CUST-01741,0.0005,0,Low Risk
CUST-01742,0.0171,0,Low Risk
CUST-01743,1e-04,0,Low Risk
CUST-01744,0.1984,0,Low Risk
CUST-01745,0.1117,0,Low Risk
CUST-01746,0.1901,0,Low Risk
CUST-01747,0.0617,0,Low Risk
CUST-01748,0.1248,0,Low Risk
CUST-01749,0.0105,0,Low Risk
CUST-01750,0.0277,0,Low Risk
CUST-01751,1e-04,0,Low Risk
CUST-01752,1e-04,0,Low Risk
CUST-01753,0.954,1,High Risk
CUST-01754,0.0155,0,Low Risk
CUST-01755,0.9254,1,High Risk
CUST-01756,0.0013,0,Low Risk
CUST-01757,0.0169,0,Low Risk
CUST-01758,0.001,0,Low Risk
CUST-01759,0.003,0,Low Risk
CUST-01760,0.9556,1,High Risk
CUST-01761,0.2183,0,Low Risk
CUST-01762,0.0071,0,Low Risk
CUST-01763,0.0034,0,Low Risk
CUST-01764,0.0048,0,Low Risk
CUST-01765,0.0024,0,Low Risk
CUST-01766,0.001,0,Low Risk
CUST-01767,0.0005,0,Low Risk
CUST-01768,0.0007,0,Low Risk
CUST-01769,0.9733,1,High Risk
CUST-01770,0.2952,0,Low Risk
CUST-01771,0.0014,0,Low Risk
CUST-01772,0.9951,1,High Risk
CUST-01773,0.9767,1,High Risk
CUST-01774,0.8457,1,High Risk
CUST-01775,0.0004,0,Low Risk
CUST-01776,0.9136,1,High Risk
CUST-01777,0.0003,0,Low Risk
CUST-01778,1e-04,0,Low Risk
CUST-01779,0.0004,0,Low Risk
CUST-01780,1e-04,0,Low Risk
CUST-01781,0.0012,0,Low Risk
CUST-01782,0.0046,0,Low Risk
CUST-01783,0.0202,0,Low Risk
CUST-01784,0.0018,0,Low Risk
CUST-01785,0.8958,1,High Risk
CUST-01786,0.0039,0,Low Risk
CUST-01787,0.9908,1,High Risk
CUST-01788,0.0003,0,Low Risk
CUST-01789,0.0003,0,Low Risk
CUST-01790,0.0428,0,Low Risk
CUST-01791,0.0233,0,Low Risk
CUST-01792,0.1312,0,Low Risk
CUST-01793,0.0067,0,Low Risk
CUST-01794,0.0038,0,Low Risk
CUST-01795,0.0049,0,Low Risk
CUST-01796,0.0002,0,Low Risk
CUST-01797,0.0032,0,Low Risk
CUST-01798,0.324,0,Low Risk
CUST-01799,0.0289,0,Low Risk
CUST-01800,0.0456,0,Low Risk
CUST-01801,0.6325,1,Medium Risk
CUST-01802,0.0003,0,Low Risk
CUST-01803,0.9521,1,High Risk
CUST-01804,0.7362,1,High Risk
CUST-01805,1e-04,0,Low Risk
CUST-01806,0.0107,0,Low Risk
CUST-01807,0.9314,1,High Risk
CUST-01808,0.929,1,High Risk
CUST-01809,0.1496,0,Low Risk
CUST-01810,0.5548,1,Medium Risk
CUST-01811,0.0015,0,Low Risk
CUST-01812,0.009,0,Low Risk
CUST-01813,0.8695,1,High Risk
CUST-01814,0.0139,0,Low Risk
CUST-01815,0.0073,0,Low Risk
CUST-01816,0.0003,0,Low Risk
CUST-01817,0.0003,0,Low Risk
CUST-01818,0.0017,0,Low Risk
CUST-01819,0.0003,0,Low Risk
CUST-01820,0.0024,0,Low Risk
CUST-01821,0.7483,1,High Risk
CUST-01822,0.0002,0,Low Risk
CUST-01823,0.0025,0,Low Risk
CUST-01824,0.008,0,Low Risk
CUST-01825,0.0033,0,Low Risk
CUST-01826,0.0007,0,Low Risk
CUST-01827,0.0019,0,Low Risk
CUST-01828,0.005,0,Low Risk
CUST-01829,0.2175,0,Low Risk
CUST-01830,0.0011,0,Low Risk
CUST-01831,0.0059,0,Low Risk
CUST-01832,0.9469,1,High Risk
CUST-01833,0.0306,0,Low Risk
CUST-01834,0.0056,0,Low Risk
CUST-01835,1e-04,0,Low Risk
CUST-01836,0.1511,0,Low Risk
CUST-01837,0.0009,0,Low Risk
CUST-01838,0.068,0,Low Risk
CUST-01839,0.4065,1,Medium Risk
CUST-01840,0.0056,0,Low Risk
CUST-01841,0.9726,1,High Risk
CUST-01842,0.9845,1,High Risk
CUST-01843,0.0014,0,Low Risk
CUST-01844,0.0073,0,Low Risk
CUST-01845,1e-04,0,Low Risk
CUST-01846,0.1847,0,Low Risk
CUST-01847,0.993,1,High Risk
CUST-01848,0.0007,0,Low Risk
CUST-01849,0.0107,0,Low Risk
CUST-01850,0.9905,1,High Risk
CUST-01851,0.0141,0,Low Risk
CUST-01852,0.7317,1,High Risk
CUST-01853,0.7003,1,High Risk
CUST-01854,0.0045,0,Low Risk
CUST-01855,0.4115,1,Medium Risk
CUST-01856,0.0125,0,Low Risk
CUST-01857,0.5026,1,Medium Risk
CUST-01858,0.0007,0,Low Risk
CUST-01859,0.0762,0,Low Risk
CUST-01860,0.1708,0,Low Risk
CUST-01861,0.9076,1,High Risk
CUST-01862,0.9291,1,High Risk
CUST-01863,0.0008,0,Low Risk
CUST-01864,0.0015,0,Low Risk
CUST-01865,0.9463,1,High Risk
CUST-01866,1e-04,0,Low Risk
CUST-01867,0.0012,0,Low Risk
CUST-01868,0.0027,0,Low Risk
CUST-01869,0.9457,1,High Risk
CUST-01870,0.0092,0,Low Risk
CUST-01871,1e-04,0,Low Risk
CUST-01872,0.8806,1,High Risk
CUST-01873,0.9889,1,High Risk
CUST-01874,0.994,1,High Risk
CUST-01875,0.0744,0,Low Risk
CUST-01876,0.0004,0,Low Risk
CUST-01877,0.7562,1,High Risk
CUST-01878,0.0011,0,Low Risk
CUST-01879,0.0006,0,Low Risk
CUST-01880,0.0021,0,Low Risk
CUST-01881,0.0188,0,Low Risk
CUST-01882,0.0265,0,Low Risk
CUST-01883,1e-04,0,Low Risk
CUST-01884,0.001,0,Low Risk
CUST-01885,0.0143,0,Low Risk
CUST-01886,0.2801,0,Low Risk
CUST-01887,0.2106,0,Low Risk
CUST-01888,0.4317,1,Medium Risk
CUST-01889,0.0019,0,Low Risk
CUST-01890,0.9023,1,High Risk
CUST-01891,0.3627,0,Low Risk
CUST-01892,0.021,0,Low Risk
CUST-01893,0.2448,0,Low Risk
CUST-01894,0.0002,0,Low Risk
CUST-01895,0.0017,0,Low Risk
CUST-01896,0.3396,0,Low Risk
CUST-01897,0.8954,1,High Risk
CUST-01898,0.0004,0,Low Risk
CUST-01899,0.9612,1,High Risk
CUST-01900,0.0374,0,Low Risk
CUST-01901,0.0095,0,Low Risk
CUST-01902,0.9682,1,High Risk
CUST-01903,0.0012,0,Low Risk
CUST-01904,0.0544,0,Low Risk
CUST-01905,0.0024,0,Low Risk
CUST-01906,0.0033,0,Low Risk
CUST-01907,0.9073,1,High Risk
CUST-01908,0.0096,0,Low Risk
CUST-01909,0.8451,1,High Risk
CUST-01910,0.9102,1,High Risk
CUST-01911,0.0003,0,Low Risk
CUST-01912,0.0011,0,Low Risk
CUST-01913,0.0004,0,Low Risk
CUST-01914,0.2574,0,Low Risk
CUST-01915,0.044,0,Low Risk
CUST-01916,0.9605,1,High Risk
CUST-01917,0.9947,1,High Risk
CUST-01918,0.0422,0,Low Risk
CUST-01919,0.0002,0,Low Risk
CUST-01920,0.0015,0,Low Risk
CUST-01921,0.0004,0,Low Risk
CUST-01922,0.9906,1,High Risk
CUST-01923,0.9772,1,High Risk
CUST-01924,0.748,1,High Risk
CUST-01925,0.0143,0,Low Risk
CUST-01926,0.2071,0,Low Risk
CUST-01927,0.0003,0,Low Risk
CUST-01928,0.2377,0,Low Risk
CUST-01929,0.4779,1,Medium Risk
CUST-01930,0.9707,1,High Risk
CUST-01931,0.0002,0,Low Risk
CUST-01932,0.9875,1,High Risk
CUST-01933,0.061,0,Low Risk
CUST-01934,0.0022,0,Low Risk
CUST-01935,0.048,0,Low Risk
CUST-01936,0.0949,0,Low Risk
CUST-01937,0.3245,0,Low Risk
CUST-01938,0.0002,0,Low Risk
CUST-01939,0.0002,0,Low Risk
CUST-01940,0.0054,0,Low Risk
CUST-01941,0.0304,0,Low Risk
CUST-01942,0.9909,1,High Risk
CUST-01943,0.0722,0,Low Risk
CUST-01944,0.0005,0,Low Risk
CUST-01945,0.0019,0,Low Risk
CUST-01946,0.0002,0,Low Risk
CUST-01947,0.0782,0,Low Risk
CUST-01948,0.0003,0,Low Risk
CUST-01949,0.1101,0,Low Risk
CUST-01950,0.0148,0,Low Risk
CUST-01951,0.3161,0,Low Risk
CUST-01952,0.0005,0,Low Risk
CUST-01953,0.0254,0,Low Risk
CUST-01954,0.9753,1,High Risk
CUST-01955,0.0698,0,Low Risk
CUST-01956,0.1385,0,Low Risk
CUST-01957,0.1161,0,Low Risk
CUST-01958,0.7916,1,High Risk
CUST-01959,0.9971,1,High Risk
CUST-01960,0.003,0,Low Risk
CUST-01961,0.0051,0,Low Risk
CUST-01962,0.9669,1,High Risk
CUST-01963,0.0027,0,Low Risk
CUST-01964,0.9109,1,High Risk
CUST-01965,0.0178,0,Low Risk
CUST-01966,0.093,0,Low Risk
CUST-01967,0.0004,0,Low Risk
CUST-01968,0.9718,1,High Risk
CUST-01969,0.0013,0,Low Risk
CUST-01970,0.0003,0,Low Risk
CUST-01971,0.0014,0,Low Risk
CUST-01972,0.0029,0,Low Risk
CUST-01973,0.0095,0,Low Risk
CUST-01974,1e-04,0,Low Risk
CUST-01975,0.0003,0,Low Risk
CUST-01976,0.0017,0,Low Risk
CUST-01977,0.3607,0,Low Risk
CUST-01978,0.0003,0,Low Risk
CUST-01979,0.2817,0,Low Risk
CUST-01980,0.0826,0,Low Risk
CUST-01981,0.0006,0,Low Risk
CUST-01982,0.6948,1,Medium Risk
CUST-01983,0.0003,0,Low Risk
CUST-01984,0.7728,1,High Risk
CUST-01985,0.01,0,Low Risk
CUST-01986,0.9307,1,High Risk
CUST-01987,0.0024,0,Low Risk
CUST-01988,0.359,0,Low Risk
CUST-01989,0.9733,1,High Risk
CUST-01990,0.6512,1,Medium Risk
CUST-01991,0.0392,0,Low Risk
CUST-01992,0.8713,1,High Risk
CUST-01993,0.0543,0,Low Risk
CUST-01994,0.9887,1,High Risk
CUST-01995,0.0098,0,Low Risk
CUST-01996,0.3633,0,Low Risk
CUST-01997,0.0008,0,Low Risk
CUST-01998,0.025,0,Low Risk
CUST-01999,0.0208,0,Low Risk
CUST-02000,0.9796,1,High Risk
CUST-02001,0.9345,1,High Risk
CUST-02002,0.0005,0,Low Risk
CUST-02003,0.0069,0,Low Risk
CUST-02004,0.1081,0,Low Risk
CUST-02005,0.0113,0,Low Risk
CUST-02006,0.0396,0,Low Risk
CUST-02007,0.9582,1,High Risk
CUST-02008,0.0002,0,Low Risk
CUST-02009,0.0027,0,Low Risk
CUST-02010,0.0254,0,Low Risk
CUST-02011,0.8511,1,High Risk
CUST-02012,0.9915,1,High Risk
CUST-02013,0.2037,0,Low Risk
CUST-02014,0.1479,0,Low Risk
CUST-02015,0.0005,0,Low Risk
CUST-02016,0.0044,0,Low Risk
CUST-02017,0.1313,0,Low Risk
CUST-02018,0.272,0,Low Risk
CUST-02019,0.0845,0,Low Risk
CUST-02020,0.0041,0,Low Risk
CUST-02021,0.9889,1,High Risk
CUST-02022,0.0014,0,Low Risk
CUST-02023,0.0008,0,Low Risk
CUST-02024,0.021,0,Low Risk
CUST-02025,0.4529,1,Medium Risk
CUST-02026,0.0061,0,Low Risk
CUST-02027,0.0021,0,Low Risk
CUST-02028,0.7561,1,High Risk
CUST-02029,0.9951,1,High Risk
CUST-02030,0.0129,0,Low Risk
CUST-02031,0.0017,0,Low Risk
CUST-02032,0.0005,0,Low Risk
CUST-02033,0.0175,0,Low Risk
CUST-02034,0.2545,0,Low Risk
CUST-02035,0.8969,1,High Risk
CUST-02036,0.9137,1,High Risk
CUST-02037,0.024,0,Low Risk
CUST-02038,0.0006,0,Low Risk
CUST-02039,0.0007,0,Low Risk
CUST-02040,0.0809,0,Low Risk
CUST-02041,1e-04,0,Low Risk
CUST-02042,0.9129,1,High Risk
CUST-02043,1e-04,0,Low Risk
CUST-02044,0.0,0,Low Risk
CUST-02045,0.0136,0,Low Risk
CUST-02046,0.0457,0,Low Risk
CUST-02047,0.0039,0,Low Risk
CUST-02048,0.2056,0,Low Risk
CUST-02049,0.0139,0,Low Risk
CUST-02050,0.9316,1,High Risk
CUST-02051,0.44,1,Medium Risk
CUST-02052,0.0136,0,Low Risk
CUST-02053,0.7778,1,High Risk
CUST-02054,0.0109,0,Low Risk
CUST-02055,0.0007,0,Low Risk
CUST-02056,0.0027,0,Low Risk
CUST-02057,0.0066,0,Low Risk
CUST-02058,0.0062,0,Low Risk
CUST-02059,0.0002,0,Low Risk
CUST-02060,0.0131,0,Low Risk
CUST-02061,0.0002,0,Low Risk
CUST-02062,0.0773,0,Low Risk
CUST-02063,0.6183,1,Medium Risk
CUST-02064,0.0164,0,Low Risk
CUST-02065,0.0044,0,Low Risk
CUST-02066,0.3732,0,Low Risk
CUST-02067,0.727,1,High Risk
CUST-02068,0.9878,1,High Risk
CUST-02069,0.0009,0,Low Risk
CUST-02070,0.8654,1,High Risk
CUST-02071,0.0379,0,Low Risk
CUST-02072,0.0061,0,Low Risk
CUST-02073,0.0009,0,Low Risk
CUST-02074,0.8322,1,High Risk
CUST-02075,0.0116,0,Low Risk
CUST-02076,0.2217,0,Low Risk
CUST-02077,0.0012,0,Low Risk
CUST-02078,0.9038,1,High Risk
CUST-02079,0.1648,0,Low Risk
CUST-02080,0.6948,1,Medium Risk
CUST-02081,0.1044,0,Low Risk
CUST-02082,0.8587,1,High Risk
CUST-02083,0.1775,0,Low Risk
CUST-02084,0.0078,0,Low Risk
CUST-02085,0.2656,0,Low Risk
CUST-02086,0.9878,1,High Risk
CUST-02087,0.9683,1,High Risk
CUST-02088,0.0034,0,Low Risk
CUST-02089,0.9686,1,High Risk
CUST-02090,0.9691,1,High Risk
CUST-02091,0.0226,0,Low Risk
CUST-02092,0.0016,0,Low Risk
CUST-02093,0.0078,0,Low Risk
CUST-02094,0.0004,0,Low Risk
CUST-02095,0.8338,1,High Risk
CUST-02096,0.904,1,High Risk
CUST-02097,0.0003,0,Low Risk
CUST-02098,0.9296,1,High Risk
CUST-02099,0.9989,1,High Risk
CUST-02100,0.0889,0,Low Risk
CUST-02101,0.003,0,Low Risk
CUST-02102,0.9755,1,High Risk
CUST-02103,0.0002,0,Low Risk
CUST-02104,0.0015,0,Low Risk
CUST-02105,0.9282,1,High Risk
CUST-02106,0.0015,0,Low Risk
CUST-02107,0.0191,0,Low Risk
CUST-02108,0.0287,0,Low Risk
CUST-02109,0.0002,0,Low Risk
CUST-02110,0.1368,0,Low Risk
CUST-02111,0.0075,0,Low Risk
CUST-02112,0.3325,0,Low Risk
CUST-02113,0.0898,0,Low Risk
CUST-02114,0.0025,0,Low Risk
CUST-02115,0.0991,0,Low Risk
CUST-02116,0.9751,1,High Risk
CUST-02117,0.971,1,High Risk
CUST-02118,1e-04,0,Low Risk
CUST-02119,0.0223,0,Low Risk
CUST-02120,0.0005,0,Low Risk
CUST-02121,0.0082,0,Low Risk
CUST-02122,0.8886,1,High Risk
CUST-02123,0.1033,0,Low Risk
CUST-02124,0.0057,0,Low Risk
CUST-02125,0.0104,0,Low Risk
CUST-02126,0.0016,0,Low Risk
CUST-02127,0.0033,0,Low Risk
CUST-02128,0.001,0,Low Risk
CUST-02129,0.2185,0,Low Risk
CUST-02130,0.9968,1,High Risk
CUST-02131,0.3265,0,Low Risk
CUST-02132,0.9248,1,High Risk
CUST-02133,0.6688,1,Medium Risk
CUST-02134,0.0004,0,Low Risk
CUST-02135,0.5007,1,Medium Risk
CUST-02136,0.4244,1,Medium Risk
CUST-02137,0.1119,0,Low Risk
CUST-02138,0.0654,0,Low Risk
CUST-02139,0.0017,0,Low Risk
CUST-02140,0.5146,1,Medium Risk
CUST-02141,0.0044,0,Low Risk
CUST-02142,0.0006,0,Low Risk
CUST-02143,0.995,1,High Risk
CUST-02144,0.0002,0,Low Risk
CUST-02145,0.0036,0,Low Risk
CUST-02146,0.021,0,Low Risk
CUST-02147,0.1107,0,Low Risk
CUST-02148,0.0596,0,Low Risk
CUST-02149,0.0211,0,Low Risk
CUST-02150,0.0011,0,Low Risk
CUST-02151,0.0052,0,Low Risk
CUST-02152,0.092,0,Low Risk
CUST-02153,0.0085,0,Low Risk
CUST-02154,0.0013,0,Low Risk
CUST-02155,0.0048,0,Low Risk
CUST-02156,0.0026,0,Low Risk
CUST-02157,0.0005,0,Low Risk
CUST-02158,0.9774,1,High Risk
CUST-02159,0.0125,0,Low Risk
CUST-02160,0.7867,1,High Risk
CUST-02161,0.9219,1,High Risk
CUST-02162,0.8792,1,High Risk
CUST-02163,0.0122,0,Low Risk
CUST-02164,0.9729,1,High Risk
CUST-02165,0.0431,0,Low Risk
CUST-02166,1e-04,0,Low Risk
CUST-02167,0.0069,0,Low Risk
CUST-02168,1e-04,0,Low Risk
CUST-02169,0.0163,0,Low Risk
CUST-02170,0.1705,0,Low Risk
CUST-02171,0.0279,0,Low Risk
CUST-02172,0.0018,0,Low Risk
CUST-02173,0.9374,1,High Risk
CUST-02174,0.9646,1,High Risk
CUST-02175,0.0032,0,Low Risk
CUST-02176,0.7685,1,High Risk
CUST-02177,0.0009,0,Low Risk
CUST-02178,0.0093,0,Low Risk
CUST-02179,0.9881,1,High Risk
CUST-02180,0.9612,1,High Risk
CUST-02181,0.0014,0,Low Risk
CUST-02182,0.1042,0,Low Risk
CUST-02183,0.9519,1,High Risk
CUST-02184,0.1043,0,Low Risk
CUST-02185,0.8485,1,High Risk
CUST-02186,0.0,0,Low Risk
CUST-02187,0.3138,0,Low Risk
CUST-02188,0.1267,0,Low Risk
CUST-02189,0.0991,0,Low Risk
CUST-02190,0.1776,0,Low Risk
CUST-02191,0.0002,0,Low Risk
CUST-02192,0.8562,1,High Risk
CUST-02193,0.0028,0,Low Risk
CUST-02194,0.0032,0,Low Risk
CUST-02195,0.9967,1,High Risk
CUST-02196,0.5805,1,Medium Risk
CUST-02197,0.0146,0,Low Risk
CUST-02198,0.0049,0,Low Risk
CUST-02199,0.0033,0,Low Risk
CUST-02200,0.0048,0,Low Risk
CUST-02201,0.0534,0,Low Risk
CUST-02202,0.9258,1,High Risk
CUST-02203,0.9966,1,High Risk
CUST-02204,0.0483,0,Low Risk
CUST-02205,0.0234,0,Low Risk
CUST-02206,0.0018,0,Low Risk
CUST-02207,0.0033,0,Low Risk
CUST-02208,0.0054,0,Low Risk
CUST-02209,0.2449,0,Low Risk
CUST-02210,0.4065,1,Medium Risk
CUST-02211,0.9655,1,High Risk
CUST-02212,0.0004,0,Low Risk
CUST-02213,0.7238,1,High Risk
CUST-02214,0.0002,0,Low Risk
CUST-02215,0.0118,0,Low Risk
CUST-02216,0.155,0,Low Risk
CUST-02217,0.0014,0,Low Risk
CUST-02218,0.9517,1,High Risk
CUST-02219,0.9877,1,High Risk
CUST-02220,0.9458,1,High Risk
CUST-02221,0.0004,0,Low Risk
CUST-02222,0.0211,0,Low Risk
CUST-02223,0.0018,0,Low Risk
CUST-02224,0.0438,0,Low Risk
CUST-02225,0.7552,1,High Risk
CUST-02226,0.5299,1,Medium Risk
CUST-02227,0.0033,0,Low Risk
CUST-02228,0.8816,1,High Risk
CUST-02229,0.1127,0,Low Risk
CUST-02230,0.9951,1,High Risk
CUST-02231,0.3157,0,Low Risk
CUST-02232,0.0625,0,Low Risk
CUST-02233,0.0015,0,Low Risk
CUST-02234,0.002,0,Low Risk
CUST-02235,0.9839,1,High Risk
CUST-02236,0.0044,0,Low Risk
CUST-02237,0.3177,0,Low Risk
CUST-02238,0.0012,0,Low Risk
CUST-02239,1e-04,0,Low Risk
CUST-02240,0.9278,1,High Risk
CUST-02241,0.0057,0,Low Risk
CUST-02242,0.018,0,Low Risk
CUST-02243,0.954,1,High Risk
CUST-02244,0.9801,1,High Risk
CUST-02245,0.0241,0,Low Risk
CUST-02246,0.0013,0,Low Risk
CUST-02247,0.0193,0,Low Risk
CUST-02248,0.0428,0,Low Risk
CUST-02249,0.9708,1,High Risk
CUST-02250,0.0,0,Low Risk
CUST-02251,0.872,1,High Risk
CUST-02252,0.7591,1,High Risk
CUST-02253,0.0004,0,Low Risk
CUST-02254,0.9174,1,High Risk
CUST-02255,0.0003,0,Low Risk
CUST-02256,0.0396,0,Low Risk
CUST-02257,0.0097,0,Low Risk
CUST-02258,0.8415,1,High Risk
CUST-02259,0.0002,0,Low Risk
CUST-02260,0.0715,0,Low Risk
CUST-02261,0.9558,1,High Risk
CUST-02262,0.0848,0,Low Risk
CUST-02263,0.993,1,High Risk
CUST-02264,0.0003,0,Low Risk
CUST-02265,0.9887,1,High Risk
CUST-02266,0.0031,0,Low Risk
CUST-02267,0.0002,0,Low Risk
CUST-02268,0.1389,0,Low Risk
CUST-02269,0.0281,0,Low Risk
CUST-02270,0.007,0,Low Risk
CUST-02271,0.9938,1,High Risk
CUST-02272,0.4326,1,Medium Risk
CUST-02273,0.0105,0,Low Risk
CUST-02274,0.0159,0,Low Risk
CUST-02275,0.0891,0,Low Risk
CUST-02276,0.0571,0,Low Risk
CUST-02277,0.9569,1,High Risk
CUST-02278,0.0008,0,Low Risk
CUST-02279,0.055,0,Low Risk
CUST-02280,0.1455,0,Low Risk
CUST-02281,0.9948,1,High Risk
CUST-02282,0.9834,1,High Risk
CUST-02283,0.0002,0,Low Risk
CUST-02284,0.0003,0,Low Risk
CUST-02285,0.5609,1,Medium Risk
CUST-02286,0.9492,1,High Risk
CUST-02287,0.0029,0,Low Risk
CUST-02288,0.1943,0,Low Risk
CUST-02289,0.4456,1,Medium Risk
CUST-02290,0.0016,0,Low Risk
CUST-02291,0.1674,0,Low Risk
CUST-02292,0.2538,0,Low Risk
CUST-02293,0.1911,0,Low Risk
CUST-02294,0.0013,0,Low Risk
CUST-02295,0.7627,1,High Risk
CUST-02296,0.1337,0,Low Risk
CUST-02297,0.9237,1,High Risk
CUST-02298,0.8756,1,High Risk
CUST-02299,0.9263,1,High Risk
CUST-02300,0.6902,1,Medium Risk
CUST-02301,0.0091,0,Low Risk
CUST-02302,0.9304,1,High Risk
CUST-02303,0.0763,0,Low Risk
CUST-02304,0.0011,0,Low Risk
CUST-02305,1e-04,0,Low Risk
CUST-02306,0.27,0,Low Risk
CUST-02307,0.0002,0,Low Risk
CUST-02308,0.0002,0,Low Risk
CUST-02309,0.9777,1,High Risk
CUST-02310,0.6523,1,Medium Risk
CUST-02311,0.9795,1,High Risk
CUST-02312,0.8174,1,High Risk
CUST-02313,0.127,0,Low Risk
CUST-02314,0.9814,1,High Risk
CUST-02315,0.0041,0,Low Risk
CUST-02316,0.0012,0,Low Risk
CUST-02317,0.0016,0,Low Risk
CUST-02318,0.3891,0,Low Risk
CUST-02319,0.0014,0,Low Risk
CUST-02320,0.0452,0,Low Risk
CUST-02321,0.0024,0,Low Risk
CUST-02322,0.0004,0,Low Risk
CUST-02323,0.9971,1,High Risk
CUST-02324,0.5151,1,Medium Risk
CUST-02325,0.8227,1,High Risk
CUST-02326,0.1099,0,Low Risk
CUST-02327,0.0233,0,Low Risk
CUST-02328,0.0058,0,Low Risk
CUST-02329,0.3275,0,Low Risk
CUST-02330,0.0074,0,Low Risk
CUST-02331,0.0148,0,Low Risk
CUST-02332,0.0041,0,Low Risk
CUST-02333,0.0058,0,Low Risk
CUST-02334,0.8715,1,High Risk
CUST-02335,0.9743,1,High Risk
CUST-02336,0.049,0,Low Risk
CUST-02337,0.0146,0,Low Risk
CUST-02338,0.0033,0,Low Risk
CUST-02339,0.0014,0,Low Risk
CUST-02340,0.5465,1,Medium Risk
CUST-02341,0.0942,0,Low Risk
CUST-02342,0.0,0,Low Risk
CUST-02343,1e-04,0,Low Risk
CUST-02344,0.8125,1,High Risk
CUST-02345,0.0015,0,Low Risk
CUST-02346,0.0543,0,Low Risk
CUST-02347,0.0007,0,Low Risk
CUST-02348,0.8559,1,High Risk
CUST-02349,0.0009,0,Low Risk
CUST-02350,0.0297,0,Low Risk
CUST-02351,0.0172,0,Low Risk
CUST-02352,0.9837,1,High Risk
CUST-02353,0.0144,0,Low Risk
CUST-02354,0.2187,0,Low Risk
CUST-02355,0.0254,0,Low Risk
CUST-02356,0.7661,1,High Risk
CUST-02357,0.0013,0,Low Risk
CUST-02358,0.9327,1,High Risk
CUST-02359,0.3111,0,Low Risk
CUST-02360,0.001,0,Low Risk
CUST-02361,0.0006,0,Low Risk
CUST-02362,1e-04,0,Low Risk
CUST-02363,0.9928,1,High Risk
CUST-02364,0.0507,0,Low Risk
CUST-02365,0.0933,0,Low Risk
CUST-02366,0.3245,0,Low Risk
CUST-02367,0.6765,1,Medium Risk
CUST-02368,0.0027,0,Low Risk
CUST-02369,0.1203,0,Low Risk
CUST-02370,0.9269,1,High Risk
CUST-02371,0.2295,0,Low Risk
CUST-02372,0.4221,1,Medium Risk
CUST-02373,0.0003,0,Low Risk
CUST-02374,0.0026,0,Low Risk
CUST-02375,0.9603,1,High Risk
CUST-02376,0.1475,0,Low Risk
CUST-02377,0.006,0,Low Risk
CUST-02378,0.1505,0,Low Risk
CUST-02379,0.4065,1,Medium Risk
CUST-02380,0.0003,0,Low Risk
CUST-02381,0.0003,0,Low Risk
CUST-02382,0.0021,0,Low Risk
CUST-02383,0.8052,1,High Risk
CUST-02384,0.012,0,Low Risk
CUST-02385,0.0003,0,Low Risk
CUST-02386,0.9509,1,High Risk
CUST-02387,0.9794,1,High Risk
CUST-02388,0.7945,1,High Risk
CUST-02389,0.018,0,Low Risk
CUST-02390,0.0226,0,Low Risk
CUST-02391,0.7675,1,High Risk
CUST-02392,0.0029,0,Low Risk
CUST-02393,1e-04,0,Low Risk
CUST-02394,0.0155,0,Low Risk
CUST-02395,0.0035,0,Low Risk
CUST-02396,0.0519,0,Low Risk
CUST-02397,0.0,0,Low Risk
CUST-02398,0.8193,1,High Risk
CUST-02399,0.9977,1,High Risk
CUST-02400,0.0025,0,Low Risk
CUST-02401,0.1418,0,Low Risk
CUST-02402,0.0062,0,Low Risk
CUST-02403,0.1567,0,Low Risk
CUST-02404,0.8958,1,High Risk
CUST-02405,0.7585,1,High Risk
CUST-02406,0.8743,1,High Risk
CUST-02407,0.9101,1,High Risk
CUST-02408,0.9981,1,High Risk
CUST-02409,0.0703,0,Low Risk
CUST-02410,0.5096,1,Medium Risk
CUST-02411,0.9851,1,High Risk
CUST-02412,0.0112,0,Low Risk
CUST-02413,0.9901,1,High Risk
CUST-02414,0.0,0,Low Risk
CUST-02415,0.9143,1,High Risk
CUST-02416,0.0012,0,Low Risk
CUST-02417,0.0003,0,Low Risk
CUST-02418,0.9255,1,High Risk
CUST-02419,0.0153,0,Low Risk
CUST-02420,0.0112,0,Low Risk
CUST-02421,0.8246,1,High Risk
CUST-02422,0.0042,0,Low Risk
CUST-02423,0.0002,0,Low Risk
CUST-02424,0.013,0,Low Risk
CUST-02425,0.0871,0,Low Risk
CUST-02426,0.0264,0,Low Risk
CUST-02427,0.004,0,Low Risk
CUST-02428,0.0005,0,Low Risk
CUST-02429,0.0015,0,Low Risk
CUST-02430,0.8783,1,High Risk
CUST-02431,0.8979,1,High Risk
CUST-02432,0.0009,0,Low Risk
CUST-02433,0.2543,0,Low Risk
CUST-02434,0.0661,0,Low Risk
CUST-02435,0.541,1,Medium Risk
CUST-02436,0.0004,0,Low Risk
CUST-02437,0.9957,1,High Risk
CUST-02438,0.9836,1,High Risk
CUST-02439,0.0005,0,Low Risk
CUST-02440,0.0866,0,Low Risk
CUST-02441,0.1105,0,Low Risk
CUST-02442,0.9493,1,High Risk
CUST-02443,0.2071,0,Low Risk
CUST-02444,0.0238,0,Low Risk
CUST-02445,0.0002,0,Low Risk
CUST-02446,0.0012,0,Low Risk
CUST-02447,0.0114,0,Low Risk
CUST-02448,0.0017,0,Low Risk
CUST-02449,0.004,0,Low Risk
CUST-02450,0.9021,1,High Risk
CUST-02451,0.0022,0,Low Risk
CUST-02452,0.0731,0,Low Risk
CUST-02453,0.9892,1,High Risk
CUST-02454,0.0038,0,Low Risk
CUST-02455,0.1511,0,Low Risk
CUST-02456,0.3193,0,Low Risk
CUST-02457,0.0183,0,Low Risk
CUST-02458,0.0198,0,Low Risk
CUST-02459,0.5316,1,Medium Risk
CUST-02460,0.9717,1,High Risk
CUST-02461,0.0003,0,Low Risk
CUST-02462,0.0642,0,Low Risk
CUST-02463,0.0012,0,Low Risk
CUST-02464,0.0051,0,Low Risk
CUST-02465,0.9948,1,High Risk
CUST-02466,0.0195,0,Low Risk
CUST-02467,0.002,0,Low Risk
CUST-02468,0.0025,0,Low Risk
CUST-02469,0.0007,0,Low Risk
CUST-02470,0.007,0,Low Risk
CUST-02471,0.7905,1,High Risk
CUST-02472,0.9931,1,High Risk
CUST-02473,0.7744,1,High Risk
CUST-02474,0.0014,0,Low Risk
CUST-02475,0.7509,1,High Risk
CUST-02476,0.0017,0,Low Risk
CUST-02477,0.0008,0,Low Risk
CUST-02478,1e-04,0,Low Risk
CUST-02479,0.0119,0,Low Risk
CUST-02480,0.1241,0,Low Risk
CUST-02481,0.968,1,High Risk
CUST-02482,0.9829,1,High Risk
CUST-02483,0.3775,0,Low Risk
CUST-02484,0.0069,0,Low Risk
CUST-02485,0.007,0,Low Risk
CUST-02486,0.0009,0,Low Risk
CUST-02487,0.9621,1,High Risk
CUST-02488,0.1233,0,Low Risk
CUST-02489,0.006,0,Low Risk
CUST-02490,0.1181,0,Low Risk
CUST-02491,0.0026,0,Low Risk
CUST-02492,0.1405,0,Low Risk
CUST-02493,0.2226,0,Low Risk
CUST-02494,0.0011,0,Low Risk
CUST-02495,0.0299,0,Low Risk
CUST-02496,0.0006,0,Low Risk
CUST-02497,0.0004,0,Low Risk
CUST-02498,0.0003,0,Low Risk
CUST-02499,0.0073,0,Low Risk
CUST-02500,0.8111,1,High Risk
CUST-02501,0.0027,0,Low Risk
CUST-02502,0.9706,1,High Risk
CUST-02503,0.1836,0,Low Risk
CUST-02504,0.0004,0,Low Risk
CUST-02505,0.0116,0,Low Risk
CUST-02506,0.9295,1,High Risk
CUST-02507,0.9872,1,High Risk
CUST-02508,0.0318,0,Low Risk
CUST-02509,0.0002,0,Low Risk
CUST-02510,0.1595,0,Low Risk
CUST-02511,0.0016,0,Low Risk
CUST-02512,0.0025,0,Low Risk
CUST-02513,0.0018,0,Low Risk
CUST-02514,0.3326,0,Low Risk
CUST-02515,0.9241,1,High Risk
CUST-02516,0.0003,0,Low Risk
CUST-02517,0.0425,0,Low Risk
CUST-02518,1e-04,0,Low Risk
CUST-02519,1e-04,0,Low Risk
CUST-02520,0.962,1,High Risk
CUST-02521,0.9527,1,High Risk
CUST-02522,0.0014,0,Low Risk
CUST-02523,0.0006,0,Low Risk
CUST-02524,0.0008,0,Low Risk
CUST-02525,0.0028,0,Low Risk
CUST-02526,0.6532,1,Medium Risk
CUST-02527,0.0018,0,Low Risk
CUST-02528,0.8015,1,High Risk
CUST-02529,0.0011,0,Low Risk
CUST-02530,0.8403,1,High Risk
CUST-02531,0.9233,1,High Risk
CUST-02532,0.9286,1,High Risk
CUST-02533,0.0008,0,Low Risk
CUST-02534,0.001,0,Low Risk
CUST-02535,0.0005,0,Low Risk
CUST-02536,0.005,0,Low Risk
CUST-02537,0.0015,0,Low Risk
CUST-02538,0.0663,0,Low Risk
CUST-02539,0.9473,1,High Risk
CUST-02540,0.9564,1,High Risk
CUST-02541,0.9983,1,High Risk
CUST-02542,0.0002,0,Low Risk
CUST-02543,0.0063,0,Low Risk
CUST-02544,1e-04,0,Low Risk
CUST-02545,0.0007,0,Low Risk
CUST-02546,0.0005,0,Low Risk
CUST-02547,1e-04,0,Low Risk
CUST-02548,0.0007,0,Low Risk
CUST-02549,0.4589,1,Medium Risk
CUST-02550,0.9533,1,High Risk
CUST-02551,0.8393,1,High Risk
CUST-02552,0.8228,1,High Risk
CUST-02553,0.0008,0,Low Risk
CUST-02554,0.002,0,Low Risk
CUST-02555,0.9986,1,High Risk
CUST-02556,0.0126,0,Low Risk
CUST-02557,0.1139,0,Low Risk
CUST-02558,0.9945,1,High Risk
CUST-02559,0.0015,0,Low Risk
CUST-02560,0.9693,1,High Risk
CUST-02561,0.0002,0,Low Risk
CUST-02562,0.0549,0,Low Risk
CUST-02563,0.9793,1,High Risk
CUST-02564,0.0003,0,Low Risk
CUST-02565,0.0171,0,Low Risk
CUST-02566,0.0054,0,Low Risk
CUST-02567,0.5912,1,Medium Risk
CUST-02568,0.9918,1,High Risk
CUST-02569,0.9318,1,High Risk
CUST-02570,0.982,1,High Risk
CUST-02571,0.2156,0,Low Risk
CUST-02572,0.2345,0,Low Risk
CUST-02573,0.8391,1,High Risk
CUST-02574,0.0007,0,Low Risk
CUST-02575,0.9219,1,High Risk
CUST-02576,0.0008,0,Low Risk
CUST-02577,0.9975,1,High Risk
CUST-02578,0.0052,0,Low Risk
CUST-02579,0.1116,0,Low Risk
CUST-02580,0.1334,0,Low Risk
CUST-02581,0.5102,1,Medium Risk
CUST-02582,0.0002,0,Low Risk
CUST-02583,0.0246,0,Low Risk
CUST-02584,0.0095,0,Low Risk
CUST-02585,0.0048,0,Low Risk
CUST-02586,0.0005,0,Low Risk
CUST-02587,0.001,0,Low Risk
CUST-02588,0.0006,0,Low Risk
CUST-02589,0.9644,1,High Risk
CUST-02590,0.0208,0,Low Risk
CUST-02591,0.9041,1,High Risk
CUST-02592,0.0127,0,Low Risk
CUST-02593,0.0009,0,Low Risk
CUST-02594,0.9776,1,High Risk
CUST-02595,0.9218,1,High Risk
CUST-02596,0.9283,1,High Risk
CUST-02597,0.3711,0,Low Risk
CUST-02598,0.2452,0,Low Risk
CUST-02599,0.0004,0,Low Risk
CUST-02600,0.9626,1,High Risk
CUST-02601,0.9466,1,High Risk
CUST-02602,0.0043,0,Low Risk
CUST-02603,0.0,0,Low Risk
CUST-02604,0.0003,0,Low Risk
CUST-02605,0.1332,0,Low Risk
CUST-02606,0.003,0,Low Risk
CUST-02607,0.4056,1,Medium Risk
CUST-02608,0.0392,0,Low Risk
CUST-02609,0.3399,0,Low Risk
CUST-02610,0.0036,0,Low Risk
CUST-02611,1e-04,0,Low Risk
CUST-02612,0.001,0,Low Risk
CUST-02613,0.9909,1,High Risk
CUST-02614,0.5781,1,Medium Risk
CUST-02615,0.0333,0,Low Risk
CUST-02616,0.0133,0,Low Risk
CUST-02617,0.0765,0,Low Risk
CUST-02618,0.0419,0,Low Risk
CUST-02619,0.0164,0,Low Risk
CUST-02620,0.8199,1,High Risk
CUST-02621,0.084,0,Low Risk
CUST-02622,0.0004,0,Low Risk
CUST-02623,1e-04,0,Low Risk
CUST-02624,0.0193,0,Low Risk
CUST-02625,0.9795,1,High Risk
CUST-02626,0.0726,0,Low Risk
CUST-02627,1e-04,0,Low Risk
CUST-02628,0.972,1,High Risk
CUST-02629,0.8539,1,High Risk
CUST-02630,0.0011,0,Low Risk
CUST-02631,0.0159,0,Low Risk
CUST-02632,0.0139,0,Low Risk
CUST-02633,0.8751,1,High Risk
CUST-02634,0.0909,0,Low Risk
CUST-02635,0.0088,0,Low Risk
CUST-02636,0.9996,1,High Risk
CUST-02637,0.001,0,Low Risk
CUST-02638,0.8612,1,High Risk
CUST-02639,0.1014,0,Low Risk
CUST-02640,0.0056,0,Low Risk
CUST-02641,0.0964,0,Low Risk
CUST-02642,0.0846,0,Low Risk
CUST-02643,0.0028,0,Low Risk
CUST-02644,0.0008,0,Low Risk
CUST-02645,0.0439,0,Low Risk
CUST-02646,0.002,0,Low Risk
CUST-02647,0.0007,0,Low Risk
CUST-02648,0.9899,1,High Risk
CUST-02649,0.0255,0,Low Risk
CUST-02650,0.0191,0,Low Risk
CUST-02651,0.1285,0,Low Risk
CUST-02652,0.1243,0,Low Risk
CUST-02653,1e-04,0,Low Risk
CUST-02654,0.6315,1,Medium Risk
CUST-02655,0.001,0,Low Risk
CUST-02656,0.0201,0,Low Risk
CUST-02657,0.0004,0,Low Risk
CUST-02658,0.016,0,Low Risk
CUST-02659,0.0002,0,Low Risk
CUST-02660,1e-04,0,Low Risk
CUST-02661,0.9952,1,High Risk
CUST-02662,0.0018,0,Low Risk
CUST-02663,0.9931,1,High Risk
CUST-02664,0.9947,1,High Risk
CUST-02665,0.8011,1,High Risk
CUST-02666,0.0613,0,Low Risk
CUST-02667,0.9746,1,High Risk
CUST-02668,0.9427,1,High Risk
CUST-02669,0.2492,0,Low Risk
CUST-02670,0.2169,0,Low Risk
CUST-02671,0.0021,0,Low Risk
CUST-02672,0.3872,0,Low Risk
CUST-02673,0.933,1,High Risk
CUST-02674,0.9776,1,High Risk
CUST-02675,0.0002,0,Low Risk
CUST-02676,0.933,1,High Risk
CUST-02677,0.2071,0,Low Risk
CUST-02678,0.0004,0,Low Risk
CUST-02679,0.917,1,High Risk
CUST-02680,0.8987,1,High Risk
CUST-02681,0.9885,1,High Risk
CUST-02682,0.7992,1,High Risk
CUST-02683,0.9935,1,High Risk
CUST-02684,0.0498,0,Low Risk
CUST-02685,0.0004,0,Low Risk
CUST-02686,0.0006,0,Low Risk
CUST-02687,0.0057,0,Low Risk
CUST-02688,0.0006,0,Low Risk
CUST-02689,0.0594,0,Low Risk
CUST-02690,0.6891,1,Medium Risk
CUST-02691,0.9014,1,High Risk
CUST-02692,0.3869,0,Low Risk
CUST-02693,0.0002,0,Low Risk
CUST-02694,0.0121,0,Low Risk
CUST-02695,0.9058,1,High Risk
CUST-02696,0.001,0,Low Risk
CUST-02697,0.0019,0,Low Risk
CUST-02698,0.0222,0,Low Risk
CUST-02699,0.0007,0,Low Risk
CUST-02700,0.8998,1,High Risk
CUST-02701,0.0035,0,Low Risk
CUST-02702,0.2835,0,Low Risk
CUST-02703,0.0007,0,Low Risk
CUST-02704,0.0007,0,Low Risk
CUST-02705,0.8107,1,High Risk
CUST-02706,0.0056,0,Low Risk
CUST-02707,0.0244,0,Low Risk
CUST-02708,0.9899,1,High Risk
CUST-02709,0.0002,0,Low Risk
CUST-02710,0.0246,0,Low Risk
CUST-02711,1e-04,0,Low Risk
CUST-02712,0.0011,0,Low Risk
CUST-02713,0.0464,0,Low Risk
CUST-02714,0.0003,0,Low Risk
CUST-02715,1e-04,0,Low Risk
CUST-02716,0.8596,1,High Risk
CUST-02717,0.0003,0,Low Risk
CUST-02718,0.0003,0,Low Risk
CUST-02719,0.0229,0,Low Risk
CUST-02720,0.0259,0,Low Risk
CUST-02721,0.2864,0,Low Risk
CUST-02722,0.0045,0,Low Risk
CUST-02723,0.0041,0,Low Risk
CUST-02724,0.8168,1,High Risk
CUST-02725,0.0387,0,Low Risk
CUST-02726,0.9826,1,High Risk
CUST-02727,0.8827,1,High Risk
CUST-02728,0.7902,1,High Risk
CUST-02729,0.242,0,Low Risk
CUST-02730,0.0595,0,Low Risk
CUST-02731,0.0011,0,Low Risk
CUST-02732,1e-04,0,Low Risk
CUST-02733,0.0007,0,Low Risk
CUST-02734,0.0036,0,Low Risk
CUST-02735,0.0083,0,Low Risk
CUST-02736,0.079,0,Low Risk
CUST-02737,0.8921,1,High Risk
CUST-02738,0.001,0,Low Risk
CUST-02739,0.0009,0,Low Risk
CUST-02740,0.9551,1,High Risk
CUST-02741,0.0323,0,Low Risk
CUST-02742,0.889,1,High Risk
CUST-02743,0.8071,1,High Risk
CUST-02744,0.8686,1,High Risk
CUST-02745,0.2146,0,Low Risk
CUST-02746,0.2509,0,Low Risk
CUST-02747,0.0,0,Low Risk
CUST-02748,0.0015,0,Low Risk
CUST-02749,0.3343,0,Low Risk
CUST-02750,0.3496,0,Low Risk
CUST-02751,0.0611,0,Low Risk
CUST-02752,1e-04,0,Low Risk
CUST-02753,0.9195,1,High Risk
CUST-02754,0.8035,1,High Risk
CUST-02755,0.4776,1,Medium Risk
CUST-02756,0.9925,1,High Risk
CUST-02757,0.8486,1,High Risk
CUST-02758,0.0134,0,Low Risk
CUST-02759,1e-04,0,Low Risk
CUST-02760,0.2748,0,Low Risk
CUST-02761,0.6454,1,Medium Risk
CUST-02762,0.9587,1,High Risk
CUST-02763,0.9793,1,High Risk
CUST-02764,0.673,1,Medium Risk
CUST-02765,0.0007,0,Low Risk
CUST-02766,0.0075,0,Low Risk
CUST-02767,0.0215,0,Low Risk
CUST-02768,0.9784,1,High Risk
CUST-02769,0.0449,0,Low Risk
CUST-02770,0.0005,0,Low Risk
CUST-02771,0.8046,1,High Risk
CUST-02772,0.0169,0,Low Risk
CUST-02773,0.0873,0,Low Risk
CUST-02774,0.0004,0,Low Risk
CUST-02775,0.0539,0,Low Risk
CUST-02776,0.7988,1,High Risk
CUST-02777,0.001,0,Low Risk
CUST-02778,0.4286,1,Medium Risk
CUST-02779,0.0074,0,Low Risk
CUST-02780,0.0128,0,Low Risk
CUST-02781,0.7916,1,High Risk
CUST-02782,0.9983,1,High Risk
CUST-02783,0.0004,0,Low Risk
CUST-02784,0.7763,1,High Risk
CUST-02785,0.0395,0,Low Risk
CUST-02786,0.0132,0,Low Risk
CUST-02787,0.1906,0,Low Risk
CUST-02788,0.053,0,Low Risk
CUST-02789,0.995,1,High Risk
CUST-02790,0.0704,0,Low Risk
CUST-02791,0.0047,0,Low Risk
CUST-02792,0.0557,0,Low Risk
CUST-02793,0.9714,1,High Risk
CUST-02794,0.0003,0,Low Risk
CUST-02795,0.1571,0,Low Risk
CUST-02796,0.0036,0,Low Risk
CUST-02797,0.0012,0,Low Risk
CUST-02798,0.0307,0,Low Risk
CUST-02799,0.0042,0,Low Risk
CUST-02800,0.9911,1,High Risk
CUST-02801,0.8821,1,High Risk
CUST-02802,0.0016,0,Low Risk
CUST-02803,0.0512,0,Low Risk
CUST-02804,1e-04,0,Low Risk
CUST-02805,0.0008,0,Low Risk
CUST-02806,0.0008,0,Low Risk
CUST-02807,0.3188,0,Low Risk
CUST-02808,0.9922,1,High Risk
CUST-02809,0.0014,0,Low Risk
CUST-02810,0.0825,0,Low Risk
CUST-02811,0.0216,0,Low Risk
CUST-02812,0.9728,1,High Risk
CUST-02813,0.0019,0,Low Risk
CUST-02814,0.0017,0,Low Risk
CUST-02815,0.9631,1,High Risk
CUST-02816,0.0163,0,Low Risk
CUST-02817,0.0007,0,Low Risk
CUST-02818,0.0955,0,Low Risk
CUST-02819,0.0259,0,Low Risk
CUST-02820,0.0342,0,Low Risk
CUST-02821,0.0007,0,Low Risk
CUST-02822,0.0044,0,Low Risk
CUST-02823,1e-04,0,Low Risk
CUST-02824,0.0005,0,Low Risk
CUST-02825,0.0003,0,Low Risk
CUST-02826,0.8171,1,High Risk
CUST-02827,0.8165,1,High Risk
CUST-02828,0.0003,0,Low Risk
CUST-02829,0.0991,0,Low Risk
CUST-02830,0.9531,1,High Risk
CUST-02831,0.029,0,Low Risk
CUST-02832,0.0456,0,Low Risk
CUST-02833,0.9323,1,High Risk
CUST-02834,0.0002,0,Low Risk
CUST-02835,0.0443,0,Low Risk
CUST-02836,0.0007,0,Low Risk
CUST-02837,0.2206,0,Low Risk
CUST-02838,0.5352,1,Medium Risk
CUST-02839,0.9979,1,High Risk
CUST-02840,0.4582,1,Medium Risk
CUST-02841,0.7698,1,High Risk
CUST-02842,1e-04,0,Low Risk
CUST-02843,0.0405,0,Low Risk
CUST-02844,0.9475,1,High Risk
CUST-02845,0.8199,1,High Risk
CUST-02846,0.9786,1,High Risk
CUST-02847,0.9905,1,High Risk
CUST-02848,0.6403,1,Medium Risk
CUST-02849,0.0003,0,Low Risk
CUST-02850,1e-04,0,Low Risk
CUST-02851,0.0826,0,Low Risk
CUST-02852,0.0003,0,Low Risk
CUST-02853,0.0146,0,Low Risk
CUST-02854,0.8995,1,High Risk
CUST-02855,0.1388,0,Low Risk
CUST-02856,0.1801,0,Low Risk
CUST-02857,0.0015,0,Low Risk
CUST-02858,0.9045,1,High Risk
CUST-02859,0.2084,0,Low Risk
CUST-02860,0.9297,1,High Risk
CUST-02861,0.0024,0,Low Risk
CUST-02862,0.8554,1,High Risk
CUST-02863,0.9965,1,High Risk
CUST-02864,0.0085,0,Low Risk
CUST-02865,0.1982,0,Low Risk
CUST-02866,0.1278,0,Low Risk
CUST-02867,0.0008,0,Low Risk
CUST-02868,0.8438,1,High Risk
CUST-02869,0.8784,1,High Risk
CUST-02870,0.0007,0,Low Risk
CUST-02871,0.9442,1,High Risk
CUST-02872,0.0002,0,Low Risk
CUST-02873,0.0002,0,Low Risk
CUST-02874,0.016,0,Low Risk
CUST-02875,0.0011,0,Low Risk
CUST-02876,0.0005,0,Low Risk
CUST-02877,0.0654,0,Low Risk
CUST-02878,0.0007,0,Low Risk
CUST-02879,0.8502,1,High Risk
CUST-02880,0.0059,0,Low Risk
CUST-02881,0.0005,0,Low Risk
CUST-02882,0.0011,0,Low Risk
CUST-02883,0.001,0,Low Risk
CUST-02884,0.2651,0,Low Risk
CUST-02885,0.005,0,Low Risk
CUST-02886,0.9885,1,High Risk
CUST-02887,0.0002,0,Low Risk
CUST-02888,0.0307,0,Low Risk
CUST-02889,0.0012,0,Low Risk
CUST-02890,0.1278,0,Low Risk
CUST-02891,0.0006,0,Low Risk
CUST-02892,0.0999,0,Low Risk
CUST-02893,0.7933,1,High Risk
CUST-02894,0.1146,0,Low Risk
CUST-02895,0.0877,0,Low Risk
CUST-02896,0.9219,1,High Risk
CUST-02897,0.9613,1,High Risk
CUST-02898,0.0069,0,Low Risk
CUST-02899,0.9597,1,High Risk
CUST-02900,0.3042,0,Low Risk
CUST-02901,0.9882,1,High Risk
CUST-02902,1e-04,0,Low Risk
CUST-02903,0.9304,1,High Risk
CUST-02904,1e-04,0,Low Risk
CUST-02905,0.9939,1,High Risk
CUST-02906,0.0277,0,Low Risk
CUST-02907,0.0073,0,Low Risk
CUST-02908,0.5688,1,Medium Risk
CUST-02909,0.8191,1,High Risk
CUST-02910,0.023,0,Low Risk
CUST-02911,0.9845,1,High Risk
CUST-02912,0.001,0,Low Risk
CUST-02913,0.0003,0,Low Risk
CUST-02914,0.1485,0,Low Risk
CUST-02915,0.9194,1,High Risk
CUST-02916,0.0038,0,Low Risk
CUST-02917,0.0147,0,Low Risk
CUST-02918,0.0121,0,Low Risk
CUST-02919,0.0018,0,Low Risk
CUST-02920,0.9327,1,High Risk
CUST-02921,0.0,0,Low Risk
CUST-02922,0.0401,0,Low Risk
CUST-02923,0.0051,0,Low Risk
CUST-02924,0.0273,0,Low Risk
CUST-02925,0.0132,0,Low Risk
CUST-02926,0.9837,1,High Risk
CUST-02927,0.0002,0,Low Risk
CUST-02928,0.0019,0,Low Risk
CUST-02929,0.7851,1,High Risk
CUST-02930,0.201,0,Low Risk
CUST-02931,0.2779,0,Low Risk
CUST-02932,0.1535,0,Low Risk
CUST-02933,0.9932,1,High Risk
CUST-02934,0.0063,0,Low Risk
CUST-02935,0.4585,1,Medium Risk
CUST-02936,0.9814,1,High Risk
CUST-02937,0.3266,0,Low Risk
CUST-02938,0.9135,1,High Risk
CUST-02939,0.8591,1,High Risk
CUST-02940,0.01,0,Low Risk
CUST-02941,0.0141,0,Low Risk
CUST-02942,0.8194,1,High Risk
CUST-02943,0.0003,0,Low Risk
CUST-02944,0.9384,1,High Risk
CUST-02945,0.0005,0,Low Risk
CUST-02946,0.9634,1,High Risk
CUST-02947,0.8543,1,High Risk
CUST-02948,0.9925,1,High Risk
CUST-02949,0.0007,0,Low Risk
CUST-02950,0.0104,0,Low Risk
CUST-02951,0.7822,1,High Risk
CUST-02952,0.0043,0,Low Risk
CUST-02953,0.0,0,Low Risk
CUST-02954,0.9948,1,High Risk
CUST-02955,0.0033,0,Low Risk
CUST-02956,0.0016,0,Low Risk
CUST-02957,0.0625,0,Low Risk
CUST-02958,0.0006,0,Low Risk
CUST-02959,0.0062,0,Low Risk
CUST-02960,0.0192,0,Low Risk
CUST-02961,0.9838,1,High Risk
CUST-02962,0.0004,0,Low Risk
CUST-02963,0.9548,1,High Risk
CUST-02964,1e-04,0,Low Risk
CUST-02965,0.9792,1,High Risk
CUST-02966,0.1819,0,Low Risk
CUST-02967,0.8352,1,High Risk
CUST-02968,0.0003,0,Low Risk
CUST-02969,0.0909,0,Low Risk
CUST-02970,0.0002,0,Low Risk
CUST-02971,0.2702,0,Low Risk
CUST-02972,0.9669,1,High Risk
CUST-02973,0.0039,0,Low Risk
CUST-02974,0.0393,0,Low Risk
CUST-02975,0.7616,1,High Risk
CUST-02976,0.9224,1,High Risk
CUST-02977,0.9445,1,High Risk
CUST-02978,0.8782,1,High Risk
CUST-02979,0.6577,1,Medium Risk
CUST-02980,0.0088,0,Low Risk
CUST-02981,0.0002,0,Low Risk
CUST-02982,0.0006,0,Low Risk
CUST-02983,0.4273,1,Medium Risk
CUST-02984,0.0083,0,Low Risk
CUST-02985,0.5644,1,Medium Risk
CUST-02986,0.1592,0,Low Risk
CUST-02987,0.7153,1,High Risk
CUST-02988,0.0005,0,Low Risk
CUST-02989,0.0015,0,Low Risk
CUST-02990,0.7871,1,High Risk
CUST-02991,0.0002,0,Low Risk
CUST-02992,0.1898,0,Low Risk
CUST-02993,0.1718,0,Low Risk
CUST-02994,0.0019,0,Low Risk
CUST-02995,0.9182,1,High Risk
CUST-02996,0.5286,1,Medium Risk
CUST-02997,0.0114,0,Low Risk
CUST-02998,0.0005,0,Low Risk
CUST-02999,0.0677,0,Low Risk
CUST-03000,0.8635,1,High Risk
CUST-03001,0.0026,0,Low Risk
CUST-03002,0.0025,0,Low Risk
CUST-03003,0.0216,0,Low Risk
CUST-03004,0.0002,0,Low Risk
CUST-03005,1e-04,0,Low Risk
CUST-03006,0.0006,0,Low Risk
CUST-03007,0.0143,0,Low Risk
CUST-03008,0.001,0,Low Risk
CUST-03009,0.989,1,High Risk
CUST-03010,0.0011,0,Low Risk
CUST-03011,0.0005,0,Low Risk
CUST-03012,0.001,0,Low Risk
CUST-03013,0.0034,0,Low Risk
CUST-03014,0.3009,0,Low Risk
CUST-03015,0.0005,0,Low Risk
CUST-03016,0.0021,0,Low Risk
CUST-03017,0.5362,1,Medium Risk
CUST-03018,0.0213,0,Low Risk
CUST-03019,0.9788,1,High Risk
CUST-03020,0.321,0,Low Risk
CUST-03021,0.007,0,Low Risk
CUST-03022,0.146,0,Low Risk
CUST-03023,0.0037,0,Low Risk
CUST-03024,0.9938,1,High Risk
CUST-03025,0.9846,1,High Risk
CUST-03026,0.4549,1,Medium Risk
CUST-03027,0.0057,0,Low Risk
CUST-03028,0.2991,0,Low Risk
CUST-03029,0.9839,1,High Risk
CUST-03030,0.0529,0,Low Risk
CUST-03031,0.2125,0,Low Risk
CUST-03032,0.006,0,Low Risk
CUST-03033,0.9444,1,High Risk
CUST-03034,0.0022,0,Low Risk
CUST-03035,0.0011,0,Low Risk
CUST-03036,0.0342,0,Low Risk
CUST-03037,0.0,0,Low Risk
CUST-03038,0.0046,0,Low Risk
CUST-03039,0.9953,1,High Risk
CUST-03040,0.0002,0,Low Risk
CUST-03041,0.9899,1,High Risk
CUST-03042,0.8635,1,High Risk
CUST-03043,0.0238,0,Low Risk
CUST-03044,0.0006,0,Low Risk
CUST-03045,0.0006,0,Low Risk
CUST-03046,0.2812,0,Low Risk
CUST-03047,0.9914,1,High Risk
CUST-03048,0.0228,0,Low Risk
CUST-03049,0.0403,0,Low Risk
CUST-03050,0.4668,1,Medium Risk
CUST-03051,0.0522,0,Low Risk
CUST-03052,0.9558,1,High Risk
CUST-03053,0.9523,1,High Risk
CUST-03054,0.9737,1,High Risk
CUST-03055,0.2786,0,Low Risk
CUST-03056,0.0039,0,Low Risk
CUST-03057,0.0212,0,Low Risk
CUST-03058,0.6869,1,Medium Risk
CUST-03059,0.9752,1,High Risk
CUST-03060,0.8854,1,High Risk
CUST-03061,0.8874,1,High Risk
CUST-03062,0.0054,0,Low Risk
CUST-03063,0.0003,0,Low Risk
CUST-03064,0.2852,0,Low Risk
CUST-03065,0.0003,0,Low Risk
CUST-03066,0.954,1,High Risk
CUST-03067,0.0234,0,Low Risk
CUST-03068,0.0012,0,Low Risk
CUST-03069,1e-04,0,Low Risk
CUST-03070,0.9384,1,High Risk
CUST-03071,0.0127,0,Low Risk
CUST-03072,0.0015,0,Low Risk
CUST-03073,0.9882,1,High Risk
CUST-03074,0.0016,0,Low Risk
CUST-03075,0.0076,0,Low Risk
CUST-03076,1e-04,0,Low Risk
CUST-03077,0.9853,1,High Risk
CUST-03078,0.9876,1,High Risk
CUST-03079,0.4578,1,Medium Risk
CUST-03080,0.9363,1,High Risk
CUST-03081,0.0023,0,Low Risk
CUST-03082,0.9872,1,High Risk
CUST-03083,0.005,0,Low Risk
CUST-03084,0.9849,1,High Risk
CUST-03085,0.0046,0,Low Risk
CUST-03086,0.0685,0,Low Risk
CUST-03087,1e-04,0,Low Risk
CUST-03088,0.9167,1,High Risk
CUST-03089,0.9391,1,High Risk
CUST-03090,0.0011,0,Low Risk
CUST-03091,0.7492,1,High Risk
CUST-03092,0.0145,0,Low Risk
CUST-03093,0.9438,1,High Risk
CUST-03094,0.0169,0,Low Risk
CUST-03095,0.0048,0,Low Risk
CUST-03096,0.1367,0,Low Risk
CUST-03097,0.9822,1,High Risk
CUST-03098,0.0005,0,Low Risk
CUST-03099,0.0003,0,Low Risk
CUST-03100,0.0064,0,Low Risk
CUST-03101,0.0036,0,Low Risk
CUST-03102,0.062,0,Low Risk
CUST-03103,0.0017,0,Low Risk
CUST-03104,0.0003,0,Low Risk
CUST-03105,0.9604,1,High Risk
CUST-03106,0.1938,0,Low Risk
CUST-03107,0.0006,0,Low Risk
CUST-03108,0.9621,1,High Risk
CUST-03109,1e-04,0,Low Risk
CUST-03110,0.9662,1,High Risk
CUST-03111,0.9503,1,High Risk
CUST-03112,0.0694,0,Low Risk
CUST-03113,0.1737,0,Low Risk
CUST-03114,0.0079,0,Low Risk
CUST-03115,0.0025,0,Low Risk
CUST-03116,0.4226,1,Medium Risk
CUST-03117,0.9287,1,High Risk
CUST-03118,0.0019,0,Low Risk
CUST-03119,0.0271,0,Low Risk
CUST-03120,0.0007,0,Low Risk
CUST-03121,0.868,1,High Risk
CUST-03122,0.1516,0,Low Risk
CUST-03123,0.8239,1,High Risk
CUST-03124,0.0002,0,Low Risk
CUST-03125,0.0236,0,Low Risk
CUST-03126,0.9057,1,High Risk
CUST-03127,0.9692,1,High Risk
CUST-03128,0.281,0,Low Risk
CUST-03129,0.9566,1,High Risk
CUST-03130,0.1228,0,Low Risk
CUST-03131,0.2221,0,Low Risk
CUST-03132,0.9881,1,High Risk
CUST-03133,0.2281,0,Low Risk
CUST-03134,1e-04,0,Low Risk
CUST-03135,0.2238,0,Low Risk
CUST-03136,0.9512,1,High Risk
CUST-03137,0.0003,0,Low Risk
CUST-03138,0.1333,0,Low Risk
CUST-03139,0.0003,0,Low Risk
CUST-03140,0.3662,0,Low Risk
CUST-03141,0.0018,0,Low Risk
CUST-03142,0.8718,1,High Risk
CUST-03143,0.1023,0,Low Risk
CUST-03144,0.0008,0,Low Risk
CUST-03145,0.0009,0,Low Risk
CUST-03146,0.8876,1,High Risk
CUST-03147,0.9729,1,High Risk
CUST-03148,0.001,0,Low Risk
CUST-03149,1e-04,0,Low Risk
CUST-03150,0.8426,1,High Risk
CUST-03151,0.003,0,Low Risk
CUST-03152,0.8449,1,High Risk
CUST-03153,0.1598,0,Low Risk
CUST-03154,0.1344,0,Low Risk
CUST-03155,0.0003,0,Low Risk
CUST-03156,0.991,1,High Risk
CUST-03157,0.9196,1,High Risk
CUST-03158,0.9926,1,High Risk
CUST-03159,0.0058,0,Low Risk
CUST-03160,0.989,1,High Risk
CUST-03161,0.3186,0,Low Risk
CUST-03162,0.0004,0,Low Risk
CUST-03163,0.5321,1,Medium Risk
CUST-03164,0.0348,0,Low Risk
CUST-03165,0.0088,0,Low Risk
CUST-03166,0.9184,1,High Risk
CUST-03167,0.9385,1,High Risk
CUST-03168,0.0248,0,Low Risk
CUST-03169,0.9925,1,High Risk
CUST-03170,0.9346,1,High Risk
CUST-03171,0.1752,0,Low Risk
CUST-03172,0.0003,0,Low Risk
CUST-03173,0.0002,0,Low Risk
CUST-03174,0.0003,0,Low Risk
CUST-03175,0.0002,0,Low Risk
CUST-03176,0.0328,0,Low Risk
CUST-03177,0.4276,1,Medium Risk
CUST-03178,0.6345,1,Medium Risk
CUST-03179,0.9724,1,High Risk
CUST-03180,0.0004,0,Low Risk
CUST-03181,1e-04,0,Low Risk
CUST-03182,0.8316,1,High Risk
CUST-03183,0.0017,0,Low Risk
CUST-03184,0.5152,1,Medium Risk
CUST-03185,0.8715,1,High Risk
CUST-03186,0.991,1,High Risk
CUST-03187,0.9842,1,High Risk
CUST-03188,0.9446,1,High Risk
CUST-03189,0.6819,1,Medium Risk
CUST-03190,0.5021,1,Medium Risk
CUST-03191,0.3501,0,Low Risk
CUST-03192,0.9756,1,High Risk
CUST-03193,0.0768,0,Low Risk
CUST-03194,0.0135,0,Low Risk
CUST-03195,0.0006,0,Low Risk
CUST-03196,0.0106,0,Low Risk
CUST-03197,0.0035,0,Low Risk
CUST-03198,0.3516,0,Low Risk
CUST-03199,0.6717,1,Medium Risk
CUST-03200,0.0773,0,Low Risk
CUST-03201,0.0394,0,Low Risk
CUST-03202,0.9467,1,High Risk
CUST-03203,0.0006,0,Low Risk
CUST-03204,0.6302,1,Medium Risk
CUST-03205,1e-04,0,Low Risk
CUST-03206,0.9722,1,High Risk
CUST-03207,0.0026,0,Low Risk
CUST-03208,0.0022,0,Low Risk
CUST-03209,0.6817,1,Medium Risk
CUST-03210,0.936,1,High Risk
CUST-03211,0.0121,0,Low Risk
CUST-03212,0.0396,0,Low Risk
CUST-03213,0.0002,0,Low Risk
CUST-03214,0.8123,1,High Risk
CUST-03215,1e-04,0,Low Risk
CUST-03216,0.0035,0,Low Risk
CUST-03217,0.9272,1,High Risk
CUST-03218,0.9725,1,High Risk
CUST-03219,0.0008,0,Low Risk
CUST-03220,0.0181,0,Low Risk
CUST-03221,0.5981,1,Medium Risk
CUST-03222,0.0907,0,Low Risk
CUST-03223,0.9552,1,High Risk
CUST-03224,0.0027,0,Low Risk
CUST-03225,1e-04,0,Low Risk
CUST-03226,0.0091,0,Low Risk
CUST-03227,0.0005,0,Low Risk
CUST-03228,0.0002,0,Low Risk
CUST-03229,0.011,0,Low Risk
CUST-03230,0.0083,0,Low Risk
CUST-03231,0.9885,1,High Risk
CUST-03232,0.9744,1,High Risk
CUST-03233,0.0734,0,Low Risk
CUST-03234,0.9824,1,High Risk
CUST-03235,0.8942,1,High Risk
CUST-03236,0.0003,0,Low Risk
CUST-03237,0.968,1,High Risk
CUST-03238,0.2101,0,Low Risk
CUST-03239,0.1989,0,Low Risk
CUST-03240,0.7363,1,High Risk
CUST-03241,0.0106,0,Low Risk
CUST-03242,0.0103,0,Low Risk
CUST-03243,0.9793,1,High Risk
CUST-03244,0.0006,0,Low Risk
CUST-03245,0.2481,0,Low Risk
CUST-03246,0.9376,1,High Risk
CUST-03247,0.5921,1,Medium Risk
CUST-03248,0.9755,1,High Risk
CUST-03249,0.0126,0,Low Risk
CUST-03250,0.0009,0,Low Risk
CUST-03251,0.2328,0,Low Risk
CUST-03252,0.8503,1,High Risk
CUST-03253,0.988,1,High Risk
CUST-03254,0.713,1,High Risk
CUST-03255,0.1743,0,Low Risk
CUST-03256,0.1525,0,Low Risk
CUST-03257,0.0995,0,Low Risk
CUST-03258,0.001,0,Low Risk
CUST-03259,0.0013,0,Low Risk
CUST-03260,0.5427,1,Medium Risk
CUST-03261,0.0004,0,Low Risk
CUST-03262,0.0018,0,Low Risk
CUST-03263,0.0039,0,Low Risk
CUST-03264,0.0131,0,Low Risk
CUST-03265,0.9834,1,High Risk
CUST-03266,0.1019,0,Low Risk
CUST-03267,0.9961,1,High Risk
CUST-03268,0.0003,0,Low Risk
CUST-03269,0.2173,0,Low Risk
CUST-03270,0.0064,0,Low Risk
CUST-03271,0.7028,1,High Risk
CUST-03272,0.0011,0,Low Risk
CUST-03273,0.2318,0,Low Risk
CUST-03274,0.0041,0,Low Risk
CUST-03275,1e-04,0,Low Risk
CUST-03276,0.0025,0,Low Risk
CUST-03277,0.0003,0,Low Risk
CUST-03278,0.0028,0,Low Risk
CUST-03279,0.8781,1,High Risk
CUST-03280,0.9967,1,High Risk
CUST-03281,0.0703,0,Low Risk
CUST-03282,0.0007,0,Low Risk
CUST-03283,0.9968,1,High Risk
CUST-03284,0.4014,1,Medium Risk
CUST-03285,0.0079,0,Low Risk
CUST-03286,0.0211,0,Low Risk
CUST-03287,0.0002,0,Low Risk
CUST-03288,0.0009,0,Low Risk
CUST-03289,0.9835,1,High Risk
CUST-03290,0.0002,0,Low Risk
CUST-03291,0.0898,0,Low Risk
CUST-03292,0.001,0,Low Risk
CUST-03293,0.0089,0,Low Risk
CUST-03294,0.0005,0,Low Risk
CUST-03295,0.3054,0,Low Risk
CUST-03296,0.9521,1,High Risk
CUST-03297,0.0031,0,Low Risk
CUST-03298,0.9965,1,High Risk
CUST-03299,0.1849,0,Low Risk
CUST-03300,0.2653,0,Low Risk
CUST-03301,0.9423,1,High Risk
CUST-03302,0.0005,0,Low Risk
CUST-03303,0.0005,0,Low Risk
CUST-03304,0.0223,0,Low Risk
CUST-03305,0.0892,0,Low Risk
CUST-03306,0.0002,0,Low Risk
CUST-03307,0.4746,1,Medium Risk
CUST-03308,0.0004,0,Low Risk
CUST-03309,0.0034,0,Low Risk
CUST-03310,0.0152,0,Low Risk
CUST-03311,0.2804,0,Low Risk
CUST-03312,0.0041,0,Low Risk
CUST-03313,0.9982,1,High Risk
CUST-03314,0.9978,1,High Risk
CUST-03315,0.0996,0,Low Risk
CUST-03316,0.0028,0,Low Risk
CUST-03317,0.4202,1,Medium Risk
CUST-03318,0.0233,0,Low Risk
CUST-03319,0.9302,1,High Risk
CUST-03320,0.0964,0,Low Risk
CUST-03321,0.0864,0,Low Risk
CUST-03322,0.5661,1,Medium Risk
CUST-03323,0.0041,0,Low Risk
CUST-03324,0.0375,0,Low Risk
CUST-03325,0.0002,0,Low Risk
CUST-03326,0.1696,0,Low Risk
CUST-03327,0.0038,0,Low Risk
CUST-03328,0.0078,0,Low Risk
CUST-03329,0.0005,0,Low Risk
CUST-03330,0.9858,1,High Risk
CUST-03331,1e-04,0,Low Risk
CUST-03332,0.0037,0,Low Risk
CUST-03333,0.9244,1,High Risk
CUST-03334,0.9837,1,High Risk
CUST-03335,0.7831,1,High Risk
CUST-03336,0.0002,0,Low Risk
CUST-03337,0.0015,0,Low Risk
CUST-03338,0.9632,1,High Risk
CUST-03339,1e-04,0,Low Risk
CUST-03340,0.8542,1,High Risk
CUST-03341,0.0,0,Low Risk
CUST-03342,0.0007,0,Low Risk
CUST-03343,0.006,0,Low Risk
CUST-03344,0.0369,0,Low Risk
CUST-03345,0.0083,0,Low Risk
CUST-03346,0.9532,1,High Risk
CUST-03347,0.9291,1,High Risk
CUST-03348,0.9816,1,High Risk
CUST-03349,0.1821,0,Low Risk
CUST-03350,0.0077,0,Low Risk
CUST-03351,0.0041,0,Low Risk
CUST-03352,0.0334,0,Low Risk
CUST-03353,0.9549,1,High Risk
CUST-03354,0.0008,0,Low Risk
CUST-03355,0.8082,1,High Risk
CUST-03356,0.7823,1,High Risk
CUST-03357,0.0079,0,Low Risk
CUST-03358,0.0084,0,Low Risk
CUST-03359,0.9872,1,High Risk
CUST-03360,0.004,0,Low Risk
CUST-03361,0.7349,1,High Risk
CUST-03362,0.0743,0,Low Risk
CUST-03363,0.0045,0,Low Risk
CUST-03364,0.0005,0,Low Risk
CUST-03365,0.9896,1,High Risk
CUST-03366,0.5104,1,Medium Risk
CUST-03367,0.015,0,Low Risk
CUST-03368,0.3634,0,Low Risk
CUST-03369,0.2999,0,Low Risk
CUST-03370,0.0011,0,Low Risk
CUST-03371,0.9975,1,High Risk
CUST-03372,1e-04,0,Low Risk
CUST-03373,1e-04,0,Low Risk
CUST-03374,0.3351,0,Low Risk
CUST-03375,0.0708,0,Low Risk
CUST-03376,0.001,0,Low Risk
CUST-03377,0.0011,0,Low Risk
CUST-03378,0.1889,0,Low Risk
CUST-03379,0.834,1,High Risk
CUST-03380,0.0042,0,Low Risk
CUST-03381,0.153,0,Low Risk
CUST-03382,0.0923,0,Low Risk
CUST-03383,0.8311,1,High Risk
CUST-03384,0.0042,0,Low Risk
CUST-03385,0.0107,0,Low Risk
CUST-03386,0.0003,0,Low Risk
CUST-03387,0.0006,0,Low Risk
CUST-03388,0.9621,1,High Risk
CUST-03389,0.0656,0,Low Risk
CUST-03390,1e-04,0,Low Risk
CUST-03391,0.0719,0,Low Risk
CUST-03392,0.1916,0,Low Risk
CUST-03393,0.091,0,Low Risk
CUST-03394,0.1238,0,Low Risk
CUST-03395,0.0004,0,Low Risk
CUST-03396,0.0031,0,Low Risk
CUST-03397,0.0083,0,Low Risk
CUST-03398,0.0037,0,Low Risk
CUST-03399,0.0224,0,Low Risk
CUST-03400,0.9938,1,High Risk
CUST-03401,0.0027,0,Low Risk
CUST-03402,0.0925,0,Low Risk
CUST-03403,0.8747,1,High Risk
CUST-03404,0.0019,0,Low Risk
CUST-03405,0.9855,1,High Risk
CUST-03406,0.9754,1,High Risk
CUST-03407,0.0055,0,Low Risk
CUST-03408,0.0008,0,Low Risk
CUST-03409,0.3802,0,Low Risk
CUST-03410,0.0017,0,Low Risk
CUST-03411,0.0008,0,Low Risk
CUST-03412,0.8336,1,High Risk
CUST-03413,0.0599,0,Low Risk
CUST-03414,0.0443,0,Low Risk
CUST-03415,0.8405,1,High Risk
CUST-03416,0.0033,0,Low Risk
CUST-03417,0.0003,0,Low Risk
CUST-03418,0.5998,1,Medium Risk
CUST-03419,0.0019,0,Low Risk
CUST-03420,0.6021,1,Medium Risk
CUST-03421,0.4631,1,Medium Risk
CUST-03422,0.02,0,Low Risk
CUST-03423,0.0036,0,Low Risk
CUST-03424,0.0005,0,Low Risk
CUST-03425,0.983,1,High Risk
CUST-03426,0.0118,0,Low Risk
CUST-03427,0.0013,0,Low Risk
CUST-03428,0.0012,0,Low Risk
CUST-03429,0.4997,1,Medium Risk
CUST-03430,0.9307,1,High Risk
CUST-03431,0.0008,0,Low Risk
CUST-03432,0.0154,0,Low Risk
CUST-03433,0.1824,0,Low Risk
CUST-03434,1e-04,0,Low Risk
CUST-03435,0.0008,0,Low Risk
CUST-03436,0.8763,1,High Risk
CUST-03437,0.0004,0,Low Risk
CUST-03438,0.8974,1,High Risk
CUST-03439,0.8301,1,High Risk
CUST-03440,0.8697,1,High Risk
CUST-03441,0.0003,0,Low Risk
CUST-03442,0.0053,0,Low Risk
CUST-03443,0.003,0,Low Risk
CUST-03444,0.0002,0,Low Risk
CUST-03445,0.0154,0,Low Risk
CUST-03446,0.1738,0,Low Risk
CUST-03447,0.6941,1,Medium Risk
CUST-03448,0.0044,0,Low Risk
CUST-03449,0.0027,0,Low Risk
CUST-03450,1e-04,0,Low Risk
CUST-03451,0.9245,1,High Risk
CUST-03452,0.0005,0,Low Risk
CUST-03453,0.0054,0,Low Risk
CUST-03454,0.9684,1,High Risk
CUST-03455,0.0158,0,Low Risk
CUST-03456,0.0062,0,Low Risk
CUST-03457,0.0033,0,Low Risk
CUST-03458,0.9026,1,High Risk
CUST-03459,0.0005,0,Low Risk
CUST-03460,0.9697,1,High Risk
CUST-03461,0.7944,1,High Risk
CUST-03462,0.2587,0,Low Risk
CUST-03463,0.0041,0,Low Risk
CUST-03464,0.383,0,Low Risk
CUST-03465,0.0018,0,Low Risk
CUST-03466,0.6153,1,Medium Risk
CUST-03467,0.0617,0,Low Risk
CUST-03468,0.9557,1,High Risk
CUST-03469,0.0137,0,Low Risk
CUST-03470,0.4704,1,Medium Risk
CUST-03471,0.0003,0,Low Risk
CUST-03472,0.0075,0,Low Risk
CUST-03473,0.4139,1,Medium Risk
CUST-03474,1e-04,0,Low Risk
CUST-03475,0.251,0,Low Risk
CUST-03476,0.9777,1,High Risk
CUST-03477,0.6366,1,Medium Risk
CUST-03478,0.0044,0,Low Risk
CUST-03479,0.0002,0,Low Risk
CUST-03480,0.4225,1,Medium Risk
CUST-03481,0.0005,0,Low Risk
CUST-03482,0.5555,1,Medium Risk
CUST-03483,0.0286,0,Low Risk
CUST-03484,0.0127,0,Low Risk
CUST-03485,0.0002,0,Low Risk
CUST-03486,0.9658,1,High Risk
CUST-03487,0.1414,0,Low Risk
CUST-03488,0.9556,1,High Risk
CUST-03489,0.0727,0,Low Risk
CUST-03490,0.0013,0,Low Risk
CUST-03491,0.992,1,High Risk
CUST-03492,0.0045,0,Low Risk
CUST-03493,0.0021,0,Low Risk
CUST-03494,0.002,0,Low Risk
CUST-03495,0.1378,0,Low Risk
CUST-03496,1e-04,0,Low Risk
CUST-03497,0.001,0,Low Risk
CUST-03498,0.9943,1,High Risk
CUST-03499,0.0006,0,Low Risk
CUST-03500,0.8189,1,High Risk
CUST-03501,0.9932,1,High Risk
CUST-03502,0.0014,0,Low Risk
CUST-03503,0.0046,0,Low Risk
CUST-03504,0.0005,0,Low Risk
CUST-03505,0.0058,0,Low Risk
CUST-03506,0.0846,0,Low Risk
CUST-03507,0.9956,1,High Risk
CUST-03508,0.11,0,Low Risk
CUST-03509,0.0113,0,Low Risk
CUST-03510,0.0231,0,Low Risk
CUST-03511,0.1671,0,Low Risk
CUST-03512,0.8063,1,High Risk
CUST-03513,0.0116,0,Low Risk
CUST-03514,0.0006,0,Low Risk
CUST-03515,0.0004,0,Low Risk
CUST-03516,0.047,0,Low Risk
CUST-03517,0.1231,0,Low Risk
CUST-03518,0.0016,0,Low Risk
CUST-03519,0.0857,0,Low Risk
CUST-03520,0.9911,1,High Risk
CUST-03521,0.545,1,Medium Risk
CUST-03522,0.1364,0,Low Risk
CUST-03523,0.8949,1,High Risk
CUST-03524,0.9757,1,High Risk
CUST-03525,0.002,0,Low Risk
CUST-03526,0.0003,0,Low Risk
CUST-03527,0.0294,0,Low Risk
CUST-03528,0.1709,0,Low Risk
CUST-03529,0.0128,0,Low Risk
CUST-03530,0.0722,0,Low Risk
CUST-03531,0.0173,0,Low Risk
CUST-03532,0.2529,0,Low Risk
CUST-03533,0.0012,0,Low Risk
CUST-03534,0.0646,0,Low Risk
CUST-03535,0.0706,0,Low Risk
CUST-03536,0.8117,1,High Risk
CUST-03537,0.0149,0,Low Risk
CUST-03538,0.1005,0,Low Risk
CUST-03539,0.0009,0,Low Risk
CUST-03540,0.993,1,High Risk
CUST-03541,0.0062,0,Low Risk
CUST-03542,0.1823,0,Low Risk
CUST-03543,0.0013,0,Low Risk
CUST-03544,0.0059,0,Low Risk
CUST-03545,0.6798,1,Medium Risk
CUST-03546,0.1707,0,Low Risk
CUST-03547,0.9974,1,High Risk
CUST-03548,0.2627,0,Low Risk
CUST-03549,0.9884,1,High Risk
CUST-03550,0.0006,0,Low Risk
CUST-03551,0.9476,1,High Risk
CUST-03552,0.0588,0,Low Risk
CUST-03553,0.2206,0,Low Risk
CUST-03554,0.8759,1,High Risk
CUST-03555,0.0116,0,Low Risk
CUST-03556,0.0651,0,Low Risk
CUST-03557,0.0067,0,Low Risk
CUST-03558,0.0004,0,Low Risk
CUST-03559,0.0005,0,Low Risk
CUST-03560,0.0007,0,Low Risk
CUST-03561,0.0188,0,Low Risk
CUST-03562,0.9906,1,High Risk
CUST-03563,0.0002,0,Low Risk
CUST-03564,0.0012,0,Low Risk
CUST-03565,0.2076,0,Low Risk
CUST-03566,0.0011,0,Low Risk
CUST-03567,0.9604,1,High Risk
CUST-03568,0.9545,1,High Risk
CUST-03569,0.9384,1,High Risk
CUST-03570,0.7079,1,High Risk
CUST-03571,0.0126,0,Low Risk
CUST-03572,1e-04,0,Low Risk
CUST-03573,0.0101,0,Low Risk
CUST-03574,0.0003,0,Low Risk
CUST-03575,0.0036,0,Low Risk
CUST-03576,0.0054,0,Low Risk
CUST-03577,0.0358,0,Low Risk
CUST-03578,0.7992,1,High Risk
CUST-03579,0.0736,0,Low Risk
CUST-03580,0.0026,0,Low Risk
CUST-03581,0.967,1,High Risk
CUST-03582,0.0202,0,Low Risk
CUST-03583,0.001,0,Low Risk
CUST-03584,0.9816,1,High Risk
CUST-03585,0.0296,0,Low Risk
CUST-03586,0.0014,0,Low Risk
CUST-03587,0.0033,0,Low Risk
CUST-03588,0.002,0,Low Risk
CUST-03589,0.0082,0,Low Risk
CUST-03590,0.0028,0,Low Risk
CUST-03591,0.0735,0,Low Risk
CUST-03592,0.0059,0,Low Risk
CUST-03593,0.0109,0,Low Risk
CUST-03594,0.0219,0,Low Risk
CUST-03595,0.0002,0,Low Risk
CUST-03596,0.9128,1,High Risk
CUST-03597,0.988,1,High Risk
CUST-03598,0.0011,0,Low Risk
CUST-03599,0.9958,1,High Risk
CUST-03600,0.9527,1,High Risk
CUST-03601,0.8415,1,High Risk
CUST-03602,0.0151,0,Low Risk
CUST-03603,0.0287,0,Low Risk
CUST-03604,0.0013,0,Low Risk
CUST-03605,0.0351,0,Low Risk
CUST-03606,0.001,0,Low Risk
CUST-03607,1e-04,0,Low Risk
CUST-03608,0.9877,1,High Risk
CUST-03609,0.9968,1,High Risk
CUST-03610,0.0077,0,Low Risk
CUST-03611,0.0023,0,Low Risk
CUST-03612,0.0159,0,Low Risk
CUST-03613,0.0043,0,Low Risk
CUST-03614,0.7113,1,High Risk
CUST-03615,0.0627,0,Low Risk
CUST-03616,0.7252,1,High Risk
CUST-03617,0.0007,0,Low Risk
CUST-03618,0.1446,0,Low Risk
CUST-03619,0.9122,1,High Risk
CUST-03620,0.0009,0,Low Risk
CUST-03621,0.0279,0,Low Risk
CUST-03622,0.0013,0,Low Risk
CUST-03623,0.6712,1,Medium Risk
CUST-03624,0.4158,1,Medium Risk
CUST-03625,0.0494,0,Low Risk
CUST-03626,0.0199,0,Low Risk
CUST-03627,0.0008,0,Low Risk
CUST-03628,0.1408,0,Low Risk
CUST-03629,0.0746,0,Low Risk
CUST-03630,0.9446,1,High Risk
CUST-03631,0.9381,1,High Risk
CUST-03632,0.9874,1,High Risk
CUST-03633,0.0013,0,Low Risk
CUST-03634,0.0007,0,Low Risk
CUST-03635,0.0098,0,Low Risk
CUST-03636,0.001,0,Low Risk
CUST-03637,0.0047,0,Low Risk
CUST-03638,0.1326,0,Low Risk
CUST-03639,0.0963,0,Low Risk
CUST-03640,0.1255,0,Low Risk
CUST-03641,0.0641,0,Low Risk
CUST-03642,1e-04,0,Low Risk
CUST-03643,0.7389,1,High Risk
CUST-03644,0.0069,0,Low Risk
CUST-03645,0.005,0,Low Risk
CUST-03646,0.0012,0,Low Risk
CUST-03647,0.0032,0,Low Risk
CUST-03648,0.0077,0,Low Risk
CUST-03649,0.0003,0,Low Risk
CUST-03650,0.0005,0,Low Risk
CUST-03651,0.0917,0,Low Risk
CUST-03652,0.9745,1,High Risk
CUST-03653,0.9291,1,High Risk
CUST-03654,0.0622,0,Low Risk
CUST-03655,1e-04,0,Low Risk
CUST-03656,0.0099,0,Low Risk
CUST-03657,0.003,0,Low Risk
CUST-03658,0.9406,1,High Risk
CUST-03659,0.9973,1,High Risk
CUST-03660,0.0006,0,Low Risk
CUST-03661,0.0004,0,Low Risk
CUST-03662,0.0131,0,Low Risk
CUST-03663,0.0018,0,Low Risk
CUST-03664,0.8568,1,High Risk
CUST-03665,0.0058,0,Low Risk
CUST-03666,0.0654,0,Low Risk
CUST-03667,0.001,0,Low Risk
CUST-03668,0.0002,0,Low Risk
CUST-03669,0.0011,0,Low Risk
CUST-03670,0.7409,1,High Risk
CUST-03671,0.9449,1,High Risk
CUST-03672,0.9914,1,High Risk
CUST-03673,0.0058,0,Low Risk
CUST-03674,0.0504,0,Low Risk
CUST-03675,0.0112,0,Low Risk
CUST-03676,0.9541,1,High Risk
CUST-03677,0.0066,0,Low Risk
CUST-03678,0.0016,0,Low Risk
CUST-03679,0.4744,1,Medium Risk
CUST-03680,0.0002,0,Low Risk
CUST-03681,0.9341,1,High Risk
CUST-03682,0.9436,1,High Risk
CUST-03683,0.2229,0,Low Risk
CUST-03684,0.0103,0,Low Risk
CUST-03685,0.9532,1,High Risk
CUST-03686,0.9729,1,High Risk
CUST-03687,0.1057,0,Low Risk
CUST-03688,0.0,0,Low Risk
CUST-03689,0.0011,0,Low Risk
CUST-03690,1e-04,0,Low Risk
CUST-03691,0.2661,0,Low Risk
CUST-03692,0.9798,1,High Risk
CUST-03693,0.0005,0,Low Risk
CUST-03694,0.0002,0,Low Risk
CUST-03695,0.0093,0,Low Risk
CUST-03696,0.7369,1,High Risk
CUST-03697,0.0003,0,Low Risk
CUST-03698,0.0021,0,Low Risk
CUST-03699,0.6679,1,Medium Risk
CUST-03700,0.0201,0,Low Risk
CUST-03701,0.0292,0,Low Risk
CUST-03702,0.0015,0,Low Risk
CUST-03703,0.0312,0,Low Risk
CUST-03704,0.3623,0,Low Risk
CUST-03705,0.9541,1,High Risk
CUST-03706,0.9861,1,High Risk
CUST-03707,0.9856,1,High Risk
CUST-03708,0.0002,0,Low Risk
CUST-03709,0.001,0,Low Risk
CUST-03710,0.9814,1,High Risk
CUST-03711,0.1601,0,Low Risk
CUST-03712,0.0138,0,Low Risk
CUST-03713,0.0002,0,Low Risk
CUST-03714,0.0009,0,Low Risk
CUST-03715,0.6183,1,Medium Risk
CUST-03716,0.0218,0,Low Risk
CUST-03717,0.0004,0,Low Risk
CUST-03718,0.0013,0,Low Risk
CUST-03719,0.1146,0,Low Risk
CUST-03720,0.4066,1,Medium Risk
CUST-03721,0.0103,0,Low Risk
CUST-03722,0.6632,1,Medium Risk
CUST-03723,0.8908,1,High Risk
CUST-03724,0.0003,0,Low Risk
CUST-03725,0.0012,0,Low Risk
CUST-03726,0.9957,1,High Risk
CUST-03727,0.0689,0,Low Risk
CUST-03728,0.0008,0,Low Risk
CUST-03729,0.1274,0,Low Risk
CUST-03730,0.0005,0,Low Risk
CUST-03731,0.0023,0,Low Risk
CUST-03732,0.0,0,Low Risk
CUST-03733,0.0679,0,Low Risk
CUST-03734,0.1532,0,Low Risk
CUST-03735,0.0035,0,Low Risk
CUST-03736,0.0125,0,Low Risk
CUST-03737,0.0241,0,Low Risk
CUST-03738,0.0025,0,Low Risk
CUST-03739,0.0005,0,Low Risk
CUST-03740,0.8831,1,High Risk
CUST-03741,0.0034,0,Low Risk
CUST-03742,0.9666,1,High Risk
CUST-03743,0.9215,1,High Risk
CUST-03744,0.0048,0,Low Risk
CUST-03745,0.0232,0,Low Risk
CUST-03746,0.0311,0,Low Risk
CUST-03747,0.0002,0,Low Risk
CUST-03748,0.0074,0,Low Risk
CUST-03749,0.9256,1,High Risk
CUST-03750,0.0059,0,Low Risk
CUST-03751,0.9978,1,High Risk
CUST-03752,0.8619,1,High Risk
CUST-03753,0.2169,0,Low Risk
CUST-03754,0.9718,1,High Risk
CUST-03755,0.023,0,Low Risk
CUST-03756,0.0063,0,Low Risk
CUST-03757,0.0096,0,Low Risk
CUST-03758,0.9467,1,High Risk
CUST-03759,0.1892,0,Low Risk
CUST-03760,0.0,0,Low Risk
CUST-03761,0.9861,1,High Risk
CUST-03762,0.0005,0,Low Risk
CUST-03763,0.8426,1,High Risk
CUST-03764,0.0551,0,Low Risk
CUST-03765,0.0011,0,Low Risk
CUST-03766,0.0529,0,Low Risk
CUST-03767,0.9385,1,High Risk
CUST-03768,0.0052,0,Low Risk
CUST-03769,0.9835,1,High Risk
CUST-03770,0.0313,0,Low Risk
CUST-03771,0.3535,0,Low Risk
CUST-03772,0.0008,0,Low Risk
CUST-03773,0.0564,0,Low Risk
CUST-03774,0.0403,0,Low Risk
CUST-03775,0.9368,1,High Risk
CUST-03776,0.8147,1,High Risk
CUST-03777,0.0008,0,Low Risk
CUST-03778,0.9414,1,High Risk
CUST-03779,0.0305,0,Low Risk
CUST-03780,0.9714,1,High Risk
CUST-03781,0.0058,0,Low Risk
CUST-03782,0.0067,0,Low Risk
CUST-03783,1e-04,0,Low Risk
CUST-03784,0.0015,0,Low Risk
CUST-03785,0.0372,0,Low Risk
CUST-03786,0.0002,0,Low Risk
CUST-03787,0.9957,1,High Risk
CUST-03788,0.0033,0,Low Risk
CUST-03789,0.9825,1,High Risk
CUST-03790,0.0532,0,Low Risk
CUST-03791,0.0013,0,Low Risk
CUST-03792,0.0027,0,Low Risk
CUST-03793,0.0012,0,Low Risk
CUST-03794,0.9787,1,High Risk
CUST-03795,0.415,1,Medium Risk
CUST-03796,0.0006,0,Low Risk
CUST-03797,0.0019,0,Low Risk
CUST-03798,1e-04,0,Low Risk
CUST-03799,0.1314,0,Low Risk
CUST-03800,0.0646,0,Low Risk
CUST-03801,0.0028,0,Low Risk
CUST-03802,0.0333,0,Low Risk
CUST-03803,0.0015,0,Low Risk
CUST-03804,0.0608,0,Low Risk
CUST-03805,0.0438,0,Low Risk
CUST-03806,0.0007,0,Low Risk
CUST-03807,0.256,0,Low Risk
CUST-03808,0.0122,0,Low Risk
CUST-03809,0.9947,1,High Risk
CUST-03810,0.9608,1,High Risk
CUST-03811,0.6412,1,Medium Risk
CUST-03812,0.0195,0,Low Risk
CUST-03813,0.5664,1,Medium Risk
CUST-03814,0.0028,0,Low Risk
CUST-03815,0.0028,0,Low Risk
CUST-03816,0.5089,1,Medium Risk
CUST-03817,0.7141,1,High Risk
CUST-03818,0.548,1,Medium Risk
CUST-03819,0.8792,1,High Risk
CUST-03820,0.978,1,High Risk
CUST-03821,0.0043,0,Low Risk
CUST-03822,0.0076,0,Low Risk
CUST-03823,0.9785,1,High Risk
CUST-03824,0.9675,1,High Risk
CUST-03825,0.0003,0,Low Risk
CUST-03826,0.0048,0,Low Risk
CUST-03827,0.9694,1,High Risk
CUST-03828,0.0648,0,Low Risk
CUST-03829,0.2944,0,Low Risk
CUST-03830,0.8583,1,High Risk
CUST-03831,0.942,1,High Risk
CUST-03832,0.8391,1,High Risk
CUST-03833,0.019,0,Low Risk
CUST-03834,0.0011,0,Low Risk
CUST-03835,0.0007,0,Low Risk
CUST-03836,0.0016,0,Low Risk
CUST-03837,0.0008,0,Low Risk
CUST-03838,0.004,0,Low Risk
CUST-03839,0.0694,0,Low Risk
CUST-03840,0.242,0,Low Risk
CUST-03841,0.9085,1,High Risk
CUST-03842,0.0003,0,Low Risk
CUST-03843,0.004,0,Low Risk
CUST-03844,0.0061,0,Low Risk
CUST-03845,0.0011,0,Low Risk
CUST-03846,1e-04,0,Low Risk
CUST-03847,0.0019,0,Low Risk
CUST-03848,0.04,0,Low Risk
CUST-03849,0.0002,0,Low Risk
CUST-03850,0.8922,1,High Risk
CUST-03851,0.0026,0,Low Risk
CUST-03852,0.0034,0,Low Risk
CUST-03853,0.0012,0,Low Risk
CUST-03854,0.9725,1,High Risk
CUST-03855,0.0016,0,Low Risk
CUST-03856,0.3,0,Low Risk
CUST-03857,0.0015,0,Low Risk
CUST-03858,0.0026,0,Low Risk
CUST-03859,0.9904,1,High Risk
CUST-03860,0.0104,0,Low Risk
CUST-03861,0.1393,0,Low Risk
CUST-03862,0.9258,1,High Risk
CUST-03863,0.0555,0,Low Risk
CUST-03864,0.0013,0,Low Risk
CUST-03865,0.0196,0,Low Risk
CUST-03866,0.9229,1,High Risk
CUST-03867,0.9245,1,High Risk
CUST-03868,0.0064,0,Low Risk
CUST-03869,0.7532,1,High Risk
CUST-03870,0.1993,0,Low Risk
CUST-03871,0.7711,1,High Risk
CUST-03872,0.0008,0,Low Risk
CUST-03873,0.653,1,Medium Risk
CUST-03874,0.0222,0,Low Risk
CUST-03875,0.0008,0,Low Risk
CUST-03876,0.3227,0,Low Risk
CUST-03877,0.9714,1,High Risk
CUST-03878,0.8723,1,High Risk
CUST-03879,0.9345,1,High Risk
CUST-03880,0.0161,0,Low Risk
CUST-03881,0.9653,1,High Risk
CUST-03882,0.0015,0,Low Risk
CUST-03883,0.0496,0,Low Risk
CUST-03884,0.7023,1,High Risk
CUST-03885,0.0014,0,Low Risk
CUST-03886,0.8452,1,High Risk
CUST-03887,0.2578,0,Low Risk
CUST-03888,0.0,0,Low Risk
CUST-03889,0.0005,0,Low Risk
CUST-03890,0.0003,0,Low Risk
CUST-03891,0.0183,0,Low Risk
CUST-03892,0.0005,0,Low Risk
CUST-03893,0.9496,1,High Risk
CUST-03894,0.0105,0,Low Risk
CUST-03895,0.004,0,Low Risk
CUST-03896,0.0002,0,Low Risk
CUST-03897,0.967,1,High Risk
CUST-03898,0.0014,0,Low Risk
CUST-03899,0.0007,0,Low Risk
CUST-03900,0.993,1,High Risk
CUST-03901,0.0005,0,Low Risk
CUST-03902,0.695,1,Medium Risk
CUST-03903,0.0698,0,Low Risk
CUST-03904,0.0003,0,Low Risk
CUST-03905,0.004,0,Low Risk
CUST-03906,1e-04,0,Low Risk
CUST-03907,0.0131,0,Low Risk
CUST-03908,0.0017,0,Low Risk
CUST-03909,0.0038,0,Low Risk
CUST-03910,0.9873,1,High Risk
CUST-03911,0.0028,0,Low Risk
CUST-03912,0.0105,0,Low Risk
CUST-03913,0.0005,0,Low Risk
CUST-03914,0.0006,0,Low Risk
CUST-03915,0.7499,1,High Risk
CUST-03916,0.9917,1,High Risk
CUST-03917,0.0003,0,Low Risk
CUST-03918,0.8049,1,High Risk
CUST-03919,0.0004,0,Low Risk
CUST-03920,0.9689,1,High Risk
CUST-03921,0.978,1,High Risk
CUST-03922,0.0083,0,Low Risk
CUST-03923,0.0005,0,Low Risk
CUST-03924,0.0673,0,Low Risk
CUST-03925,0.8625,1,High Risk
CUST-03926,1e-04,0,Low Risk
CUST-03927,0.992,1,High Risk
CUST-03928,0.8039,1,High Risk
CUST-03929,0.2597,0,Low Risk
CUST-03930,0.1161,0,Low Risk
CUST-03931,0.107,0,Low Risk
CUST-03932,0.8802,1,High Risk
CUST-03933,0.0246,0,Low Risk
CUST-03934,0.0148,0,Low Risk
CUST-03935,0.9959,1,High Risk
CUST-03936,1e-04,0,Low Risk
CUST-03937,0.0511,0,Low Risk
CUST-03938,1e-04,0,Low Risk
CUST-03939,0.0008,0,Low Risk
CUST-03940,0.0029,0,Low Risk
CUST-03941,0.0175,0,Low Risk
CUST-03942,0.9334,1,High Risk
CUST-03943,1e-04,0,Low Risk
CUST-03944,0.0027,0,Low Risk
CUST-03945,0.0494,0,Low Risk
CUST-03946,0.8845,1,High Risk
CUST-03947,0.9169,1,High Risk
CUST-03948,0.0002,0,Low Risk
CUST-03949,0.0039,0,Low Risk
CUST-03950,0.0032,0,Low Risk
CUST-03951,0.0838,0,Low Risk
CUST-03952,0.0002,0,Low Risk
CUST-03953,0.031,0,Low Risk
CUST-03954,0.0009,0,Low Risk
CUST-03955,0.9033,1,High Risk
CUST-03956,0.0055,0,Low Risk
CUST-03957,0.001,0,Low Risk
CUST-03958,0.1595,0,Low Risk
CUST-03959,0.0167,0,Low Risk
CUST-03960,0.17,0,Low Risk
CUST-03961,0.004,0,Low Risk
CUST-03962,0.0006,0,Low Risk
CUST-03963,0.0007,0,Low Risk
CUST-03964,0.0003,0,Low Risk
CUST-03965,0.8344,1,High Risk
CUST-03966,0.0006,0,Low Risk
CUST-03967,0.9876,1,High Risk
CUST-03968,0.003,0,Low Risk
CUST-03969,0.8536,1,High Risk
CUST-03970,0.9373,1,High Risk
CUST-03971,0.2203,0,Low Risk
CUST-03972,0.9774,1,High Risk
CUST-03973,0.0027,0,Low Risk
CUST-03974,0.7269,1,High Risk
CUST-03975,0.0126,0,Low Risk
CUST-03976,0.8085,1,High Risk
CUST-03977,0.0012,0,Low Risk
CUST-03978,0.0116,0,Low Risk
CUST-03979,0.0005,0,Low Risk
CUST-03980,0.0006,0,Low Risk
CUST-03981,0.0082,0,Low Risk
CUST-03982,0.0008,0,Low Risk
CUST-03983,0.0067,0,Low Risk
CUST-03984,0.0005,0,Low Risk
CUST-03985,0.0003,0,Low Risk
CUST-03986,0.2612,0,Low Risk
CUST-03987,0.8939,1,High Risk
CUST-03988,0.0003,0,Low Risk
CUST-03989,0.0505,0,Low Risk
CUST-03990,0.0002,0,Low Risk
CUST-03991,0.0015,0,Low Risk
CUST-03992,0.0894,0,Low Risk
CUST-03993,0.0005,0,Low Risk
CUST-03994,0.9596,1,High Risk
CUST-03995,0.9471,1,High Risk
CUST-03996,0.001,0,Low Risk
CUST-03997,0.0011,0,Low Risk
CUST-03998,0.9277,1,High Risk
CUST-03999,0.9382,1,High Risk
CUST-04000,0.0003,0,Low Risk
CUST-04001,0.007,0,Low Risk
CUST-04002,0.0115,0,Low Risk
CUST-04003,0.8213,1,High Risk
CUST-04004,0.0015,0,Low Risk
CUST-04005,0.0137,0,Low Risk
CUST-04006,0.813,1,High Risk
CUST-04007,0.9928,1,High Risk
CUST-04008,0.9474,1,High Risk
CUST-04009,0.3578,0,Low Risk
CUST-04010,0.9807,1,High Risk
CUST-04011,0.0171,0,Low Risk
CUST-04012,0.0018,0,Low Risk
CUST-04013,0.9946,1,High Risk
CUST-04014,0.9954,1,High Risk
CUST-04015,0.0015,0,Low Risk
CUST-04016,0.0014,0,Low Risk
CUST-04017,0.2171,0,Low Risk
CUST-04018,0.5278,1,Medium Risk
CUST-04019,0.0237,0,Low Risk
CUST-04020,1e-04,0,Low Risk
CUST-04021,0.992,1,High Risk
CUST-04022,0.9938,1,High Risk
CUST-04023,0.0004,0,Low Risk
CUST-04024,0.0008,0,Low Risk
CUST-04025,0.1573,0,Low Risk
CUST-04026,0.9969,1,High Risk
CUST-04027,0.0187,0,Low Risk
CUST-04028,0.0007,0,Low Risk
CUST-04029,0.9436,1,High Risk
CUST-04030,0.8937,1,High Risk
CUST-04031,0.0006,0,Low Risk
CUST-04032,0.3526,0,Low Risk
CUST-04033,0.9502,1,High Risk
CUST-04034,0.0109,0,Low Risk
CUST-04035,0.0022,0,Low Risk
CUST-04036,0.8915,1,High Risk
CUST-04037,0.2642,0,Low Risk
CUST-04038,0.0048,0,Low Risk
CUST-04039,0.0008,0,Low Risk
CUST-04040,0.008,0,Low Risk
CUST-04041,0.8879,1,High Risk
CUST-04042,0.0175,0,Low Risk
CUST-04043,0.004,0,Low Risk
CUST-04044,0.0006,0,Low Risk
CUST-04045,0.2258,0,Low Risk
CUST-04046,0.0011,0,Low Risk
CUST-04047,0.001,0,Low Risk
CUST-04048,0.0005,0,Low Risk
CUST-04049,0.0203,0,Low Risk
CUST-04050,0.0002,0,Low Risk
CUST-04051,0.0032,0,Low Risk
CUST-04052,0.0019,0,Low Risk
CUST-04053,0.9581,1,High Risk
CUST-04054,0.0015,0,Low Risk
CUST-04055,0.0011,0,Low Risk
CUST-04056,0.9746,1,High Risk
CUST-04057,0.034,0,Low Risk
CUST-04058,0.044,0,Low Risk
CUST-04059,0.9923,1,High Risk
CUST-04060,0.9905,1,High Risk
CUST-04061,0.0039,0,Low Risk
CUST-04062,0.0541,0,Low Risk
CUST-04063,0.9816,1,High Risk
CUST-04064,0.002,0,Low Risk
CUST-04065,0.9003,1,High Risk
CUST-04066,0.9861,1,High Risk
CUST-04067,0.1007,0,Low Risk
CUST-04068,0.8295,1,High Risk
CUST-04069,0.9738,1,High Risk
CUST-04070,0.0005,0,Low Risk
CUST-04071,0.0024,0,Low Risk
CUST-04072,0.0164,0,Low Risk
CUST-04073,0.0002,0,Low Risk
CUST-04074,0.9934,1,High Risk
CUST-04075,0.0002,0,Low Risk
CUST-04076,0.9855,1,High Risk
CUST-04077,0.0017,0,Low Risk
CUST-04078,1e-04,0,Low Risk
CUST-04079,0.0331,0,Low Risk
CUST-04080,0.0965,0,Low Risk
CUST-04081,0.9054,1,High Risk
CUST-04082,0.0006,0,Low Risk
CUST-04083,0.0005,0,Low Risk
CUST-04084,0.001,0,Low Risk
CUST-04085,0.8859,1,High Risk
CUST-04086,0.0067,0,Low Risk
CUST-04087,0.0004,0,Low Risk
CUST-04088,0.0009,0,Low Risk
CUST-04089,0.0509,0,Low Risk
CUST-04090,0.1,0,Low Risk
CUST-04091,0.9961,1,High Risk
CUST-04092,0.1174,0,Low Risk
CUST-04093,0.0002,0,Low Risk
CUST-04094,0.9982,1,High Risk
CUST-04095,0.9905,1,High Risk
CUST-04096,0.1473,0,Low Risk
CUST-04097,0.9918,1,High Risk
CUST-04098,0.1173,0,Low Risk
CUST-04099,0.0011,0,Low Risk
CUST-04100,0.0177,0,Low Risk
CUST-04101,0.1604,0,Low Risk
CUST-04102,0.0028,0,Low Risk
CUST-04103,0.0275,0,Low Risk
CUST-04104,0.9926,1,High Risk
CUST-04105,1e-04,0,Low Risk
CUST-04106,0.0031,0,Low Risk
CUST-04107,0.0003,0,Low Risk
CUST-04108,1e-04,0,Low Risk
CUST-04109,0.8897,1,High Risk
CUST-04110,0.1567,0,Low Risk
CUST-04111,0.8666,1,High Risk
CUST-04112,0.0018,0,Low Risk
CUST-04113,1e-04,0,Low Risk
CUST-04114,0.9628,1,High Risk
CUST-04115,1e-04,0,Low Risk
CUST-04116,0.0,0,Low Risk
CUST-04117,0.0015,0,Low Risk
CUST-04118,0.2354,0,Low Risk
CUST-04119,0.1386,0,Low Risk
CUST-04120,0.0,0,Low Risk
CUST-04121,0.9711,1,High Risk
CUST-04122,0.1819,0,Low Risk
CUST-04123,0.0121,0,Low Risk
CUST-04124,0.7863,1,High Risk
CUST-04125,0.0328,0,Low Risk
CUST-04126,0.0065,0,Low Risk
CUST-04127,0.011,0,Low Risk
CUST-04128,0.0029,0,Low Risk
CUST-04129,0.0171,0,Low Risk
CUST-04130,0.0018,0,Low Risk
CUST-04131,0.0327,0,Low Risk
CUST-04132,0.0021,0,Low Risk
CUST-04133,0.0021,0,Low Risk
CUST-04134,0.4498,1,Medium Risk
CUST-04135,0.0012,0,Low Risk
CUST-04136,0.0095,0,Low Risk
CUST-04137,0.0005,0,Low Risk
CUST-04138,0.8358,1,High Risk
CUST-04139,1e-04,0,Low Risk
CUST-04140,0.0002,0,Low Risk
CUST-04141,0.0336,0,Low Risk
CUST-04142,0.9006,1,High Risk
CUST-04143,0.0869,0,Low Risk
CUST-04144,0.1149,0,Low Risk
CUST-04145,0.0031,0,Low Risk
CUST-04146,0.0057,0,Low Risk
CUST-04147,0.8762,1,High Risk
CUST-04148,0.0042,0,Low Risk
CUST-04149,0.0869,0,Low Risk
CUST-04150,0.0024,0,Low Risk
CUST-04151,0.0024,0,Low Risk
CUST-04152,0.0003,0,Low Risk
CUST-04153,0.5258,1,Medium Risk
CUST-04154,0.9273,1,High Risk
CUST-04155,0.0002,0,Low Risk
CUST-04156,0.0045,0,Low Risk
CUST-04157,0.8903,1,High Risk
CUST-04158,0.0248,0,Low Risk
CUST-04159,0.0004,0,Low Risk
CUST-04160,0.8509,1,High Risk
CUST-04161,0.7872,1,High Risk
CUST-04162,0.0314,0,Low Risk
CUST-04163,0.952,1,High Risk
CUST-04164,0.0135,0,Low Risk
CUST-04165,0.3763,0,Low Risk
CUST-04166,0.0004,0,Low Risk
CUST-04167,0.2012,0,Low Risk
CUST-04168,0.0065,0,Low Risk
CUST-04169,0.0719,0,Low Risk
CUST-04170,0.013,0,Low Risk
CUST-04171,0.0002,0,Low Risk
CUST-04172,0.0121,0,Low Risk
CUST-04173,0.0576,0,Low Risk
CUST-04174,1e-04,0,Low Risk
CUST-04175,0.9152,1,High Risk
CUST-04176,0.6121,1,Medium Risk
CUST-04177,0.0103,0,Low Risk
CUST-04178,0.1216,0,Low Risk
CUST-04179,0.0004,0,Low Risk
CUST-04180,0.1197,0,Low Risk
CUST-04181,0.9731,1,High Risk
CUST-04182,0.0002,0,Low Risk
CUST-04183,0.0007,0,Low Risk
CUST-04184,0.0108,0,Low Risk
CUST-04185,0.0016,0,Low Risk
CUST-04186,0.3096,0,Low Risk
CUST-04187,1e-04,0,Low Risk
CUST-04188,0.0004,0,Low Risk
CUST-04189,0.0114,0,Low Risk
CUST-04190,0.001,0,Low Risk
CUST-04191,0.8239,1,High Risk
CUST-04192,0.0231,0,Low Risk
CUST-04193,0.0915,0,Low Risk
CUST-04194,1e-04,0,Low Risk
CUST-04195,0.6922,1,Medium Risk
CUST-04196,0.0008,0,Low Risk
CUST-04197,0.9929,1,High Risk
CUST-04198,0.9867,1,High Risk
CUST-04199,0.0934,0,Low Risk
CUST-04200,0.8736,1,High Risk
CUST-04201,0.002,0,Low Risk
CUST-04202,0.7585,1,High Risk
CUST-04203,0.0025,0,Low Risk
CUST-04204,1e-04,0,Low Risk
CUST-04205,0.1332,0,Low Risk
CUST-04206,0.0044,0,Low Risk
CUST-04207,0.1036,0,Low Risk
CUST-04208,0.1313,0,Low Risk
CUST-04209,0.987,1,High Risk
CUST-04210,0.0041,0,Low Risk
CUST-04211,0.1175,0,Low Risk
CUST-04212,0.0707,0,Low Risk
CUST-04213,0.0885,0,Low Risk
CUST-04214,0.0003,0,Low Risk
CUST-04215,0.0156,0,Low Risk
CUST-04216,0.9416,1,High Risk
CUST-04217,0.1661,0,Low Risk
CUST-04218,0.9602,1,High Risk
CUST-04219,0.0538,0,Low Risk
CUST-04220,1e-04,0,Low Risk
CUST-04221,0.0002,0,Low Risk
CUST-04222,1e-04,0,Low Risk
CUST-04223,0.0007,0,Low Risk
CUST-04224,0.3557,0,Low Risk
CUST-04225,0.0008,0,Low Risk
CUST-04226,0.0035,0,Low Risk
CUST-04227,0.5919,1,Medium Risk
CUST-04228,0.321,0,Low Risk
CUST-04229,0.0042,0,Low Risk
CUST-04230,0.0024,0,Low Risk
CUST-04231,0.3013,0,Low Risk
CUST-04232,0.9239,1,High Risk
CUST-04233,0.0121,0,Low Risk
CUST-04234,0.1463,0,Low Risk
CUST-04235,0.9689,1,High Risk
CUST-04236,0.0013,0,Low Risk
CUST-04237,0.0035,0,Low Risk
CUST-04238,0.0063,0,Low Risk
CUST-04239,0.0312,0,Low Risk
CUST-04240,0.9875,1,High Risk
CUST-04241,0.0339,0,Low Risk
CUST-04242,0.1688,0,Low Risk
CUST-04243,0.0098,0,Low Risk
CUST-04244,0.2053,0,Low Risk
CUST-04245,0.9687,1,High Risk
CUST-04246,0.0016,0,Low Risk
CUST-04247,0.0004,0,Low Risk
CUST-04248,0.0004,0,Low Risk
CUST-04249,0.2454,0,Low Risk
CUST-04250,0.0008,0,Low Risk
CUST-04251,0.0076,0,Low Risk
CUST-04252,0.0007,0,Low Risk
CUST-04253,0.9817,1,High Risk
CUST-04254,0.9532,1,High Risk
CUST-04255,0.9187,1,High Risk
CUST-04256,0.0345,0,Low Risk
CUST-04257,0.9754,1,High Risk
CUST-04258,0.2032,0,Low Risk
CUST-04259,0.0358,0,Low Risk
CUST-04260,0.3176,0,Low Risk
CUST-04261,0.0055,0,Low Risk
CUST-04262,0.0008,0,Low Risk
CUST-04263,0.002,0,Low Risk
CUST-04264,0.0452,0,Low Risk
CUST-04265,0.0004,0,Low Risk
CUST-04266,0.0008,0,Low Risk
CUST-04267,0.1021,0,Low Risk
CUST-04268,0.0003,0,Low Risk
CUST-04269,0.9233,1,High Risk
CUST-04270,0.2335,0,Low Risk
CUST-04271,0.9182,1,High Risk
CUST-04272,0.0003,0,Low Risk
CUST-04273,0.0057,0,Low Risk
CUST-04274,0.0715,0,Low Risk
CUST-04275,0.0179,0,Low Risk
CUST-04276,0.2561,0,Low Risk
CUST-04277,0.0376,0,Low Risk
CUST-04278,0.9502,1,High Risk
CUST-04279,0.0028,0,Low Risk
CUST-04280,0.0052,0,Low Risk
CUST-04281,0.0837,0,Low Risk
CUST-04282,0.3605,0,Low Risk
CUST-04283,0.0373,0,Low Risk
CUST-04284,0.0024,0,Low Risk
CUST-04285,0.9894,1,High Risk
CUST-04286,0.7059,1,High Risk
CUST-04287,0.0159,0,Low Risk
CUST-04288,0.001,0,Low Risk
CUST-04289,0.8505,1,High Risk
CUST-04290,0.9416,1,High Risk
CUST-04291,0.7414,1,High Risk
CUST-04292,0.9949,1,High Risk
CUST-04293,0.0021,0,Low Risk
CUST-04294,1e-04,0,Low Risk
CUST-04295,0.0209,0,Low Risk
CUST-04296,0.0013,0,Low Risk
CUST-04297,0.0007,0,Low Risk
CUST-04298,0.0401,0,Low Risk
CUST-04299,0.0005,0,Low Risk
CUST-04300,0.2587,0,Low Risk
CUST-04301,0.0003,0,Low Risk
CUST-04302,0.0042,0,Low Risk
CUST-04303,0.9901,1,High Risk
CUST-04304,0.001,0,Low Risk
CUST-04305,0.9821,1,High Risk
CUST-04306,0.0025,0,Low Risk
CUST-04307,0.0137,0,Low Risk
CUST-04308,0.9957,1,High Risk
CUST-04309,0.0027,0,Low Risk
CUST-04310,0.5584,1,Medium Risk
CUST-04311,0.8286,1,High Risk
CUST-04312,0.0032,0,Low Risk
CUST-04313,0.0005,0,Low Risk
CUST-04314,0.0088,0,Low Risk
CUST-04315,0.038,0,Low Risk
CUST-04316,0.0007,0,Low Risk
CUST-04317,0.0145,0,Low Risk
CUST-04318,0.0229,0,Low Risk
CUST-04319,0.0004,0,Low Risk
CUST-04320,0.9553,1,High Risk
CUST-04321,0.2688,0,Low Risk
CUST-04322,0.0635,0,Low Risk
CUST-04323,0.0016,0,Low Risk
CUST-04324,0.3789,0,Low Risk
CUST-04325,0.0006,0,Low Risk
CUST-04326,0.0098,0,Low Risk
CUST-04327,0.0082,0,Low Risk
CUST-04328,0.0566,0,Low Risk
CUST-04329,0.0026,0,Low Risk
CUST-04330,0.0066,0,Low Risk
CUST-04331,0.004,0,Low Risk
CUST-04332,0.0013,0,Low Risk
CUST-04333,0.0269,0,Low Risk
CUST-04334,0.1843,0,Low Risk
CUST-04335,0.1673,0,Low Risk
CUST-04336,0.1294,0,Low Risk
CUST-04337,0.6301,1,Medium Risk
CUST-04338,0.0187,0,Low Risk
CUST-04339,0.07,0,Low Risk
CUST-04340,0.6483,1,Medium Risk
CUST-04341,0.0695,0,Low Risk
CUST-04342,0.9982,1,High Risk
CUST-04343,0.3468,0,Low Risk
CUST-04344,0.0009,0,Low Risk
CUST-04345,0.0013,0,Low Risk
CUST-04346,0.0021,0,Low Risk
CUST-04347,0.5811,1,Medium Risk
CUST-04348,0.0493,0,Low Risk
CUST-04349,0.0073,0,Low Risk
CUST-04350,0.805,1,High Risk
CUST-04351,0.1863,0,Low Risk
CUST-04352,0.0372,0,Low Risk
CUST-04353,0.9781,1,High Risk
CUST-04354,0.0009,0,Low Risk
CUST-04355,0.0199,0,Low Risk
CUST-04356,0.9411,1,High Risk
CUST-04357,0.0038,0,Low Risk
CUST-04358,1e-04,0,Low Risk
CUST-04359,0.9777,1,High Risk
CUST-04360,0.7616,1,High Risk
CUST-04361,0.2126,0,Low Risk
CUST-04362,0.3574,0,Low Risk
CUST-04363,0.0299,0,Low Risk
CUST-04364,0.0023,0,Low Risk
CUST-04365,0.0005,0,Low Risk
CUST-04366,0.2062,0,Low Risk
CUST-04367,0.2362,0,Low Risk
CUST-04368,0.0004,0,Low Risk
CUST-04369,0.1367,0,Low Risk
CUST-04370,0.0619,0,Low Risk
CUST-04371,0.7671,1,High Risk
CUST-04372,0.9718,1,High Risk
CUST-04373,0.0005,0,Low Risk
CUST-04374,1e-04,0,Low Risk
CUST-04375,0.0066,0,Low Risk
CUST-04376,0.9791,1,High Risk
CUST-04377,0.0005,0,Low Risk
CUST-04378,0.0029,0,Low Risk
CUST-04379,0.1891,0,Low Risk
CUST-04380,0.0028,0,Low Risk
CUST-04381,0.9877,1,High Risk
CUST-04382,0.0015,0,Low Risk
CUST-04383,1e-04,0,Low Risk
CUST-04384,0.918,1,High Risk
CUST-04385,0.3223,0,Low Risk
CUST-04386,0.0304,0,Low Risk
CUST-04387,0.0407,0,Low Risk
CUST-04388,0.9911,1,High Risk
CUST-04389,0.0012,0,Low Risk
CUST-04390,0.0003,0,Low Risk
CUST-04391,0.5538,1,Medium Risk
CUST-04392,0.0023,0,Low Risk
CUST-04393,0.0009,0,Low Risk
CUST-04394,0.0008,0,Low Risk
CUST-04395,0.0031,0,Low Risk
CUST-04396,0.929,1,High Risk
CUST-04397,0.6672,1,Medium Risk
CUST-04398,0.1675,0,Low Risk
CUST-04399,0.0281,0,Low Risk
CUST-04400,0.2389,0,Low Risk
CUST-04401,0.0087,0,Low Risk
CUST-04402,0.0122,0,Low Risk
CUST-04403,0.9768,1,High Risk
CUST-04404,0.0057,0,Low Risk
CUST-04405,0.0035,0,Low Risk
CUST-04406,0.9699,1,High Risk
CUST-04407,0.0002,0,Low Risk
CUST-04408,0.9931,1,High Risk
CUST-04409,0.4137,1,Medium Risk
CUST-04410,1e-04,0,Low Risk
CUST-04411,0.0081,0,Low Risk
CUST-04412,0.0093,0,Low Risk
CUST-04413,0.0005,0,Low Risk
CUST-04414,0.9867,1,High Risk
CUST-04415,0.8767,1,High Risk
CUST-04416,0.1392,0,Low Risk
CUST-04417,0.0452,0,Low Risk
CUST-04418,0.3032,0,Low Risk
CUST-04419,0.6414,1,Medium Risk
CUST-04420,0.0828,0,Low Risk
CUST-04421,0.6471,1,Medium Risk
CUST-04422,0.0035,0,Low Risk
CUST-04423,0.0004,0,Low Risk
CUST-04424,0.0026,0,Low Risk
CUST-04425,0.0433,0,Low Risk
CUST-04426,0.0002,0,Low Risk
CUST-04427,0.0058,0,Low Risk
CUST-04428,0.0004,0,Low Risk
CUST-04429,1e-04,0,Low Risk
CUST-04430,0.0317,0,Low Risk
CUST-04431,0.019,0,Low Risk
CUST-04432,0.0023,0,Low Risk
CUST-04433,0.0008,0,Low Risk
CUST-04434,0.0281,0,Low Risk
CUST-04435,0.0277,0,Low Risk
CUST-04436,0.0002,0,Low Risk
CUST-04437,0.986,1,High Risk
CUST-04438,0.0005,0,Low Risk
CUST-04439,0.813,1,High Risk
CUST-04440,0.0517,0,Low Risk
CUST-04441,0.5696,1,Medium Risk
CUST-04442,0.1036,0,Low Risk
CUST-04443,0.9691,1,High Risk
CUST-04444,0.9664,1,High Risk
CUST-04445,0.0004,0,Low Risk
CUST-04446,0.0005,0,Low Risk
CUST-04447,0.0005,0,Low Risk
CUST-04448,0.002,0,Low Risk
CUST-04449,0.0029,0,Low Risk
CUST-04450,0.0203,0,Low Risk
CUST-04451,0.0007,0,Low Risk
CUST-04452,0.0098,0,Low Risk
CUST-04453,0.0011,0,Low Risk
CUST-04454,0.01,0,Low Risk
CUST-04455,0.7704,1,High Risk
CUST-04456,1e-04,0,Low Risk
CUST-04457,0.0148,0,Low Risk
CUST-04458,0.0002,0,Low Risk
CUST-04459,0.0023,0,Low Risk
CUST-04460,0.0129,0,Low Risk
CUST-04461,0.1317,0,Low Risk
CUST-04462,0.0003,0,Low Risk
CUST-04463,0.0002,0,Low Risk
CUST-04464,0.8876,1,High Risk
CUST-04465,0.95,1,High Risk
CUST-04466,0.0381,0,Low Risk
CUST-04467,0.298,0,Low Risk
CUST-04468,0.0007,0,Low Risk
CUST-04469,0.0031,0,Low Risk
CUST-04470,0.0025,0,Low Risk
CUST-04471,0.1296,0,Low Risk
CUST-04472,0.0013,0,Low Risk
CUST-04473,0.1152,0,Low Risk
CUST-04474,0.0004,0,Low Risk
CUST-04475,0.0023,0,Low Risk
CUST-04476,0.8743,1,High Risk
CUST-04477,0.7574,1,High Risk
CUST-04478,0.954,1,High Risk
CUST-04479,0.0788,0,Low Risk
CUST-04480,0.9863,1,High Risk
CUST-04481,0.1402,0,Low Risk
CUST-04482,0.0231,0,Low Risk
CUST-04483,0.0689,0,Low Risk
CUST-04484,1e-04,0,Low Risk
CUST-04485,0.1027,0,Low Risk
CUST-04486,0.237,0,Low Risk
CUST-04487,0.0547,0,Low Risk
CUST-04488,0.4386,1,Medium Risk
CUST-04489,0.0002,0,Low Risk
CUST-04490,0.9793,1,High Risk
CUST-04491,0.0035,0,Low Risk
CUST-04492,0.9851,1,High Risk
CUST-04493,0.3825,0,Low Risk
CUST-04494,0.0003,0,Low Risk
CUST-04495,0.9848,1,High Risk
CUST-04496,0.9783,1,High Risk
CUST-04497,0.0489,0,Low Risk
CUST-04498,0.2195,0,Low Risk
CUST-04499,0.0126,0,Low Risk
CUST-04500,0.178,0,Low Risk
CUST-04501,0.0044,0,Low Risk
CUST-04502,1e-04,0,Low Risk
CUST-04503,0.0013,0,Low Risk
CUST-04504,0.3178,0,Low Risk
CUST-04505,0.0005,0,Low Risk
CUST-04506,0.2036,0,Low Risk
CUST-04507,0.013,0,Low Risk
CUST-04508,0.974,1,High Risk
CUST-04509,0.9805,1,High Risk
CUST-04510,0.0046,0,Low Risk
CUST-04511,0.0352,0,Low Risk
CUST-04512,0.0332,0,Low Risk
CUST-04513,0.0114,0,Low Risk
CUST-04514,0.001,0,Low Risk
CUST-04515,0.0325,0,Low Risk
CUST-04516,0.9799,1,High Risk
CUST-04517,0.0005,0,Low Risk
CUST-04518,0.0207,0,Low Risk
CUST-04519,0.5244,1,Medium Risk
CUST-04520,0.8104,1,High Risk
CUST-04521,0.5533,1,Medium Risk
CUST-04522,0.6323,1,Medium Risk
CUST-04523,0.0083,0,Low Risk
CUST-04524,0.3148,0,Low Risk
CUST-04525,0.0002,0,Low Risk
CUST-04526,0.0539,0,Low Risk
CUST-04527,0.0235,0,Low Risk
CUST-04528,0.102,0,Low Risk
CUST-04529,0.0016,0,Low Risk
CUST-04530,0.0071,0,Low Risk
CUST-04531,0.0273,0,Low Risk
CUST-04532,0.0015,0,Low Risk
CUST-04533,0.0959,0,Low Risk
CUST-04534,0.7946,1,High Risk
CUST-04535,0.9954,1,High Risk
CUST-04536,0.4982,1,Medium Risk
CUST-04537,0.0066,0,Low Risk
CUST-04538,0.9931,1,High Risk
CUST-04539,0.0027,0,Low Risk
CUST-04540,0.0087,0,Low Risk
CUST-04541,0.0766,0,Low Risk
CUST-04542,0.9894,1,High Risk
CUST-04543,0.0003,0,Low Risk
CUST-04544,0.0474,0,Low Risk
CUST-04545,0.013,0,Low Risk
CUST-04546,0.1306,0,Low Risk
CUST-04547,0.4591,1,Medium Risk
CUST-04548,0.9035,1,High Risk
CUST-04549,0.0036,0,Low Risk
CUST-04550,0.0018,0,Low Risk
CUST-04551,0.0066,0,Low Risk
CUST-04552,0.0175,0,Low Risk
CUST-04553,1e-04,0,Low Risk
CUST-04554,0.0071,0,Low Risk
CUST-04555,0.0872,0,Low Risk
CUST-04556,0.0063,0,Low Risk
CUST-04557,0.0262,0,Low Risk
CUST-04558,0.449,1,Medium Risk
CUST-04559,0.0011,0,Low Risk
CUST-04560,0.0003,0,Low Risk
CUST-04561,0.0255,0,Low Risk
CUST-04562,0.0053,0,Low Risk
CUST-04563,0.1516,0,Low Risk
CUST-04564,0.1799,0,Low Risk
CUST-04565,0.0169,0,Low Risk
CUST-04566,0.263,0,Low Risk
CUST-04567,0.0033,0,Low Risk
CUST-04568,0.0076,0,Low Risk
CUST-04569,0.8433,1,High Risk
CUST-04570,0.0054,0,Low Risk
CUST-04571,0.0118,0,Low Risk
CUST-04572,0.002,0,Low Risk
CUST-04573,0.9838,1,High Risk
CUST-04574,0.2038,0,Low Risk
CUST-04575,0.0042,0,Low Risk
CUST-04576,0.9298,1,High Risk
CUST-04577,0.0189,0,Low Risk
CUST-04578,0.0002,0,Low Risk
CUST-04579,0.4988,1,Medium Risk
CUST-04580,0.9332,1,High Risk
CUST-04581,0.0029,0,Low Risk
CUST-04582,0.0003,0,Low Risk
CUST-04583,0.0013,0,Low Risk
CUST-04584,0.0084,0,Low Risk
CUST-04585,0.0003,0,Low Risk
CUST-04586,0.0277,0,Low Risk
CUST-04587,0.691,1,Medium Risk
CUST-04588,0.2435,0,Low Risk
CUST-04589,0.0047,0,Low Risk
CUST-04590,0.0062,0,Low Risk
CUST-04591,0.001,0,Low Risk
CUST-04592,0.0002,0,Low Risk
CUST-04593,0.0007,0,Low Risk
CUST-04594,0.0016,0,Low Risk
CUST-04595,0.6608,1,Medium Risk
CUST-04596,0.7489,1,High Risk
CUST-04597,0.221,0,Low Risk
CUST-04598,0.971,1,High Risk
CUST-04599,0.5608,1,Medium Risk
CUST-04600,0.001,0,Low Risk
CUST-04601,0.0019,0,Low Risk
CUST-04602,0.0002,0,Low Risk
CUST-04603,0.7588,1,High Risk
CUST-04604,0.7056,1,High Risk
CUST-04605,0.003,0,Low Risk
CUST-04606,0.9501,1,High Risk
CUST-04607,0.0025,0,Low Risk
CUST-04608,0.9105,1,High Risk
CUST-04609,0.0006,0,Low Risk
CUST-04610,0.1935,0,Low Risk
CUST-04611,0.0002,0,Low Risk
CUST-04612,0.0003,0,Low Risk
CUST-04613,0.2466,0,Low Risk
CUST-04614,0.9559,1,High Risk
CUST-04615,0.6835,1,Medium Risk
CUST-04616,0.9931,1,High Risk
CUST-04617,0.9092,1,High Risk
CUST-04618,0.001,0,Low Risk
CUST-04619,0.0004,0,Low Risk
CUST-04620,0.9728,1,High Risk
CUST-04621,0.0012,0,Low Risk
CUST-04622,1e-04,0,Low Risk
CUST-04623,0.002,0,Low Risk
CUST-04624,0.9211,1,High Risk
CUST-04625,0.9832,1,High Risk
CUST-04626,0.0004,0,Low Risk
CUST-04627,0.3677,0,Low Risk
CUST-04628,0.0021,0,Low Risk
CUST-04629,0.2502,0,Low Risk
CUST-04630,0.0011,0,Low Risk
CUST-04631,0.0006,0,Low Risk
CUST-04632,0.9694,1,High Risk
CUST-04633,0.0003,0,Low Risk
CUST-04634,0.9798,1,High Risk
CUST-04635,1e-04,0,Low Risk
CUST-04636,0.0041,0,Low Risk
CUST-04637,0.5669,1,Medium Risk
CUST-04638,0.0181,0,Low Risk
CUST-04639,0.0004,0,Low Risk
CUST-04640,0.1394,0,Low Risk
CUST-04641,0.6555,1,Medium Risk
CUST-04642,0.8847,1,High Risk
CUST-04643,0.9983,1,High Risk
CUST-04644,0.5695,1,Medium Risk
CUST-04645,0.0002,0,Low Risk
CUST-04646,0.0002,0,Low Risk
CUST-04647,0.9717,1,High Risk
CUST-04648,0.0037,0,Low Risk
CUST-04649,0.0692,0,Low Risk
CUST-04650,0.9692,1,High Risk
CUST-04651,0.0005,0,Low Risk
CUST-04652,0.8862,1,High Risk
CUST-04653,0.7062,1,High Risk
CUST-04654,0.0005,0,Low Risk
CUST-04655,0.0016,0,Low Risk
CUST-04656,0.029,0,Low Risk
CUST-04657,0.0232,0,Low Risk
CUST-04658,0.8773,1,High Risk
CUST-04659,0.368,0,Low Risk
CUST-04660,0.0338,0,Low Risk
CUST-04661,0.8837,1,High Risk
CUST-04662,0.0348,0,Low Risk
CUST-04663,0.0126,0,Low Risk
CUST-04664,0.0083,0,Low Risk
CUST-04665,0.0003,0,Low Risk
CUST-04666,0.6709,1,Medium Risk
CUST-04667,0.2387,0,Low Risk
CUST-04668,0.9839,1,High Risk
CUST-04669,0.0014,0,Low Risk
CUST-04670,0.8763,1,High Risk
CUST-04671,0.0773,0,Low Risk
CUST-04672,0.983,1,High Risk
CUST-04673,0.083,0,Low Risk
CUST-04674,0.0019,0,Low Risk
CUST-04675,0.9304,1,High Risk
CUST-04676,0.0073,0,Low Risk
CUST-04677,0.001,0,Low Risk
CUST-04678,0.2839,0,Low Risk
CUST-04679,0.0024,0,Low Risk
CUST-04680,0.0097,0,Low Risk
CUST-04681,0.8959,1,High Risk
CUST-04682,0.8129,1,High Risk
CUST-04683,0.4532,1,Medium Risk
CUST-04684,0.0013,0,Low Risk
CUST-04685,0.0003,0,Low Risk
CUST-04686,0.3296,0,Low Risk
CUST-04687,0.2023,0,Low Risk
CUST-04688,0.0008,0,Low Risk
CUST-04689,0.358,0,Low Risk
CUST-04690,0.0167,0,Low Risk
CUST-04691,0.0003,0,Low Risk
CUST-04692,0.0013,0,Low Risk
CUST-04693,0.9865,1,High Risk
CUST-04694,0.0007,0,Low Risk
CUST-04695,0.0253,0,Low Risk
CUST-04696,0.0313,0,Low Risk
CUST-04697,0.0015,0,Low Risk
CUST-04698,0.0017,0,Low Risk
CUST-04699,0.5885,1,Medium Risk
CUST-04700,0.0003,0,Low Risk
CUST-04701,0.9818,1,High Risk
CUST-04702,0.0116,0,Low Risk
CUST-04703,0.0163,0,Low Risk
CUST-04704,0.0017,0,Low Risk
CUST-04705,0.0233,0,Low Risk
CUST-04706,0.0006,0,Low Risk
CUST-04707,0.753,1,High Risk
CUST-04708,0.0011,0,Low Risk
CUST-04709,0.0002,0,Low Risk
CUST-04710,0.1824,0,Low Risk
CUST-04711,0.9587,1,High Risk
CUST-04712,0.9477,1,High Risk
CUST-04713,0.0002,0,Low Risk
CUST-04714,0.0018,0,Low Risk
CUST-04715,0.8191,1,High Risk
CUST-04716,0.8233,1,High Risk
CUST-04717,1e-04,0,Low Risk
CUST-04718,0.979,1,High Risk
CUST-04719,0.0121,0,Low Risk
CUST-04720,0.0006,0,Low Risk
CUST-04721,0.0006,0,Low Risk
CUST-04722,0.1154,0,Low Risk
CUST-04723,0.2825,0,Low Risk
CUST-04724,0.0024,0,Low Risk
CUST-04725,0.0017,0,Low Risk
CUST-04726,0.0249,0,Low Risk
CUST-04727,0.0548,0,Low Risk
CUST-04728,0.1161,0,Low Risk
CUST-04729,0.0007,0,Low Risk
CUST-04730,0.858,1,High Risk
CUST-04731,0.0002,0,Low Risk
CUST-04732,0.6737,1,Medium Risk
CUST-04733,0.0963,0,Low Risk
CUST-04734,0.9432,1,High Risk
CUST-04735,0.0033,0,Low Risk
CUST-04736,0.9061,1,High Risk
CUST-04737,0.4649,1,Medium Risk
CUST-04738,0.0032,0,Low Risk
CUST-04739,0.1683,0,Low Risk
CUST-04740,0.001,0,Low Risk
CUST-04741,0.9908,1,High Risk
CUST-04742,0.9445,1,High Risk
CUST-04743,0.1977,0,Low Risk
CUST-04744,0.0014,0,Low Risk
CUST-04745,0.0021,0,Low Risk
CUST-04746,0.0036,0,Low Risk
CUST-04747,0.6773,1,Medium Risk
CUST-04748,0.9874,1,High Risk
CUST-04749,0.1812,0,Low Risk
CUST-04750,1e-04,0,Low Risk
CUST-04751,0.0006,0,Low Risk
CUST-04752,0.9718,1,High Risk
CUST-04753,0.9293,1,High Risk
CUST-04754,0.8703,1,High Risk
CUST-04755,0.0003,0,Low Risk
CUST-04756,0.7651,1,High Risk
CUST-04757,0.0008,0,Low Risk
CUST-04758,0.0066,0,Low Risk
CUST-04759,0.992,1,High Risk
CUST-04760,0.099,0,Low Risk
CUST-04761,0.0006,0,Low Risk
CUST-04762,0.9501,1,High Risk
CUST-04763,0.3253,0,Low Risk
CUST-04764,0.002,0,Low Risk
CUST-04765,0.9859,1,High Risk
CUST-04766,0.9495,1,High Risk
CUST-04767,0.9419,1,High Risk
CUST-04768,0.0767,0,Low Risk
CUST-04769,0.1495,0,Low Risk
CUST-04770,0.0007,0,Low Risk
CUST-04771,0.0009,0,Low Risk
CUST-04772,0.9932,1,High Risk
CUST-04773,0.3735,0,Low Risk
CUST-04774,0.0004,0,Low Risk
CUST-04775,0.0011,0,Low Risk
CUST-04776,0.9085,1,High Risk
CUST-04777,0.2657,0,Low Risk
CUST-04778,0.9698,1,High Risk
CUST-04779,0.913,1,High Risk
CUST-04780,0.0191,0,Low Risk
CUST-04781,0.0863,0,Low Risk
CUST-04782,1e-04,0,Low Risk
CUST-04783,0.6901,1,Medium Risk
CUST-04784,0.0013,0,Low Risk
CUST-04785,0.0663,0,Low Risk
CUST-04786,0.0003,0,Low Risk
CUST-04787,1e-04,0,Low Risk
CUST-04788,0.0307,0,Low Risk
CUST-04789,0.2809,0,Low Risk
CUST-04790,0.9765,1,High Risk
CUST-04791,0.0599,0,Low Risk
CUST-04792,0.6446,1,Medium Risk
CUST-04793,1e-04,0,Low Risk
CUST-04794,0.0009,0,Low Risk
CUST-04795,1e-04,0,Low Risk
CUST-04796,0.0037,0,Low Risk
CUST-04797,0.0002,0,Low Risk
CUST-04798,0.7139,1,High Risk
CUST-04799,0.9918,1,High Risk
CUST-04800,1e-04,0,Low Risk
CUST-04801,0.0415,0,Low Risk
CUST-04802,0.006,0,Low Risk
CUST-04803,0.947,1,High Risk
CUST-04804,0.0017,0,Low Risk
CUST-04805,0.8893,1,High Risk
CUST-04806,0.0019,0,Low Risk
CUST-04807,0.0002,0,Low Risk
CUST-04808,0.0003,0,Low Risk
CUST-04809,0.1934,0,Low Risk
CUST-04810,0.0006,0,Low Risk
CUST-04811,0.0,0,Low Risk
CUST-04812,0.0168,0,Low Risk
CUST-04813,0.0997,0,Low Risk
CUST-04814,0.9974,1,High Risk
CUST-04815,0.0151,0,Low Risk
CUST-04816,0.0026,0,Low Risk
CUST-04817,0.5917,1,Medium Risk
CUST-04818,0.7131,1,High Risk
CUST-04819,0.9584,1,High Risk
CUST-04820,0.1648,0,Low Risk
CUST-04821,0.0008,0,Low Risk
CUST-04822,0.0196,0,Low Risk
CUST-04823,0.0576,0,Low Risk
CUST-04824,0.0004,0,Low Risk
CUST-04825,0.0008,0,Low Risk
CUST-04826,0.8634,1,High Risk
CUST-04827,0.5932,1,Medium Risk
CUST-04828,0.0303,0,Low Risk
CUST-04829,0.3061,0,Low Risk
CUST-04830,0.0002,0,Low Risk
CUST-04831,0.6212,1,Medium Risk
CUST-04832,0.9659,1,High Risk
CUST-04833,0.0002,0,Low Risk
CUST-04834,0.0106,0,Low Risk
CUST-04835,0.0003,0,Low Risk
CUST-04836,0.0002,0,Low Risk
CUST-04837,0.4915,1,Medium Risk
CUST-04838,0.9985,1,High Risk
CUST-04839,0.9879,1,High Risk
CUST-04840,0.978,1,High Risk
CUST-04841,0.3172,0,Low Risk
CUST-04842,0.0247,0,Low Risk
CUST-04843,0.0043,0,Low Risk
CUST-04844,0.1018,0,Low Risk
CUST-04845,0.0002,0,Low Risk
CUST-04846,0.0052,0,Low Risk
CUST-04847,0.9647,1,High Risk
CUST-04848,0.9963,1,High Risk
CUST-04849,0.0663,0,Low Risk
CUST-04850,0.0012,0,Low Risk
CUST-04851,0.9886,1,High Risk
CUST-04852,0.2642,0,Low Risk
CUST-04853,0.0017,0,Low Risk
CUST-04854,0.9415,1,High Risk
CUST-04855,0.0043,0,Low Risk
CUST-04856,0.0007,0,Low Risk
CUST-04857,0.9655,1,High Risk
CUST-04858,0.9242,1,High Risk
CUST-04859,0.0053,0,Low Risk
CUST-04860,0.0562,0,Low Risk
CUST-04861,0.0014,0,Low Risk
CUST-04862,0.037,0,Low Risk
CUST-04863,0.06,0,Low Risk
CUST-04864,0.2113,0,Low Risk
CUST-04865,0.0015,0,Low Risk
CUST-04866,0.0093,0,Low Risk
CUST-04867,0.001,0,Low Risk
CUST-04868,0.0003,0,Low Risk
CUST-04869,0.0104,0,Low Risk
CUST-04870,0.9831,1,High Risk
CUST-04871,0.0003,0,Low Risk
CUST-04872,0.0015,0,Low Risk
CUST-04873,0.0087,0,Low Risk
CUST-04874,0.979,1,High Risk
CUST-04875,1e-04,0,Low Risk
CUST-04876,0.6199,1,Medium Risk
CUST-04877,0.1114,0,Low Risk
CUST-04878,0.0088,0,Low Risk
CUST-04879,0.0014,0,Low Risk
CUST-04880,0.5817,1,Medium Risk
CUST-04881,0.0073,0,Low Risk
CUST-04882,0.0234,0,Low Risk
CUST-04883,0.8985,1,High Risk
CUST-04884,0.0023,0,Low Risk
CUST-04885,0.9843,1,High Risk
CUST-04886,0.1669,0,Low Risk
CUST-04887,0.9773,1,High Risk
CUST-04888,0.7959,1,High Risk
CUST-04889,0.2914,0,Low Risk
CUST-04890,0.0032,0,Low Risk
CUST-04891,0.0039,0,Low Risk
CUST-04892,0.8865,1,High Risk
CUST-04893,0.1781,0,Low Risk
CUST-04894,0.1803,0,Low Risk
CUST-04895,0.0004,0,Low Risk
CUST-04896,0.0007,0,Low Risk
CUST-04897,0.0007,0,Low Risk
CUST-04898,0.9658,1,High Risk
CUST-04899,0.0005,0,Low Risk
CUST-04900,0.9017,1,High Risk
CUST-04901,1e-04,0,Low Risk
CUST-04902,0.0075,0,Low Risk
CUST-04903,0.0687,0,Low Risk
CUST-04904,0.721,1,High Risk
CUST-04905,0.8728,1,High Risk
CUST-04906,0.0375,0,Low Risk
CUST-04907,0.1034,0,Low Risk
CUST-04908,0.0405,0,Low Risk
CUST-04909,0.9678,1,High Risk
CUST-04910,0.9835,1,High Risk
CUST-04911,0.7796,1,High Risk
CUST-04912,0.0112,0,Low Risk
CUST-04913,0.979,1,High Risk
CUST-04914,0.0004,0,Low Risk
CUST-04915,0.0009,0,Low Risk
CUST-04916,0.4511,1,Medium Risk
CUST-04917,0.0002,0,Low Risk
CUST-04918,0.0007,0,Low Risk
CUST-04919,0.0002,0,Low Risk
CUST-04920,0.7234,1,High Risk
CUST-04921,0.8537,1,High Risk
CUST-04922,0.0171,0,Low Risk
CUST-04923,0.931,1,High Risk
CUST-04924,0.0658,0,Low Risk
CUST-04925,0.0003,0,Low Risk
CUST-04926,0.0045,0,Low Risk
CUST-04927,0.0012,0,Low Risk
CUST-04928,0.9941,1,High Risk
CUST-04929,0.3777,0,Low Risk
CUST-04930,0.9509,1,High Risk
CUST-04931,0.0002,0,Low Risk
CUST-04932,0.924,1,High Risk
CUST-04933,0.0247,0,Low Risk
CUST-04934,0.0284,0,Low Risk
CUST-04935,0.002,0,Low Risk
CUST-04936,0.899,1,High Risk
CUST-04937,0.8761,1,High Risk
CUST-04938,0.046,0,Low Risk
CUST-04939,0.0049,0,Low Risk
CUST-04940,0.3569,0,Low Risk
CUST-04941,0.0004,0,Low Risk
CUST-04942,0.4431,1,Medium Risk
CUST-04943,0.813,1,High Risk
CUST-04944,0.9772,1,High Risk
CUST-04945,0.0042,0,Low Risk
CUST-04946,0.2559,0,Low Risk
CUST-04947,0.161,0,Low Risk
CUST-04948,0.9732,1,High Risk
CUST-04949,0.0005,0,Low Risk
CUST-04950,0.0035,0,Low Risk
CUST-04951,0.8222,1,High Risk
CUST-04952,1e-04,0,Low Risk
CUST-04953,0.03,0,Low Risk
CUST-04954,0.0076,0,Low Risk
CUST-04955,0.0013,0,Low Risk
CUST-04956,0.1108,0,Low Risk
CUST-04957,0.0026,0,Low Risk
CUST-04958,0.0803,0,Low Risk
CUST-04959,0.0686,0,Low Risk
CUST-04960,0.9802,1,High Risk
CUST-04961,0.713,1,High Risk
CUST-04962,0.0051,0,Low Risk
CUST-04963,0.0008,0,Low Risk
CUST-04964,0.0008,0,Low Risk
CUST-04965,0.0003,0,Low Risk
CUST-04966,0.0095,0,Low Risk
CUST-04967,0.0257,0,Low Risk
CUST-04968,0.0144,0,Low Risk
CUST-04969,0.0043,0,Low Risk
CUST-04970,0.2363,0,Low Risk
CUST-04971,0.9488,1,High Risk
CUST-04972,0.2723,0,Low Risk
CUST-04973,0.0061,0,Low Risk
CUST-04974,0.0012,0,Low Risk
CUST-04975,0.0071,0,Low Risk
CUST-04976,1e-04,0,Low Risk
CUST-04977,0.0161,0,Low Risk
CUST-04978,0.0276,0,Low Risk
CUST-04979,0.2314,0,Low Risk
CUST-04980,0.344,0,Low Risk
CUST-04981,0.0005,0,Low Risk
CUST-04982,0.8666,1,High Risk
CUST-04983,0.9542,1,High Risk
CUST-04984,0.004,0,Low Risk
CUST-04985,0.98,1,High Risk
CUST-04986,0.0023,0,Low Risk
CUST-04987,0.2548,0,Low Risk
CUST-04988,0.9242,1,High Risk
CUST-04989,0.9957,1,High Risk
CUST-04990,0.2637,0,Low Risk
CUST-04991,0.1497,0,Low Risk
CUST-04992,0.9868,1,High Risk
CUST-04993,0.9912,1,High Risk
CUST-04994,0.2286,0,Low Risk
CUST-04995,0.9985,1,High Risk
CUST-04996,0.0012,0,Low Risk
CUST-04997,0.0038,0,Low Risk
CUST-04998,0.8614,1,High Risk
CUST-04999,0.9361,1,High Risk
CUST-05000,0.0011,0,Low Risk
CUST-05001,0.001,0,Low Risk
CUST-05002,0.9151,1,High Risk
CUST-05003,0.0092,0,Low Risk
CUST-05004,0.092,0,Low Risk
CUST-05005,0.0029,0,Low Risk
CUST-05006,0.914,1,High Risk
CUST-05007,0.6972,1,Medium Risk
CUST-05008,0.0008,0,Low Risk
CUST-05009,0.9369,1,High Risk
CUST-05010,0.0155,0,Low Risk
CUST-05011,0.0112,0,Low Risk
CUST-05012,0.7747,1,High Risk
CUST-05013,0.4853,1,Medium Risk
CUST-05014,0.0003,0,Low Risk
CUST-05015,0.4254,1,Medium Risk
CUST-05016,0.1426,0,Low Risk
CUST-05017,0.0002,0,Low Risk
CUST-05018,0.1405,0,Low Risk
CUST-05019,0.9854,1,High Risk
CUST-05020,0.7436,1,High Risk
CUST-05021,0.0007,0,Low Risk
CUST-05022,0.0138,0,Low Risk
CUST-05023,1e-04,0,Low Risk
CUST-05024,0.0007,0,Low Risk
CUST-05025,0.0014,0,Low Risk
CUST-05026,0.2284,0,Low Risk
CUST-05027,0.0277,0,Low Risk
CUST-05028,0.0011,0,Low Risk
CUST-05029,0.0032,0,Low Risk
CUST-05030,0.0111,0,Low Risk
CUST-05031,0.986,1,High Risk
CUST-05032,0.0007,0,Low Risk
CUST-05033,0.3004,0,Low Risk
CUST-05034,0.0002,0,Low Risk
CUST-05035,0.8901,1,High Risk
CUST-05036,0.0685,0,Low Risk
CUST-05037,0.159,0,Low Risk
CUST-05038,0.8845,1,High Risk
CUST-05039,0.9933,1,High Risk
CUST-05040,0.0014,0,Low Risk
CUST-05041,0.0035,0,Low Risk
CUST-05042,0.0488,0,Low Risk
CUST-05043,0.0138,0,Low Risk
CUST-05044,0.0004,0,Low Risk
CUST-05045,0.0002,0,Low Risk
CUST-05046,0.9137,1,High Risk
CUST-05047,0.5502,1,Medium Risk
CUST-05048,0.0056,0,Low Risk
CUST-05049,1e-04,0,Low Risk
CUST-05050,0.0025,0,Low Risk
CUST-05051,0.0008,0,Low Risk
CUST-05052,0.0101,0,Low Risk
CUST-05053,0.9936,1,High Risk
CUST-05054,0.0038,0,Low Risk
CUST-05055,0.0076,0,Low Risk
CUST-05056,0.0008,0,Low Risk
CUST-05057,0.0062,0,Low Risk
CUST-05058,0.0075,0,Low Risk
CUST-05059,0.7856,1,High Risk
CUST-05060,0.9968,1,High Risk
CUST-05061,0.9972,1,High Risk
CUST-05062,0.0064,0,Low Risk
CUST-05063,0.9459,1,High Risk
CUST-05064,1e-04,0,Low Risk
CUST-05065,0.9375,1,High Risk
CUST-05066,0.0265,0,Low Risk
CUST-05067,0.8966,1,High Risk
CUST-05068,0.0792,0,Low Risk
CUST-05069,0.2655,0,Low Risk
CUST-05070,0.0125,0,Low Risk
CUST-05071,0.0092,0,Low Risk
CUST-05072,0.8729,1,High Risk
CUST-05073,0.1023,0,Low Risk
CUST-05074,0.0004,0,Low Risk
CUST-05075,0.0004,0,Low Risk
CUST-05076,0.9044,1,High Risk
CUST-05077,0.0026,0,Low Risk
CUST-05078,0.9376,1,High Risk
CUST-05079,0.0036,0,Low Risk
CUST-05080,0.0009,0,Low Risk
CUST-05081,0.7824,1,High Risk
CUST-05082,0.0007,0,Low Risk
CUST-05083,0.1837,0,Low Risk
CUST-05084,0.0004,0,Low Risk
CUST-05085,0.4501,1,Medium Risk
CUST-05086,0.8368,1,High Risk
CUST-05087,0.128,0,Low Risk
CUST-05088,0.0003,0,Low Risk
CUST-05089,0.0023,0,Low Risk
CUST-05090,0.199,0,Low Risk
CUST-05091,0.3762,0,Low Risk
CUST-05092,0.0012,0,Low Risk
CUST-05093,0.0005,0,Low Risk
CUST-05094,0.0006,0,Low Risk
CUST-05095,0.3335,0,Low Risk
CUST-05096,0.9691,1,High Risk
CUST-05097,0.8859,1,High Risk
CUST-05098,0.2396,0,Low Risk
CUST-05099,0.8646,1,High Risk
CUST-05100,0.0002,0,Low Risk
CUST-05101,0.8394,1,High Risk
CUST-05102,0.8888,1,High Risk
CUST-05103,0.057,0,Low Risk
CUST-05104,0.0519,0,Low Risk
CUST-05105,0.023,0,Low Risk
CUST-05106,0.1038,0,Low Risk
CUST-05107,0.0046,0,Low Risk
CUST-05108,0.0268,0,Low Risk
CUST-05109,0.8333,1,High Risk
CUST-05110,1e-04,0,Low Risk
CUST-05111,0.002,0,Low Risk
CUST-05112,0.3801,0,Low Risk
CUST-05113,0.995,1,High Risk
CUST-05114,0.0012,0,Low Risk
CUST-05115,0.0003,0,Low Risk
CUST-05116,0.0025,0,Low Risk
CUST-05117,0.0014,0,Low Risk
CUST-05118,0.007,0,Low Risk
CUST-05119,0.0151,0,Low Risk
CUST-05120,0.0007,0,Low Risk
CUST-05121,1e-04,0,Low Risk
CUST-05122,0.003,0,Low Risk
CUST-05123,0.6026,1,Medium Risk
CUST-05124,0.0012,0,Low Risk
CUST-05125,0.0073,0,Low Risk
CUST-05126,0.0048,0,Low Risk
CUST-05127,0.003,0,Low Risk
CUST-05128,0.0537,0,Low Risk
CUST-05129,0.896,1,High Risk
CUST-05130,0.0002,0,Low Risk
CUST-05131,0.0203,0,Low Risk
CUST-05132,0.1384,0,Low Risk
CUST-05133,0.4916,1,Medium Risk
CUST-05134,0.3685,0,Low Risk
CUST-05135,0.4585,1,Medium Risk
CUST-05136,0.0335,0,Low Risk
CUST-05137,1e-04,0,Low Risk
CUST-05138,0.0007,0,Low Risk
CUST-05139,0.0052,0,Low Risk
CUST-05140,0.0109,0,Low Risk
CUST-05141,0.0036,0,Low Risk
CUST-05142,0.2186,0,Low Risk
CUST-05143,0.0074,0,Low Risk
CUST-05144,1e-04,0,Low Risk
CUST-05145,1e-04,0,Low Risk
CUST-05146,0.0033,0,Low Risk
CUST-05147,0.0008,0,Low Risk
CUST-05148,0.948,1,High Risk
CUST-05149,0.9821,1,High Risk
CUST-05150,1e-04,0,Low Risk
CUST-05151,0.9866,1,High Risk
CUST-05152,0.0008,0,Low Risk
CUST-05153,0.814,1,High Risk
CUST-05154,1e-04,0,Low Risk
CUST-05155,0.944,1,High Risk
CUST-05156,0.853,1,High Risk
CUST-05157,0.0125,0,Low Risk
CUST-05158,0.0005,0,Low Risk
CUST-05159,0.0008,0,Low Risk
CUST-05160,0.2824,0,Low Risk
CUST-05161,0.0004,0,Low Risk
CUST-05162,0.839,1,High Risk
CUST-05163,0.0004,0,Low Risk
CUST-05164,0.9227,1,High Risk
CUST-05165,0.0008,0,Low Risk
CUST-05166,0.9405,1,High Risk
CUST-05167,0.0012,0,Low Risk
CUST-05168,0.001,0,Low Risk
CUST-05169,0.2104,0,Low Risk
CUST-05170,0.0079,0,Low Risk
CUST-05171,0.0003,0,Low Risk
CUST-05172,0.0004,0,Low Risk
CUST-05173,0.0711,0,Low Risk
CUST-05174,0.0005,0,Low Risk
CUST-05175,0.002,0,Low Risk
CUST-05176,0.9527,1,High Risk
CUST-05177,0.0382,0,Low Risk
CUST-05178,0.4934,1,Medium Risk
CUST-05179,0.0004,0,Low Risk
CUST-05180,0.0024,0,Low Risk
CUST-05181,0.9625,1,High Risk
CUST-05182,0.9647,1,High Risk
CUST-05183,0.111,0,Low Risk
CUST-05184,0.0136,0,Low Risk
CUST-05185,0.0176,0,Low Risk
CUST-05186,0.0273,0,Low Risk
CUST-05187,0.0236,0,Low Risk
CUST-05188,0.0055,0,Low Risk
CUST-05189,0.0016,0,Low Risk
CUST-05190,0.0017,0,Low Risk
CUST-05191,0.989,1,High Risk
CUST-05192,0.0004,0,Low Risk
CUST-05193,0.0354,0,Low Risk
CUST-05194,0.9814,1,High Risk
CUST-05195,0.0007,0,Low Risk
CUST-05196,0.0135,0,Low Risk
CUST-05197,0.0098,0,Low Risk
CUST-05198,0.9684,1,High Risk
CUST-05199,0.9396,1,High Risk
CUST-05200,0.1068,0,Low Risk
CUST-05201,0.0106,0,Low Risk
CUST-05202,0.0012,0,Low Risk
CUST-05203,0.9616,1,High Risk
CUST-05204,0.2306,0,Low Risk
CUST-05205,0.0255,0,Low Risk
CUST-05206,0.0022,0,Low Risk
CUST-05207,0.193,0,Low Risk
CUST-05208,0.9251,1,High Risk
CUST-05209,0.0055,0,Low Risk
CUST-05210,0.9938,1,High Risk
CUST-05211,0.9901,1,High Risk
CUST-05212,0.0018,0,Low Risk
CUST-05213,0.0033,0,Low Risk
CUST-05214,0.0021,0,Low Risk
CUST-05215,0.0081,0,Low Risk
CUST-05216,0.9646,1,High Risk
CUST-05217,0.0005,0,Low Risk
CUST-05218,0.7654,1,High Risk
CUST-05219,0.0038,0,Low Risk
CUST-05220,0.897,1,High Risk
CUST-05221,0.0011,0,Low Risk
CUST-05222,0.0003,0,Low Risk
CUST-05223,0.7192,1,High Risk
CUST-05224,0.017,0,Low Risk
CUST-05225,0.0223,0,Low Risk
CUST-05226,0.0092,0,Low Risk
CUST-05227,0.0772,0,Low Risk
CUST-05228,0.0013,0,Low Risk
CUST-05229,0.0007,0,Low Risk
CUST-05230,0.9848,1,High Risk
CUST-05231,0.025,0,Low Risk
CUST-05232,0.9548,1,High Risk
CUST-05233,0.0007,0,Low Risk
CUST-05234,0.9789,1,High Risk
CUST-05235,0.8927,1,High Risk
CUST-05236,0.0039,0,Low Risk
CUST-05237,0.0006,0,Low Risk
CUST-05238,0.9293,1,High Risk
CUST-05239,0.0398,0,Low Risk
CUST-05240,0.0032,0,Low Risk
CUST-05241,0.2565,0,Low Risk
CUST-05242,0.9683,1,High Risk
CUST-05243,0.0004,0,Low Risk
CUST-05244,0.1256,0,Low Risk
CUST-05245,0.0101,0,Low Risk
CUST-05246,1e-04,0,Low Risk
CUST-05247,0.0867,0,Low Risk
CUST-05248,1e-04,0,Low Risk
CUST-05249,0.0057,0,Low Risk
CUST-05250,0.993,1,High Risk
CUST-05251,0.0026,0,Low Risk
CUST-05252,0.0038,0,Low Risk
CUST-05253,0.0225,0,Low Risk
CUST-05254,0.0004,0,Low Risk
CUST-05255,0.98,1,High Risk
CUST-05256,0.5289,1,Medium Risk
CUST-05257,0.001,0,Low Risk
CUST-05258,0.2871,0,Low Risk
CUST-05259,0.4614,1,Medium Risk
CUST-05260,0.0601,0,Low Risk
CUST-05261,0.9949,1,High Risk
CUST-05262,0.1623,0,Low Risk
CUST-05263,0.0074,0,Low Risk
CUST-05264,0.0012,0,Low Risk
CUST-05265,0.0056,0,Low Risk
CUST-05266,0.0007,0,Low Risk
CUST-05267,0.0402,0,Low Risk
CUST-05268,0.0024,0,Low Risk
CUST-05269,0.0242,0,Low Risk
CUST-05270,0.7053,1,High Risk
CUST-05271,0.9452,1,High Risk
CUST-05272,0.2215,0,Low Risk
CUST-05273,0.011,0,Low Risk
CUST-05274,1e-04,0,Low Risk
CUST-05275,0.0681,0,Low Risk
CUST-05276,0.1003,0,Low Risk
CUST-05277,0.7811,1,High Risk
CUST-05278,0.0017,0,Low Risk
CUST-05279,0.0012,0,Low Risk
CUST-05280,0.0071,0,Low Risk
CUST-05281,0.8446,1,High Risk
CUST-05282,0.0023,0,Low Risk
CUST-05283,0.1555,0,Low Risk
CUST-05284,0.8747,1,High Risk
CUST-05285,0.204,0,Low Risk
CUST-05286,0.0079,0,Low Risk
CUST-05287,0.0018,0,Low Risk
CUST-05288,0.9762,1,High Risk
CUST-05289,0.0007,0,Low Risk
CUST-05290,0.8973,1,High Risk
CUST-05291,0.0236,0,Low Risk
CUST-05292,0.0228,0,Low Risk
CUST-05293,1e-04,0,Low Risk
CUST-05294,0.9626,1,High Risk
CUST-05295,0.0038,0,Low Risk
CUST-05296,0.0201,0,Low Risk
CUST-05297,0.01,0,Low Risk
CUST-05298,0.6536,1,Medium Risk
CUST-05299,0.0066,0,Low Risk
CUST-05300,0.3415,0,Low Risk
CUST-05301,0.0007,0,Low Risk
CUST-05302,0.0005,0,Low Risk
CUST-05303,0.0005,0,Low Risk
CUST-05304,0.0025,0,Low Risk
CUST-05305,0.0202,0,Low Risk
CUST-05306,1e-04,0,Low Risk
CUST-05307,0.9879,1,High Risk
CUST-05308,0.0003,0,Low Risk
CUST-05309,0.1209,0,Low Risk
CUST-05310,0.1205,0,Low Risk
CUST-05311,1e-04,0,Low Risk
CUST-05312,0.0012,0,Low Risk
CUST-05313,0.0064,0,Low Risk
CUST-05314,0.003,0,Low Risk
CUST-05315,0.1389,0,Low Risk
CUST-05316,0.9897,1,High Risk
CUST-05317,0.0238,0,Low Risk
CUST-05318,0.9202,1,High Risk
CUST-05319,0.0531,0,Low Risk
CUST-05320,0.1139,0,Low Risk
CUST-05321,0.0393,0,Low Risk
CUST-05322,0.9563,1,High Risk
CUST-05323,0.926,1,High Risk
CUST-05324,0.1229,0,Low Risk
CUST-05325,0.0015,0,Low Risk
CUST-05326,0.001,0,Low Risk
CUST-05327,0.0006,0,Low Risk
CUST-05328,0.1028,0,Low Risk
CUST-05329,0.3141,0,Low Risk
CUST-05330,0.9936,1,High Risk
CUST-05331,0.9936,1,High Risk
CUST-05332,1e-04,0,Low Risk
CUST-05333,0.0102,0,Low Risk
CUST-05334,0.3347,0,Low Risk
CUST-05335,0.0003,0,Low Risk
CUST-05336,0.0002,0,Low Risk
CUST-05337,1e-04,0,Low Risk
CUST-05338,0.9777,1,High Risk
CUST-05339,0.5235,1,Medium Risk
CUST-05340,0.0021,0,Low Risk
CUST-05341,0.9793,1,High Risk
CUST-05342,0.3184,0,Low Risk
CUST-05343,1e-04,0,Low Risk
CUST-05344,0.0104,0,Low Risk
CUST-05345,0.9485,1,High Risk
CUST-05346,0.8694,1,High Risk
CUST-05347,0.2605,0,Low Risk
CUST-05348,0.0067,0,Low Risk
CUST-05349,0.1876,0,Low Risk
CUST-05350,0.088,0,Low Risk
CUST-05351,0.963,1,High Risk
CUST-05352,0.0064,0,Low Risk
CUST-05353,0.9529,1,High Risk
CUST-05354,1e-04,0,Low Risk
CUST-05355,0.0021,0,Low Risk
CUST-05356,0.5023,1,Medium Risk
CUST-05357,0.0002,0,Low Risk
CUST-05358,0.9354,1,High Risk
CUST-05359,0.0,0,Low Risk
CUST-05360,0.0002,0,Low Risk
CUST-05361,0.0006,0,Low Risk
CUST-05362,0.0378,0,Low Risk
CUST-05363,0.9871,1,High Risk
CUST-05364,0.2628,0,Low Risk
CUST-05365,0.8106,1,High Risk
CUST-05366,0.0035,0,Low Risk
CUST-05367,0.4968,1,Medium Risk
CUST-05368,0.9147,1,High Risk
CUST-05369,0.0091,0,Low Risk
CUST-05370,0.0025,0,Low Risk
CUST-05371,0.9241,1,High Risk
CUST-05372,0.0023,0,Low Risk
CUST-05373,0.0003,0,Low Risk
CUST-05374,0.977,1,High Risk
CUST-05375,0.8339,1,High Risk
CUST-05376,0.0269,0,Low Risk
CUST-05377,0.8709,1,High Risk
CUST-05378,0.0759,0,Low Risk
CUST-05379,0.027,0,Low Risk
CUST-05380,0.0359,0,Low Risk
CUST-05381,0.9717,1,High Risk
CUST-05382,0.9633,1,High Risk
CUST-05383,0.8867,1,High Risk
CUST-05384,0.0649,0,Low Risk
CUST-05385,0.0014,0,Low Risk
CUST-05386,0.9896,1,High Risk
CUST-05387,0.9513,1,High Risk
CUST-05388,0.9778,1,High Risk
CUST-05389,0.9873,1,High Risk
CUST-05390,0.3462,0,Low Risk
CUST-05391,0.5227,1,Medium Risk
CUST-05392,0.9821,1,High Risk
CUST-05393,0.0002,0,Low Risk
CUST-05394,0.9892,1,High Risk
CUST-05395,0.0069,0,Low Risk
CUST-05396,0.5701,1,Medium Risk
CUST-05397,0.9947,1,High Risk
CUST-05398,0.5859,1,Medium Risk
CUST-05399,0.948,1,High Risk
CUST-05400,0.0031,0,Low Risk
CUST-05401,0.0312,0,Low Risk
CUST-05402,0.0308,0,Low Risk
CUST-05403,0.1755,0,Low Risk
CUST-05404,0.0226,0,Low Risk
CUST-05405,0.0083,0,Low Risk
CUST-05406,0.0016,0,Low Risk
CUST-05407,0.9515,1,High Risk
CUST-05408,0.0415,0,Low Risk
CUST-05409,0.9948,1,High Risk
CUST-05410,0.796,1,High Risk
CUST-05411,0.9818,1,High Risk
CUST-05412,0.0029,0,Low Risk
CUST-05413,0.9912,1,High Risk
CUST-05414,0.0072,0,Low Risk
CUST-05415,0.9844,1,High Risk
CUST-05416,0.0024,0,Low Risk
CUST-05417,0.9549,1,High Risk
CUST-05418,0.0057,0,Low Risk
CUST-05419,0.0554,0,Low Risk
CUST-05420,0.9774,1,High Risk
CUST-05421,0.7416,1,High Risk
CUST-05422,0.8574,1,High Risk
CUST-05423,0.0013,0,Low Risk
CUST-05424,0.9769,1,High Risk
CUST-05425,0.0015,0,Low Risk
CUST-05426,0.9952,1,High Risk
CUST-05427,0.1104,0,Low Risk
CUST-05428,0.0056,0,Low Risk
CUST-05429,0.0011,0,Low Risk
CUST-05430,0.7975,1,High Risk
CUST-05431,0.0,0,Low Risk
CUST-05432,0.0038,0,Low Risk
CUST-05433,0.9731,1,High Risk
CUST-05434,0.0363,0,Low Risk
CUST-05435,0.0012,0,Low Risk
CUST-05436,0.0002,0,Low Risk
CUST-05437,0.0006,0,Low Risk
CUST-05438,0.9736,1,High Risk
CUST-05439,0.0027,0,Low Risk
CUST-05440,0.9903,1,High Risk
CUST-05441,0.002,0,Low Risk
CUST-05442,1e-04,0,Low Risk
CUST-05443,0.9416,1,High Risk
CUST-05444,0.9375,1,High Risk
CUST-05445,0.0003,0,Low Risk
CUST-05446,0.6623,1,Medium Risk
CUST-05447,0.1574,0,Low Risk
CUST-05448,0.0939,0,Low Risk
CUST-05449,0.002,0,Low Risk
CUST-05450,0.7365,1,High Risk
CUST-05451,0.9632,1,High Risk
CUST-05452,0.133,0,Low Risk
CUST-05453,0.9803,1,High Risk
CUST-05454,0.9891,1,High Risk
CUST-05455,0.0019,0,Low Risk
CUST-05456,0.0408,0,Low Risk
CUST-05457,0.0442,0,Low Risk
CUST-05458,0.004,0,Low Risk
CUST-05459,0.0065,0,Low Risk
CUST-05460,1e-04,0,Low Risk
CUST-05461,0.0277,0,Low Risk
CUST-05462,0.981,1,High Risk
CUST-05463,0.2599,0,Low Risk
CUST-05464,0.1606,0,Low Risk
CUST-05465,0.0013,0,Low Risk
CUST-05466,0.9504,1,High Risk
CUST-05467,0.0022,0,Low Risk
CUST-05468,0.0006,0,Low Risk
CUST-05469,0.1162,0,Low Risk
CUST-05470,0.0004,0,Low Risk
CUST-05471,0.0017,0,Low Risk
CUST-05472,0.4239,1,Medium Risk
CUST-05473,0.9882,1,High Risk
CUST-05474,0.0033,0,Low Risk
CUST-05475,0.9714,1,High Risk
CUST-05476,0.0177,0,Low Risk
CUST-05477,0.0079,0,Low Risk
CUST-05478,0.039,0,Low Risk
CUST-05479,0.0016,0,Low Risk
CUST-05480,0.0016,0,Low Risk
CUST-05481,0.0315,0,Low Risk
CUST-05482,0.0009,0,Low Risk
CUST-05483,0.2845,0,Low Risk
CUST-05484,0.0351,0,Low Risk
CUST-05485,0.2715,0,Low Risk
CUST-05486,0.0055,0,Low Risk
CUST-05487,0.0004,0,Low Risk
CUST-05488,0.8897,1,High Risk
CUST-05489,0.1014,0,Low Risk
CUST-05490,0.7238,1,High Risk
CUST-05491,0.8842,1,High Risk
CUST-05492,0.6317,1,Medium Risk
CUST-05493,0.0382,0,Low Risk
CUST-05494,0.0035,0,Low Risk
CUST-05495,0.0079,0,Low Risk
CUST-05496,0.001,0,Low Risk
CUST-05497,0.0013,0,Low Risk
CUST-05498,0.6329,1,Medium Risk
CUST-05499,0.0696,0,Low Risk
CUST-05500,0.1349,0,Low Risk
CUST-05501,0.0005,0,Low Risk
CUST-05502,0.8827,1,High Risk
CUST-05503,1e-04,0,Low Risk
CUST-05504,0.9202,1,High Risk
CUST-05505,0.0015,0,Low Risk
CUST-05506,0.9983,1,High Risk
CUST-05507,0.3657,0,Low Risk
CUST-05508,0.0354,0,Low Risk
CUST-05509,0.8066,1,High Risk
CUST-05510,0.0002,0,Low Risk
CUST-05511,0.7775,1,High Risk
CUST-05512,0.0006,0,Low Risk
CUST-05513,0.3914,0,Low Risk
CUST-05514,0.2476,0,Low Risk
CUST-05515,0.997,1,High Risk
CUST-05516,0.1837,0,Low Risk
CUST-05517,0.2813,0,Low Risk
CUST-05518,0.4721,1,Medium Risk
CUST-05519,0.2862,0,Low Risk
CUST-05520,0.999,1,High Risk
CUST-05521,0.4969,1,Medium Risk
CUST-05522,0.0006,0,Low Risk
CUST-05523,1e-04,0,Low Risk
CUST-05524,0.122,0,Low Risk
CUST-05525,0.5958,1,Medium Risk
CUST-05526,0.988,1,High Risk
CUST-05527,0.0745,0,Low Risk
CUST-05528,0.0268,0,Low Risk
CUST-05529,0.0023,0,Low Risk
CUST-05530,0.144,0,Low Risk
CUST-05531,0.0004,0,Low Risk
CUST-05532,0.9711,1,High Risk
CUST-05533,0.1169,0,Low Risk
CUST-05534,0.9742,1,High Risk
CUST-05535,0.5832,1,Medium Risk
CUST-05536,0.0081,0,Low Risk
CUST-05537,0.8995,1,High Risk
CUST-05538,0.0144,0,Low Risk
CUST-05539,0.6971,1,Medium Risk
CUST-05540,0.446,1,Medium Risk
CUST-05541,0.0236,0,Low Risk
CUST-05542,0.0002,0,Low Risk
CUST-05543,0.0323,0,Low Risk
CUST-05544,0.8685,1,High Risk
CUST-05545,0.9009,1,High Risk
CUST-05546,0.0246,0,Low Risk
CUST-05547,0.0078,0,Low Risk
CUST-05548,0.9457,1,High Risk
CUST-05549,0.0007,0,Low Risk
CUST-05550,0.9314,1,High Risk
CUST-05551,0.8627,1,High Risk
CUST-05552,0.2202,0,Low Risk
CUST-05553,0.0548,0,Low Risk
CUST-05554,0.9883,1,High Risk
CUST-05555,0.9746,1,High Risk
CUST-05556,0.0024,0,Low Risk
CUST-05557,0.2318,0,Low Risk
CUST-05558,0.3396,0,Low Risk
CUST-05559,0.9806,1,High Risk
CUST-05560,0.9557,1,High Risk
CUST-05561,0.9835,1,High Risk
CUST-05562,0.0008,0,Low Risk
CUST-05563,0.9223,1,High Risk
CUST-05564,0.7535,1,High Risk
CUST-05565,0.8622,1,High Risk
CUST-05566,0.017,0,Low Risk
CUST-05567,0.1637,0,Low Risk
CUST-05568,0.9758,1,High Risk
CUST-05569,0.0002,0,Low Risk
CUST-05570,0.9995,1,High Risk
CUST-05571,0.0081,0,Low Risk
CUST-05572,0.9321,1,High Risk
CUST-05573,0.1238,0,Low Risk
CUST-05574,0.9767,1,High Risk
CUST-05575,1e-04,0,Low Risk
CUST-05576,0.0099,0,Low Risk
CUST-05577,0.0014,0,Low Risk
CUST-05578,0.024,0,Low Risk
CUST-05579,0.0002,0,Low Risk
CUST-05580,1e-04,0,Low Risk
CUST-05581,0.0008,0,Low Risk
CUST-05582,1e-04,0,Low Risk
CUST-05583,1e-04,0,Low Risk
CUST-05584,0.0036,0,Low Risk
CUST-05585,0.0966,0,Low Risk
CUST-05586,0.0009,0,Low Risk
CUST-05587,0.9843,1,High Risk
CUST-05588,0.9374,1,High Risk
CUST-05589,0.9944,1,High Risk
CUST-05590,0.0114,0,Low Risk
CUST-05591,0.0007,0,Low Risk
CUST-05592,0.0373,0,Low Risk
CUST-05593,0.0016,0,Low Risk
CUST-05594,0.071,0,Low Risk
CUST-05595,0.2944,0,Low Risk
CUST-05596,0.0118,0,Low Risk
CUST-05597,0.0166,0,Low Risk
CUST-05598,0.0219,0,Low Risk
CUST-05599,0.8853,1,High Risk
CUST-05600,0.03,0,Low Risk
CUST-05601,0.006,0,Low Risk
CUST-05602,0.9939,1,High Risk
CUST-05603,0.2717,0,Low Risk
CUST-05604,0.0027,0,Low Risk
CUST-05605,0.0029,0,Low Risk
CUST-05606,0.9753,1,High Risk
CUST-05607,0.0005,0,Low Risk
CUST-05608,0.0975,0,Low Risk
CUST-05609,0.993,1,High Risk
CUST-05610,0.0901,0,Low Risk
CUST-05611,0.0004,0,Low Risk
CUST-05612,0.9898,1,High Risk
CUST-05613,0.1217,0,Low Risk
CUST-05614,0.9789,1,High Risk
CUST-05615,0.0,0,Low Risk
CUST-05616,0.0006,0,Low Risk
CUST-05617,0.9168,1,High Risk
CUST-05618,0.3986,0,Low Risk
CUST-05619,0.019,0,Low Risk
CUST-05620,0.9149,1,High Risk
CUST-05621,0.0019,0,Low Risk
CUST-05622,0.986,1,High Risk
CUST-05623,0.8887,1,High Risk
CUST-05624,0.0005,0,Low Risk
CUST-05625,0.7004,1,High Risk
CUST-05626,0.323,0,Low Risk
CUST-05627,0.0059,0,Low Risk
CUST-05628,0.0431,0,Low Risk
CUST-05629,0.0029,0,Low Risk
CUST-05630,0.99,1,High Risk
CUST-05631,1e-04,0,Low Risk
CUST-05632,0.0026,0,Low Risk
CUST-05633,0.9911,1,High Risk
CUST-05634,0.0013,0,Low Risk
CUST-05635,0.0002,0,Low Risk
CUST-05636,0.0347,0,Low Risk
CUST-05637,0.9974,1,High Risk
CUST-05638,0.0676,0,Low Risk
CUST-05639,0.6532,1,Medium Risk
CUST-05640,0.9635,1,High Risk
CUST-05641,0.0079,0,Low Risk
CUST-05642,0.9084,1,High Risk
CUST-05643,0.9755,1,High Risk
CUST-05644,0.0559,0,Low Risk
CUST-05645,0.9791,1,High Risk
CUST-05646,0.9936,1,High Risk
CUST-05647,0.0112,0,Low Risk
CUST-05648,0.672,1,Medium Risk
CUST-05649,0.0046,0,Low Risk
CUST-05650,0.0012,0,Low Risk
CUST-05651,0.1417,0,Low Risk
CUST-05652,0.9787,1,High Risk
CUST-05653,0.1664,0,Low Risk
CUST-05654,0.7754,1,High Risk
CUST-05655,0.9788,1,High Risk
CUST-05656,0.0018,0,Low Risk
CUST-05657,0.9291,1,High Risk
CUST-05658,1e-04,0,Low Risk
CUST-05659,0.0006,0,Low Risk
CUST-05660,0.0363,0,Low Risk
CUST-05661,0.9758,1,High Risk
CUST-05662,0.0055,0,Low Risk
CUST-05663,0.0772,0,Low Risk
CUST-05664,0.4051,1,Medium Risk
CUST-05665,0.0008,0,Low Risk
CUST-05666,0.0005,0,Low Risk
CUST-05667,0.0568,0,Low Risk
CUST-05668,0.0024,0,Low Risk
CUST-05669,0.0002,0,Low Risk
CUST-05670,0.0002,0,Low Risk
CUST-05671,0.9721,1,High Risk
CUST-05672,0.0125,0,Low Risk
CUST-05673,0.8241,1,High Risk
CUST-05674,0.0003,0,Low Risk
CUST-05675,0.0031,0,Low Risk
CUST-05676,1e-04,0,Low Risk
CUST-05677,0.7655,1,High Risk
CUST-05678,0.8839,1,High Risk
CUST-05679,0.3923,0,Low Risk
CUST-05680,0.0026,0,Low Risk
CUST-05681,0.5527,1,Medium Risk
CUST-05682,0.0006,0,Low Risk
CUST-05683,0.0151,0,Low Risk
CUST-05684,0.0022,0,Low Risk
CUST-05685,0.2042,0,Low Risk
CUST-05686,0.7724,1,High Risk
CUST-05687,0.1891,0,Low Risk
CUST-05688,0.0167,0,Low Risk
CUST-05689,0.001,0,Low Risk
CUST-05690,0.0031,0,Low Risk
CUST-05691,0.0113,0,Low Risk
CUST-05692,0.0011,0,Low Risk
CUST-05693,0.0005,0,Low Risk
CUST-05694,0.0159,0,Low Risk
CUST-05695,0.001,0,Low Risk
CUST-05696,0.0024,0,Low Risk
CUST-05697,0.0144,0,Low Risk
CUST-05698,0.9493,1,High Risk
CUST-05699,0.0016,0,Low Risk
CUST-05700,0.0006,0,Low Risk
CUST-05701,0.3681,0,Low Risk
CUST-05702,0.0002,0,Low Risk
CUST-05703,0.0023,0,Low Risk
CUST-05704,0.0058,0,Low Risk
CUST-05705,0.0063,0,Low Risk
CUST-05706,0.0005,0,Low Risk
CUST-05707,0.8127,1,High Risk
CUST-05708,0.0002,0,Low Risk
CUST-05709,0.5896,1,Medium Risk
CUST-05710,0.9871,1,High Risk
CUST-05711,0.0016,0,Low Risk
CUST-05712,0.0008,0,Low Risk
CUST-05713,0.9886,1,High Risk
CUST-05714,0.0028,0,Low Risk
CUST-05715,0.0016,0,Low Risk
CUST-05716,0.32,0,Low Risk
CUST-05717,0.0005,0,Low Risk
CUST-05718,1e-04,0,Low Risk
CUST-05719,0.9588,1,High Risk
CUST-05720,0.001,0,Low Risk
CUST-05721,0.1339,0,Low Risk
CUST-05722,0.9039,1,High Risk
CUST-05723,0.0029,0,Low Risk
CUST-05724,0.0004,0,Low Risk
CUST-05725,0.949,1,High Risk
CUST-05726,0.9063,1,High Risk
CUST-05727,0.9751,1,High Risk
CUST-05728,0.0044,0,Low Risk
CUST-05729,0.0017,0,Low Risk
CUST-05730,0.0491,0,Low Risk
CUST-05731,0.3081,0,Low Risk
CUST-05732,0.9941,1,High Risk
CUST-05733,0.9774,1,High Risk
CUST-05734,0.0003,0,Low Risk
CUST-05735,0.0006,0,Low Risk
CUST-05736,0.0147,0,Low Risk
CUST-05737,0.0002,0,Low Risk
CUST-05738,0.0179,0,Low Risk
CUST-05739,0.0829,0,Low Risk
CUST-05740,0.0019,0,Low Risk
CUST-05741,0.001,0,Low Risk
CUST-05742,0.6338,1,Medium Risk
CUST-05743,0.8363,1,High Risk
CUST-05744,0.4166,1,Medium Risk
CUST-05745,0.0216,0,Low Risk
CUST-05746,0.4875,1,Medium Risk
CUST-05747,1e-04,0,Low Risk
CUST-05748,0.0035,0,Low Risk
CUST-05749,0.9798,1,High Risk
CUST-05750,1e-04,0,Low Risk
CUST-05751,0.9919,1,High Risk
CUST-05752,0.0344,0,Low Risk
CUST-05753,0.0614,0,Low Risk
CUST-05754,0.8196,1,High Risk
CUST-05755,0.0011,0,Low Risk
CUST-05756,0.0126,0,Low Risk
CUST-05757,0.003,0,Low Risk
CUST-05758,0.0249,0,Low Risk
CUST-05759,0.8818,1,High Risk
CUST-05760,0.8398,1,High Risk
CUST-05761,0.0022,0,Low Risk
CUST-05762,0.0029,0,Low Risk
CUST-05763,0.5848,1,Medium Risk
CUST-05764,0.3,0,Low Risk
CUST-05765,0.6777,1,Medium Risk
CUST-05766,0.0004,0,Low Risk
CUST-05767,0.4131,1,Medium Risk
CUST-05768,0.8642,1,High Risk
CUST-05769,0.9189,1,High Risk
CUST-05770,0.0,0,Low Risk
CUST-05771,0.0541,0,Low Risk
CUST-05772,0.0003,0,Low Risk
CUST-05773,0.0004,0,Low Risk
CUST-05774,0.0007,0,Low Risk
CUST-05775,0.0199,0,Low Risk
CUST-05776,0.13,0,Low Risk
CUST-05777,0.975,1,High Risk
CUST-05778,0.0011,0,Low Risk
CUST-05779,0.0011,0,Low Risk
CUST-05780,0.0231,0,Low Risk
CUST-05781,0.2507,0,Low Risk
CUST-05782,0.9554,1,High Risk
CUST-05783,0.9928,1,High Risk
CUST-05784,0.0267,0,Low Risk
CUST-05785,0.001,0,Low Risk
CUST-05786,0.9374,1,High Risk
CUST-05787,1e-04,0,Low Risk
CUST-05788,0.9954,1,High Risk
CUST-05789,0.1889,0,Low Risk
CUST-05790,0.0167,0,Low Risk
CUST-05791,0.9881,1,High Risk
CUST-05792,0.0047,0,Low Risk
CUST-05793,0.0107,0,Low Risk
CUST-05794,0.9935,1,High Risk
CUST-05795,0.0101,0,Low Risk
CUST-05796,0.0128,0,Low Risk
CUST-05797,0.0535,0,Low Risk
CUST-05798,0.8782,1,High Risk
CUST-05799,0.0093,0,Low Risk
CUST-05800,0.0165,0,Low Risk
CUST-05801,0.0015,0,Low Risk
CUST-05802,0.0084,0,Low Risk
CUST-05803,0.017,0,Low Risk
CUST-05804,0.0003,0,Low Risk
CUST-05805,0.8957,1,High Risk
CUST-05806,0.0031,0,Low Risk
CUST-05807,0.9672,1,High Risk
CUST-05808,0.9487,1,High Risk
CUST-05809,0.1066,0,Low Risk
CUST-05810,0.0545,0,Low Risk
CUST-05811,0.0007,0,Low Risk
CUST-05812,0.0002,0,Low Risk
CUST-05813,0.0005,0,Low Risk
CUST-05814,0.003,0,Low Risk
CUST-05815,0.8876,1,High Risk
CUST-05816,0.0005,0,Low Risk
CUST-05817,0.9645,1,High Risk
CUST-05818,0.0018,0,Low Risk
CUST-05819,0.5908,1,Medium Risk
CUST-05820,0.9718,1,High Risk
CUST-05821,0.0034,0,Low Risk
CUST-05822,0.3561,0,Low Risk
CUST-05823,0.9577,1,High Risk
CUST-05824,0.0417,0,Low Risk
CUST-05825,0.0019,0,Low Risk
CUST-05826,0.1614,0,Low Risk
CUST-05827,0.0004,0,Low Risk
CUST-05828,0.9206,1,High Risk
CUST-05829,0.003,0,Low Risk
CUST-05830,0.0003,0,Low Risk
CUST-05831,0.6191,1,Medium Risk
CUST-05832,0.008,0,Low Risk
CUST-05833,0.834,1,High Risk
CUST-05834,0.0023,0,Low Risk
CUST-05835,0.0493,0,Low Risk
CUST-05836,0.9955,1,High Risk
CUST-05837,0.9224,1,High Risk
CUST-05838,0.8972,1,High Risk
CUST-05839,1e-04,0,Low Risk
CUST-05840,0.9749,1,High Risk
CUST-05841,0.9368,1,High Risk
CUST-05842,0.0162,0,Low Risk
CUST-05843,0.0018,0,Low Risk
CUST-05844,0.008,0,Low Risk
CUST-05845,0.0034,0,Low Risk
CUST-05846,0.8701,1,High Risk
CUST-05847,0.0072,0,Low Risk
CUST-05848,0.984,1,High Risk
CUST-05849,0.9883,1,High Risk
CUST-05850,0.96,1,High Risk
CUST-05851,0.944,1,High Risk
CUST-05852,0.0011,0,Low Risk
CUST-05853,0.0183,0,Low Risk
CUST-05854,0.965,1,High Risk
CUST-05855,0.9714,1,High Risk
CUST-05856,0.0468,0,Low Risk
CUST-05857,0.0017,0,Low Risk
CUST-05858,0.0123,0,Low Risk
CUST-05859,0.9972,1,High Risk
CUST-05860,0.0007,0,Low Risk
CUST-05861,0.0022,0,Low Risk
CUST-05862,0.0014,0,Low Risk
CUST-05863,0.0012,0,Low Risk
CUST-05864,0.0697,0,Low Risk
CUST-05865,0.7329,1,High Risk
CUST-05866,0.0008,0,Low Risk
CUST-05867,0.0475,0,Low Risk
CUST-05868,0.0003,0,Low Risk
CUST-05869,0.1946,0,Low Risk
CUST-05870,0.7726,1,High Risk
CUST-05871,0.0014,0,Low Risk
CUST-05872,0.3462,0,Low Risk
CUST-05873,0.0025,0,Low Risk
CUST-05874,0.0012,0,Low Risk
CUST-05875,0.9554,1,High Risk
CUST-05876,0.0003,0,Low Risk
CUST-05877,0.0607,0,Low Risk
CUST-05878,0.0032,0,Low Risk
CUST-05879,0.0006,0,Low Risk
CUST-05880,0.0087,0,Low Risk
CUST-05881,0.0,0,Low Risk
CUST-05882,0.9936,1,High Risk
CUST-05883,0.5929,1,Medium Risk
CUST-05884,0.0019,0,Low Risk
CUST-05885,0.1052,0,Low Risk
CUST-05886,0.2083,0,Low Risk
CUST-05887,0.5255,1,Medium Risk
CUST-05888,0.0714,0,Low Risk
CUST-05889,0.0865,0,Low Risk
CUST-05890,0.0019,0,Low Risk
CUST-05891,0.9919,1,High Risk
CUST-05892,0.1785,0,Low Risk
CUST-05893,0.526,1,Medium Risk
CUST-05894,0.5664,1,Medium Risk
CUST-05895,0.8473,1,High Risk
CUST-05896,0.343,0,Low Risk
CUST-05897,0.0005,0,Low Risk
CUST-05898,0.9661,1,High Risk
CUST-05899,0.0155,0,Low Risk
CUST-05900,0.0086,0,Low Risk
CUST-05901,0.9474,1,High Risk
CUST-05902,0.0138,0,Low Risk
CUST-05903,0.0022,0,Low Risk
CUST-05904,0.0008,0,Low Risk
CUST-05905,0.0015,0,Low Risk
CUST-05906,0.8391,1,High Risk
CUST-05907,0.129,0,Low Risk
CUST-05908,0.2042,0,Low Risk
CUST-05909,0.0004,0,Low Risk
CUST-05910,0.4711,1,Medium Risk
CUST-05911,0.0181,0,Low Risk
CUST-05912,0.7698,1,High Risk
CUST-05913,0.5003,1,Medium Risk
CUST-05914,0.0005,0,Low Risk
CUST-05915,0.8381,1,High Risk
CUST-05916,0.076,0,Low Risk
CUST-05917,0.8028,1,High Risk
CUST-05918,0.0832,0,Low Risk
CUST-05919,0.0004,0,Low Risk
CUST-05920,0.0009,0,Low Risk
CUST-05921,0.8283,1,High Risk
CUST-05922,0.1231,0,Low Risk
CUST-05923,0.001,0,Low Risk
CUST-05924,0.8967,1,High Risk
CUST-05925,0.0728,0,Low Risk
CUST-05926,0.9599,1,High Risk
CUST-05927,0.4271,1,Medium Risk
CUST-05928,0.9336,1,High Risk
CUST-05929,0.0111,0,Low Risk
CUST-05930,0.0011,0,Low Risk
CUST-05931,0.0025,0,Low Risk
CUST-05932,0.0022,0,Low Risk
CUST-05933,0.0014,0,Low Risk
CUST-05934,0.0061,0,Low Risk
CUST-05935,0.0056,0,Low Risk
CUST-05936,0.0069,0,Low Risk
CUST-05937,0.0284,0,Low Risk
CUST-05938,0.0028,0,Low Risk
CUST-05939,0.0511,0,Low Risk
CUST-05940,0.0013,0,Low Risk
CUST-05941,0.9955,1,High Risk
CUST-05942,0.9971,1,High Risk
CUST-05943,0.0003,0,Low Risk
CUST-05944,0.963,1,High Risk
CUST-05945,0.9766,1,High Risk
CUST-05946,0.237,0,Low Risk
CUST-05947,0.8285,1,High Risk
CUST-05948,0.0,0,Low Risk
CUST-05949,0.0686,0,Low Risk
CUST-05950,0.0113,0,Low Risk
CUST-05951,0.9053,1,High Risk
CUST-05952,0.3056,0,Low Risk
CUST-05953,0.0197,0,Low Risk
CUST-05954,0.9207,1,High Risk
CUST-05955,0.0105,0,Low Risk
CUST-05956,0.0208,0,Low Risk
CUST-05957,0.0015,0,Low Risk
CUST-05958,0.0018,0,Low Risk
CUST-05959,0.0016,0,Low Risk
CUST-05960,0.0802,0,Low Risk
CUST-05961,0.9585,1,High Risk
CUST-05962,0.8956,1,High Risk
CUST-05963,0.1506,0,Low Risk
CUST-05964,0.913,1,High Risk
CUST-05965,0.0249,0,Low Risk
CUST-05966,0.0007,0,Low Risk
CUST-05967,0.4815,1,Medium Risk
CUST-05968,0.0088,0,Low Risk
CUST-05969,0.0374,0,Low Risk
CUST-05970,0.9667,1,High Risk
CUST-05971,0.0117,0,Low Risk
CUST-05972,0.9542,1,High Risk
CUST-05973,0.0006,0,Low Risk
CUST-05974,0.0002,0,Low Risk
CUST-05975,0.6268,1,Medium Risk
CUST-05976,0.0002,0,Low Risk
CUST-05977,0.0601,0,Low Risk
CUST-05978,0.0041,0,Low Risk
CUST-05979,0.9684,1,High Risk
CUST-05980,0.1801,0,Low Risk
CUST-05981,0.0012,0,Low Risk
CUST-05982,0.0207,0,Low Risk
CUST-05983,0.0083,0,Low Risk
CUST-05984,0.0013,0,Low Risk
CUST-05985,0.0605,0,Low Risk
CUST-05986,0.0003,0,Low Risk
CUST-05987,0.0172,0,Low Risk
CUST-05988,1e-04,0,Low Risk
CUST-05989,0.1184,0,Low Risk
CUST-05990,0.9937,1,High Risk
CUST-05991,0.0005,0,Low Risk
CUST-05992,0.0033,0,Low Risk
CUST-05993,0.5604,1,Medium Risk
CUST-05994,0.9864,1,High Risk
CUST-05995,0.0441,0,Low Risk
CUST-05996,0.9462,1,High Risk
CUST-05997,0.0017,0,Low Risk
CUST-05998,0.9285,1,High Risk
CUST-05999,0.0007,0,Low Risk
CUST-06000,0.0041,0,Low Risk
CUST-06001,0.0426,0,Low Risk
CUST-06002,0.0012,0,Low Risk
CUST-06003,0.9972,1,High Risk
CUST-06004,0.0033,0,Low Risk
CUST-06005,0.0749,0,Low Risk
CUST-06006,0.8279,1,High Risk
CUST-06007,0.3643,0,Low Risk
CUST-06008,0.8041,1,High Risk
CUST-06009,0.2542,0,Low Risk
CUST-06010,0.0038,0,Low Risk
CUST-06011,0.0041,0,Low Risk
CUST-06012,1e-04,0,Low Risk
CUST-06013,0.9106,1,High Risk
CUST-06014,0.8595,1,High Risk
CUST-06015,0.0004,0,Low Risk
CUST-06016,0.0004,0,Low Risk
CUST-06017,0.1523,0,Low Risk
CUST-06018,0.3893,0,Low Risk
CUST-06019,0.0004,0,Low Risk
CUST-06020,0.0065,0,Low Risk
CUST-06021,1e-04,0,Low Risk
CUST-06022,0.8223,1,High Risk
CUST-06023,0.0201,0,Low Risk
CUST-06024,0.0002,0,Low Risk
CUST-06025,0.0047,0,Low Risk
CUST-06026,0.9014,1,High Risk
CUST-06027,0.0098,0,Low Risk
CUST-06028,0.9659,1,High Risk
CUST-06029,0.9913,1,High Risk
CUST-06030,0.9912,1,High Risk
CUST-06031,0.028,0,Low Risk
CUST-06032,0.0002,0,Low Risk
CUST-06033,0.0318,0,Low Risk
CUST-06034,1e-04,0,Low Risk
CUST-06035,0.9582,1,High Risk
CUST-06036,0.0008,0,Low Risk
CUST-06037,0.003,0,Low Risk
CUST-06038,0.0009,0,Low Risk
CUST-06039,0.0006,0,Low Risk
CUST-06040,0.0244,0,Low Risk
CUST-06041,0.0019,0,Low Risk
CUST-06042,0.0228,0,Low Risk
CUST-06043,0.9146,1,High Risk
CUST-06044,0.7662,1,High Risk
CUST-06045,0.9844,1,High Risk
CUST-06046,0.9795,1,High Risk
CUST-06047,0.1161,0,Low Risk
CUST-06048,0.8675,1,High Risk
CUST-06049,0.9985,1,High Risk
CUST-06050,0.0003,0,Low Risk
CUST-06051,0.0266,0,Low Risk
CUST-06052,0.0069,0,Low Risk
CUST-06053,0.0945,0,Low Risk
CUST-06054,0.9839,1,High Risk
CUST-06055,0.9164,1,High Risk
CUST-06056,0.0009,0,Low Risk
CUST-06057,0.0015,0,Low Risk
CUST-06058,0.3511,0,Low Risk
CUST-06059,0.1711,0,Low Risk
CUST-06060,0.0004,0,Low Risk
CUST-06061,0.6334,1,Medium Risk
CUST-06062,0.004,0,Low Risk
CUST-06063,0.9575,1,High Risk
CUST-06064,0.0442,0,Low Risk
CUST-06065,0.6875,1,Medium Risk
CUST-06066,0.9697,1,High Risk
CUST-06067,0.0714,0,Low Risk
CUST-06068,0.2217,0,Low Risk
CUST-06069,0.938,1,High Risk
CUST-06070,0.0744,0,Low Risk
CUST-06071,0.7828,1,High Risk
CUST-06072,0.0771,0,Low Risk
CUST-06073,0.0745,0,Low Risk
CUST-06074,0.1196,0,Low Risk
CUST-06075,0.9491,1,High Risk
CUST-06076,0.013,0,Low Risk
CUST-06077,0.0005,0,Low Risk
CUST-06078,0.544,1,Medium Risk
CUST-06079,0.6081,1,Medium Risk
CUST-06080,0.0,0,Low Risk
CUST-06081,0.0621,0,Low Risk
CUST-06082,0.2359,0,Low Risk
CUST-06083,0.0012,0,Low Risk
CUST-06084,0.0847,0,Low Risk
CUST-06085,0.9393,1,High Risk
CUST-06086,0.9783,1,High Risk
CUST-06087,0.3533,0,Low Risk
CUST-06088,0.0019,0,Low Risk
CUST-06089,0.0323,0,Low Risk
CUST-06090,0.0008,0,Low Risk
CUST-06091,0.547,1,Medium Risk
CUST-06092,0.5835,1,Medium Risk
CUST-06093,0.095,0,Low Risk
CUST-06094,0.9862,1,High Risk
CUST-06095,0.2417,0,Low Risk
CUST-06096,0.0349,0,Low Risk
CUST-06097,0.0034,0,Low Risk
CUST-06098,0.0063,0,Low Risk
CUST-06099,0.0011,0,Low Risk
CUST-06100,0.0027,0,Low Risk
CUST-06101,0.8543,1,High Risk
CUST-06102,0.0004,0,Low Risk
CUST-06103,0.0068,0,Low Risk
CUST-06104,0.0015,0,Low Risk
CUST-06105,0.125,0,Low Risk
CUST-06106,0.0491,0,Low Risk
CUST-06107,0.7933,1,High Risk
CUST-06108,0.0008,0,Low Risk
CUST-06109,0.0009,0,Low Risk
CUST-06110,0.2602,0,Low Risk
CUST-06111,0.16,0,Low Risk
CUST-06112,0.0046,0,Low Risk
CUST-06113,0.0014,0,Low Risk
CUST-06114,0.9441,1,High Risk
CUST-06115,0.055,0,Low Risk
CUST-06116,0.1354,0,Low Risk
CUST-06117,0.6297,1,Medium Risk
CUST-06118,0.0146,0,Low Risk
CUST-06119,0.0103,0,Low Risk
CUST-06120,0.1434,0,Low Risk
CUST-06121,0.0017,0,Low Risk
CUST-06122,0.0027,0,Low Risk
CUST-06123,0.0202,0,Low Risk
CUST-06124,0.3491,0,Low Risk
CUST-06125,0.0009,0,Low Risk
CUST-06126,0.9942,1,High Risk
CUST-06127,0.0476,0,Low Risk
CUST-06128,0.9291,1,High Risk
CUST-06129,0.8215,1,High Risk
CUST-06130,0.0459,0,Low Risk
CUST-06131,1e-04,0,Low Risk
CUST-06132,0.0305,0,Low Risk
CUST-06133,0.0003,0,Low Risk
CUST-06134,1e-04,0,Low Risk
CUST-06135,0.0002,0,Low Risk
CUST-06136,0.8228,1,High Risk
CUST-06137,0.0009,0,Low Risk
CUST-06138,0.007,0,Low Risk
CUST-06139,0.4472,1,Medium Risk
CUST-06140,0.0076,0,Low Risk
CUST-06141,0.9718,1,High Risk
CUST-06142,0.1224,0,Low Risk
CUST-06143,0.0048,0,Low Risk
CUST-06144,0.0076,0,Low Risk
CUST-06145,1e-04,0,Low Risk
CUST-06146,0.0003,0,Low Risk
CUST-06147,0.0003,0,Low Risk
CUST-06148,1e-04,0,Low Risk
CUST-06149,0.8258,1,High Risk
CUST-06150,0.0005,0,Low Risk
CUST-06151,0.1581,0,Low Risk
CUST-06152,0.1581,0,Low Risk
CUST-06153,0.0016,0,Low Risk
CUST-06154,0.914,1,High Risk
CUST-06155,0.9504,1,High Risk
CUST-06156,0.9742,1,High Risk
CUST-06157,0.8824,1,High Risk
CUST-06158,0.9802,1,High Risk
CUST-06159,0.589,1,Medium Risk
CUST-06160,1e-04,0,Low Risk
CUST-06161,0.5444,1,Medium Risk
CUST-06162,0.004,0,Low Risk
CUST-06163,0.0004,0,Low Risk
CUST-06164,0.9691,1,High Risk
CUST-06165,0.9976,1,High Risk
CUST-06166,0.529,1,Medium Risk
CUST-06167,0.9981,1,High Risk
CUST-06168,0.2105,0,Low Risk
CUST-06169,0.0031,0,Low Risk
CUST-06170,0.9332,1,High Risk
CUST-06171,0.0023,0,Low Risk
CUST-06172,0.3208,0,Low Risk
CUST-06173,0.4835,1,Medium Risk
CUST-06174,0.9832,1,High Risk
CUST-06175,0.0004,0,Low Risk
CUST-06176,0.0002,0,Low Risk
CUST-06177,0.0007,0,Low Risk
CUST-06178,0.0023,0,Low Risk
CUST-06179,0.9637,1,High Risk
CUST-06180,0.0009,0,Low Risk
CUST-06181,0.1894,0,Low Risk
CUST-06182,0.0002,0,Low Risk
CUST-06183,0.0337,0,Low Risk
CUST-06184,0.0043,0,Low Risk
CUST-06185,0.0011,0,Low Risk
CUST-06186,0.0153,0,Low Risk
CUST-06187,0.0185,0,Low Risk
CUST-06188,0.6457,1,Medium Risk
CUST-06189,0.9586,1,High Risk
CUST-06190,0.0043,0,Low Risk
CUST-06191,0.995,1,High Risk
CUST-06192,0.0237,0,Low Risk
CUST-06193,0.0097,0,Low Risk
CUST-06194,0.0021,0,Low Risk
CUST-06195,0.9855,1,High Risk
CUST-06196,0.234,0,Low Risk
CUST-06197,0.0165,0,Low Risk
CUST-06198,0.0056,0,Low Risk
CUST-06199,0.0034,0,Low Risk
CUST-06200,0.895,1,High Risk
CUST-06201,0.0007,0,Low Risk
CUST-06202,0.0002,0,Low Risk
CUST-06203,0.018,0,Low Risk
CUST-06204,0.0012,0,Low Risk
CUST-06205,0.5367,1,Medium Risk
CUST-06206,0.1072,0,Low Risk
CUST-06207,0.9688,1,High Risk
CUST-06208,0.1636,0,Low Risk
CUST-06209,0.669,1,Medium Risk
CUST-06210,0.0567,0,Low Risk
CUST-06211,0.9477,1,High Risk
CUST-06212,0.001,0,Low Risk
CUST-06213,0.059,0,Low Risk
CUST-06214,0.0044,0,Low Risk
CUST-06215,0.0189,0,Low Risk
CUST-06216,0.0278,0,Low Risk
CUST-06217,0.7642,1,High Risk
CUST-06218,0.0192,0,Low Risk
CUST-06219,0.0002,0,Low Risk
CUST-06220,0.0002,0,Low Risk
CUST-06221,0.0004,0,Low Risk
CUST-06222,0.0002,0,Low Risk
CUST-06223,0.0056,0,Low Risk
CUST-06224,0.0099,0,Low Risk
CUST-06225,0.21,0,Low Risk
CUST-06226,0.0289,0,Low Risk
CUST-06227,0.0003,0,Low Risk
CUST-06228,0.0069,0,Low Risk
CUST-06229,0.4238,1,Medium Risk
CUST-06230,0.2135,0,Low Risk
CUST-06231,0.9918,1,High Risk
CUST-06232,0.9962,1,High Risk
CUST-06233,0.0192,0,Low Risk
CUST-06234,0.0005,0,Low Risk
CUST-06235,0.3116,0,Low Risk
CUST-06236,0.0098,0,Low Risk
CUST-06237,0.0077,0,Low Risk
CUST-06238,0.3045,0,Low Risk
CUST-06239,0.9159,1,High Risk
CUST-06240,0.0101,0,Low Risk
CUST-06241,0.0019,0,Low Risk
CUST-06242,0.037,0,Low Risk
CUST-06243,0.0,0,Low Risk
CUST-06244,0.9814,1,High Risk
CUST-06245,0.931,1,High Risk
CUST-06246,0.9199,1,High Risk
CUST-06247,0.1181,0,Low Risk
CUST-06248,0.0047,0,Low Risk
CUST-06249,0.6945,1,Medium Risk
CUST-06250,0.193,0,Low Risk
CUST-06251,0.9876,1,High Risk
CUST-06252,0.0163,0,Low Risk
CUST-06253,0.0016,0,Low Risk
CUST-06254,0.0003,0,Low Risk
CUST-06255,0.9505,1,High Risk
CUST-06256,1e-04,0,Low Risk
CUST-06257,0.9974,1,High Risk
CUST-06258,0.0004,0,Low Risk
CUST-06259,0.0807,0,Low Risk
CUST-06260,0.0007,0,Low Risk
CUST-06261,0.9745,1,High Risk
CUST-06262,0.1106,0,Low Risk
CUST-06263,0.9897,1,High Risk
CUST-06264,0.0098,0,Low Risk
CUST-06265,0.558,1,Medium Risk
CUST-06266,0.7403,1,High Risk
CUST-06267,0.0,0,Low Risk
CUST-06268,0.3401,0,Low Risk
CUST-06269,0.3318,0,Low Risk
CUST-06270,0.1444,0,Low Risk
CUST-06271,0.0006,0,Low Risk
CUST-06272,0.9935,1,High Risk
CUST-06273,0.021,0,Low Risk
CUST-06274,1e-04,0,Low Risk
CUST-06275,0.0015,0,Low Risk
CUST-06276,0.769,1,High Risk
CUST-06277,1e-04,0,Low Risk
CUST-06278,0.0073,0,Low Risk
CUST-06279,0.0003,0,Low Risk
CUST-06280,0.0035,0,Low Risk
CUST-06281,0.1429,0,Low Risk
CUST-06282,0.0011,0,Low Risk
CUST-06283,0.8163,1,High Risk
CUST-06284,0.0002,0,Low Risk
CUST-06285,0.1098,0,Low Risk
CUST-06286,1e-04,0,Low Risk
CUST-06287,0.0021,0,Low Risk
CUST-06288,0.0172,0,Low Risk
CUST-06289,0.0036,0,Low Risk
CUST-06290,0.0003,0,Low Risk
CUST-06291,0.9652,1,High Risk
CUST-06292,0.0003,0,Low Risk
CUST-06293,0.0,0,Low Risk
CUST-06294,0.0011,0,Low Risk
CUST-06295,0.2175,0,Low Risk
CUST-06296,0.0044,0,Low Risk
CUST-06297,0.0024,0,Low Risk
CUST-06298,0.0,0,Low Risk
CUST-06299,0.0027,0,Low Risk
CUST-06300,0.0003,0,Low Risk
CUST-06301,0.0026,0,Low Risk
CUST-06302,0.0339,0,Low Risk
CUST-06303,0.9411,1,High Risk
CUST-06304,0.0014,0,Low Risk
CUST-06305,1e-04,0,Low Risk
CUST-06306,0.0014,0,Low Risk
CUST-06307,0.9743,1,High Risk
CUST-06308,0.0028,0,Low Risk
CUST-06309,0.0079,0,Low Risk
CUST-06310,0.9937,1,High Risk
CUST-06311,0.0007,0,Low Risk
CUST-06312,0.0002,0,Low Risk
CUST-06313,0.9942,1,High Risk
CUST-06314,0.0007,0,Low Risk
CUST-06315,0.0068,0,Low Risk
CUST-06316,0.7804,1,High Risk
CUST-06317,0.0003,0,Low Risk
CUST-06318,0.0017,0,Low Risk
CUST-06319,0.0003,0,Low Risk
CUST-06320,0.9702,1,High Risk
CUST-06321,0.0117,0,Low Risk
CUST-06322,0.0,0,Low Risk
CUST-06323,0.8477,1,High Risk
CUST-06324,0.0129,0,Low Risk
CUST-06325,0.1561,0,Low Risk
CUST-06326,0.8395,1,High Risk
CUST-06327,0.0044,0,Low Risk
CUST-06328,0.004,0,Low Risk
CUST-06329,0.3077,0,Low Risk
CUST-06330,0.861,1,High Risk
CUST-06331,0.0002,0,Low Risk
CUST-06332,0.0097,0,Low Risk
CUST-06333,0.0077,0,Low Risk
CUST-06334,0.9461,1,High Risk
CUST-06335,0.9879,1,High Risk
CUST-06336,0.967,1,High Risk
CUST-06337,0.9714,1,High Risk
CUST-06338,0.0003,0,Low Risk
CUST-06339,0.4945,1,Medium Risk
CUST-06340,0.0006,0,Low Risk
CUST-06341,0.2189,0,Low Risk
CUST-06342,0.0008,0,Low Risk
CUST-06343,0.0069,0,Low Risk
CUST-06344,0.9934,1,High Risk
CUST-06345,0.9381,1,High Risk
CUST-06346,0.9975,1,High Risk
CUST-06347,0.0034,0,Low Risk
CUST-06348,0.0715,0,Low Risk
CUST-06349,0.001,0,Low Risk
CUST-06350,0.0027,0,Low Risk
CUST-06351,0.0011,0,Low Risk
CUST-06352,0.8723,1,High Risk
CUST-06353,0.4584,1,Medium Risk
CUST-06354,0.0069,0,Low Risk
CUST-06355,0.0018,0,Low Risk
CUST-06356,0.9434,1,High Risk
CUST-06357,0.1301,0,Low Risk
CUST-06358,0.0082,0,Low Risk
CUST-06359,0.9163,1,High Risk
CUST-06360,0.0377,0,Low Risk
CUST-06361,0.962,1,High Risk
CUST-06362,0.9805,1,High Risk
CUST-06363,0.1677,0,Low Risk
CUST-06364,0.0566,0,Low Risk
CUST-06365,0.0002,0,Low Risk
CUST-06366,0.7251,1,High Risk
CUST-06367,0.1626,0,Low Risk
CUST-06368,0.8303,1,High Risk
CUST-06369,0.0003,0,Low Risk
CUST-06370,0.1361,0,Low Risk
CUST-06371,0.9589,1,High Risk
CUST-06372,0.9756,1,High Risk
CUST-06373,0.9831,1,High Risk
CUST-06374,0.9311,1,High Risk
CUST-06375,0.9676,1,High Risk
CUST-06376,0.1076,0,Low Risk
CUST-06377,0.0078,0,Low Risk
CUST-06378,0.0004,0,Low Risk
CUST-06379,0.0002,0,Low Risk
CUST-06380,0.9393,1,High Risk
CUST-06381,0.0167,0,Low Risk
CUST-06382,0.9882,1,High Risk
CUST-06383,0.9783,1,High Risk
CUST-06384,0.9581,1,High Risk
CUST-06385,0.0106,0,Low Risk
CUST-06386,0.0,0,Low Risk
CUST-06387,0.002,0,Low Risk
CUST-06388,0.4854,1,Medium Risk
CUST-06389,0.9006,1,High Risk
CUST-06390,0.8494,1,High Risk
CUST-06391,0.9026,1,High Risk
CUST-06392,0.0002,0,Low Risk
CUST-06393,0.2023,0,Low Risk
CUST-06394,0.3795,0,Low Risk
CUST-06395,0.0655,0,Low Risk
CUST-06396,0.8745,1,High Risk
CUST-06397,0.9829,1,High Risk
CUST-06398,0.0006,0,Low Risk
CUST-06399,0.9801,1,High Risk
CUST-06400,0.0036,0,Low Risk
CUST-06401,0.0008,0,Low Risk
CUST-06402,0.0018,0,Low Risk
CUST-06403,0.7979,1,High Risk
CUST-06404,0.0323,0,Low Risk
CUST-06405,0.0156,0,Low Risk
CUST-06406,0.9947,1,High Risk
CUST-06407,0.9881,1,High Risk
CUST-06408,0.0009,0,Low Risk
CUST-06409,0.143,0,Low Risk
CUST-06410,0.0252,0,Low Risk
CUST-06411,0.0355,0,Low Risk
CUST-06412,0.975,1,High Risk
CUST-06413,0.0748,0,Low Risk
CUST-06414,0.0002,0,Low Risk
CUST-06415,0.9955,1,High Risk
CUST-06416,0.4047,1,Medium Risk
CUST-06417,0.0207,0,Low Risk
CUST-06418,0.0516,0,Low Risk
CUST-06419,0.0005,0,Low Risk
CUST-06420,0.0354,0,Low Risk
CUST-06421,0.8684,1,High Risk
CUST-06422,0.0392,0,Low Risk
CUST-06423,1e-04,0,Low Risk
CUST-06424,0.9879,1,High Risk
CUST-06425,0.0008,0,Low Risk
CUST-06426,0.15,0,Low Risk
CUST-06427,0.8442,1,High Risk
CUST-06428,0.7755,1,High Risk
CUST-06429,0.0032,0,Low Risk
CUST-06430,0.9033,1,High Risk
CUST-06431,0.0227,0,Low Risk
CUST-06432,0.0002,0,Low Risk
CUST-06433,0.0029,0,Low Risk
CUST-06434,0.0196,0,Low Risk
CUST-06435,0.3047,0,Low Risk
CUST-06436,0.5649,1,Medium Risk
CUST-06437,1e-04,0,Low Risk
CUST-06438,0.9248,1,High Risk
CUST-06439,0.2991,0,Low Risk
CUST-06440,0.9675,1,High Risk
CUST-06441,0.992,1,High Risk
CUST-06442,0.0237,0,Low Risk
CUST-06443,0.0021,0,Low Risk
CUST-06444,0.0002,0,Low Risk
CUST-06445,0.0082,0,Low Risk
CUST-06446,0.9943,1,High Risk
CUST-06447,0.9733,1,High Risk
CUST-06448,0.1961,0,Low Risk
CUST-06449,0.919,1,High Risk
CUST-06450,0.0009,0,Low Risk
CUST-06451,0.001,0,Low Risk
CUST-06452,0.0026,0,Low Risk
CUST-06453,0.9976,1,High Risk
CUST-06454,0.0023,0,Low Risk
CUST-06455,0.0943,0,Low Risk
CUST-06456,0.0043,0,Low Risk
CUST-06457,0.0906,0,Low Risk
CUST-06458,0.4133,1,Medium Risk
CUST-06459,0.0305,0,Low Risk
CUST-06460,0.0003,0,Low Risk
CUST-06461,0.0029,0,Low Risk
CUST-06462,1e-04,0,Low Risk
CUST-06463,0.0007,0,Low Risk
CUST-06464,0.9713,1,High Risk
CUST-06465,0.0256,0,Low Risk
CUST-06466,0.0005,0,Low Risk
CUST-06467,0.0002,0,Low Risk
CUST-06468,0.8023,1,High Risk
CUST-06469,0.9963,1,High Risk
CUST-06470,0.886,1,High Risk
CUST-06471,0.066,0,Low Risk
CUST-06472,0.003,0,Low Risk
CUST-06473,0.0873,0,Low Risk
CUST-06474,0.9593,1,High Risk
CUST-06475,0.0358,0,Low Risk
CUST-06476,0.0013,0,Low Risk
CUST-06477,0.0003,0,Low Risk
CUST-06478,0.9192,1,High Risk
CUST-06479,0.0248,0,Low Risk
CUST-06480,0.0115,0,Low Risk
CUST-06481,0.3959,0,Low Risk
CUST-06482,0.0275,0,Low Risk
CUST-06483,0.0459,0,Low Risk
CUST-06484,0.1098,0,Low Risk
CUST-06485,0.0011,0,Low Risk
CUST-06486,0.007,0,Low Risk
CUST-06487,0.981,1,High Risk
CUST-06488,0.0016,0,Low Risk
CUST-06489,0.2565,0,Low Risk
CUST-06490,0.1516,0,Low Risk
CUST-06491,0.992,1,High Risk
CUST-06492,0.0686,0,Low Risk
CUST-06493,0.8436,1,High Risk
CUST-06494,0.3984,0,Low Risk
CUST-06495,1e-04,0,Low Risk
CUST-06496,0.1634,0,Low Risk
CUST-06497,0.0007,0,Low Risk
CUST-06498,0.0161,0,Low Risk
CUST-06499,0.0658,0,Low Risk
CUST-06500,0.0003,0,Low Risk
CUST-06501,0.9599,1,High Risk
CUST-06502,0.0019,0,Low Risk
CUST-06503,0.3508,0,Low Risk
CUST-06504,0.016,0,Low Risk
CUST-06505,0.8927,1,High Risk
CUST-06506,0.1511,0,Low Risk
CUST-06507,0.0003,0,Low Risk
CUST-06508,0.6311,1,Medium Risk
CUST-06509,0.9641,1,High Risk
CUST-06510,0.8683,1,High Risk
CUST-06511,0.008,0,Low Risk
CUST-06512,1e-04,0,Low Risk
CUST-06513,0.0053,0,Low Risk
CUST-06514,0.001,0,Low Risk
CUST-06515,0.9937,1,High Risk
CUST-06516,0.0011,0,Low Risk
CUST-06517,0.2271,0,Low Risk
CUST-06518,0.0027,0,Low Risk
CUST-06519,0.0015,0,Low Risk
CUST-06520,0.0029,0,Low Risk
CUST-06521,0.1618,0,Low Risk
CUST-06522,0.9877,1,High Risk
CUST-06523,0.9891,1,High Risk
CUST-06524,0.9911,1,High Risk
CUST-06525,0.0057,0,Low Risk
CUST-06526,0.9791,1,High Risk
CUST-06527,0.7515,1,High Risk
CUST-06528,0.9095,1,High Risk
CUST-06529,0.2464,0,Low Risk
CUST-06530,0.8505,1,High Risk
CUST-06531,0.1051,0,Low Risk
CUST-06532,1e-04,0,Low Risk
CUST-06533,0.0009,0,Low Risk
CUST-06534,0.9719,1,High Risk
CUST-06535,1e-04,0,Low Risk
CUST-06536,1e-04,0,Low Risk
CUST-06537,0.9938,1,High Risk
CUST-06538,0.0398,0,Low Risk
CUST-06539,0.9287,1,High Risk
CUST-06540,0.8742,1,High Risk
CUST-06541,0.0138,0,Low Risk
CUST-06542,0.0477,0,Low Risk
CUST-06543,0.9814,1,High Risk
CUST-06544,0.0017,0,Low Risk
CUST-06545,0.1403,0,Low Risk
CUST-06546,0.9782,1,High Risk
CUST-06547,0.0956,0,Low Risk
CUST-06548,0.9787,1,High Risk
CUST-06549,0.003,0,Low Risk
CUST-06550,0.0096,0,Low Risk
CUST-06551,0.9829,1,High Risk
CUST-06552,0.0237,0,Low Risk
CUST-06553,0.0,0,Low Risk
CUST-06554,0.0852,0,Low Risk
CUST-06555,0.0989,0,Low Risk
CUST-06556,0.2826,0,Low Risk
CUST-06557,0.0026,0,Low Risk
CUST-06558,0.0115,0,Low Risk
CUST-06559,0.9009,1,High Risk
CUST-06560,0.0034,0,Low Risk
CUST-06561,0.0573,0,Low Risk
CUST-06562,0.0002,0,Low Risk
CUST-06563,0.0679,0,Low Risk
CUST-06564,0.0761,0,Low Risk
CUST-06565,0.276,0,Low Risk
CUST-06566,0.0005,0,Low Risk
CUST-06567,0.0144,0,Low Risk
CUST-06568,0.0003,0,Low Risk
CUST-06569,0.5486,1,Medium Risk
CUST-06570,0.1616,0,Low Risk
CUST-06571,0.1831,0,Low Risk
CUST-06572,0.0023,0,Low Risk
CUST-06573,0.0484,0,Low Risk
CUST-06574,0.9428,1,High Risk
CUST-06575,0.0014,0,Low Risk
CUST-06576,0.929,1,High Risk
CUST-06577,0.0008,0,Low Risk
CUST-06578,0.8268,1,High Risk
CUST-06579,0.9956,1,High Risk
CUST-06580,0.7756,1,High Risk
CUST-06581,0.0415,0,Low Risk
CUST-06582,0.0015,0,Low Risk
CUST-06583,0.0055,0,Low Risk
CUST-06584,0.0077,0,Low Risk
CUST-06585,0.8561,1,High Risk
CUST-06586,0.0119,0,Low Risk
CUST-06587,0.0301,0,Low Risk
CUST-06588,0.0035,0,Low Risk
CUST-06589,0.0192,0,Low Risk
CUST-06590,0.0027,0,Low Risk
CUST-06591,0.0103,0,Low Risk
CUST-06592,0.0193,0,Low Risk
CUST-06593,0.0078,0,Low Risk
CUST-06594,0.3561,0,Low Risk
CUST-06595,0.1041,0,Low Risk
CUST-06596,0.0151,0,Low Risk
CUST-06597,0.0023,0,Low Risk
CUST-06598,0.91,1,High Risk
CUST-06599,0.9929,1,High Risk
CUST-06600,0.002,0,Low Risk
CUST-06601,0.0098,0,Low Risk
CUST-06602,0.0261,0,Low Risk
CUST-06603,0.3256,0,Low Risk
CUST-06604,0.9967,1,High Risk
CUST-06605,0.4745,1,Medium Risk
CUST-06606,0.9938,1,High Risk
CUST-06607,0.9915,1,High Risk
CUST-06608,0.6928,1,Medium Risk
CUST-06609,0.0012,0,Low Risk
CUST-06610,0.0004,0,Low Risk
CUST-06611,0.1583,0,Low Risk
CUST-06612,0.0007,0,Low Risk
CUST-06613,0.0103,0,Low Risk
CUST-06614,0.9888,1,High Risk
CUST-06615,0.9736,1,High Risk
CUST-06616,0.0003,0,Low Risk
CUST-06617,0.9075,1,High Risk
CUST-06618,0.0075,0,Low Risk
CUST-06619,0.9927,1,High Risk
CUST-06620,0.7766,1,High Risk
CUST-06621,0.0,0,Low Risk
CUST-06622,1e-04,0,Low Risk
CUST-06623,0.9016,1,High Risk
CUST-06624,0.0002,0,Low Risk
CUST-06625,0.0064,0,Low Risk
CUST-06626,0.0212,0,Low Risk
CUST-06627,0.0002,0,Low Risk
CUST-06628,0.0002,0,Low Risk
CUST-06629,0.9846,1,High Risk
CUST-06630,0.9967,1,High Risk
CUST-06631,0.0885,0,Low Risk
CUST-06632,0.0133,0,Low Risk
CUST-06633,0.4623,1,Medium Risk
CUST-06634,0.0017,0,Low Risk
CUST-06635,0.0191,0,Low Risk
CUST-06636,0.0009,0,Low Risk
CUST-06637,0.9509,1,High Risk
CUST-06638,0.2764,0,Low Risk
CUST-06639,0.2799,0,Low Risk
CUST-06640,0.2212,0,Low Risk
CUST-06641,0.8414,1,High Risk
CUST-06642,0.008,0,Low Risk
CUST-06643,0.9879,1,High Risk
CUST-06644,0.3513,0,Low Risk
CUST-06645,0.1512,0,Low Risk
CUST-06646,0.0229,0,Low Risk
CUST-06647,0.8287,1,High Risk
CUST-06648,0.0212,0,Low Risk
CUST-06649,0.0002,0,Low Risk
CUST-06650,0.9131,1,High Risk
CUST-06651,0.8662,1,High Risk
CUST-06652,0.0003,0,Low Risk
CUST-06653,0.8157,1,High Risk
CUST-06654,0.0009,0,Low Risk
CUST-06655,0.3457,0,Low Risk
CUST-06656,0.0012,0,Low Risk
CUST-06657,0.0228,0,Low Risk
CUST-06658,0.0284,0,Low Risk
CUST-06659,0.0005,0,Low Risk
CUST-06660,0.0014,0,Low Risk
CUST-06661,0.7891,1,High Risk
CUST-06662,0.0127,0,Low Risk
CUST-06663,0.002,0,Low Risk
CUST-06664,0.0603,0,Low Risk
CUST-06665,0.6294,1,Medium Risk
CUST-06666,0.9878,1,High Risk
CUST-06667,0.0206,0,Low Risk
CUST-06668,0.0143,0,Low Risk
CUST-06669,0.0582,0,Low Risk
CUST-06670,1e-04,0,Low Risk
CUST-06671,0.9227,1,High Risk
CUST-06672,0.0274,0,Low Risk
CUST-06673,0.8852,1,High Risk
CUST-06674,0.0175,0,Low Risk
CUST-06675,0.9928,1,High Risk
CUST-06676,0.9271,1,High Risk
CUST-06677,0.9703,1,High Risk
CUST-06678,0.0447,0,Low Risk
CUST-06679,0.99,1,High Risk
CUST-06680,0.6633,1,Medium Risk
CUST-06681,1e-04,0,Low Risk
CUST-06682,0.0171,0,Low Risk
CUST-06683,0.9682,1,High Risk
CUST-06684,0.0032,0,Low Risk
CUST-06685,0.0397,0,Low Risk
CUST-06686,0.512,1,Medium Risk
CUST-06687,0.2762,0,Low Risk
CUST-06688,0.9782,1,High Risk
CUST-06689,0.159,0,Low Risk
CUST-06690,0.0059,0,Low Risk
CUST-06691,0.002,0,Low Risk
CUST-06692,0.9269,1,High Risk
CUST-06693,0.0014,0,Low Risk
CUST-06694,0.0002,0,Low Risk
CUST-06695,0.907,1,High Risk
CUST-06696,0.9226,1,High Risk
CUST-06697,0.8745,1,High Risk
CUST-06698,0.0769,0,Low Risk
CUST-06699,0.2387,0,Low Risk
CUST-06700,0.0005,0,Low Risk
CUST-06701,0.0003,0,Low Risk
CUST-06702,0.0067,0,Low Risk
CUST-06703,0.0004,0,Low Risk
CUST-06704,0.0003,0,Low Risk
CUST-06705,0.9953,1,High Risk
CUST-06706,0.3475,0,Low Risk
CUST-06707,0.0449,0,Low Risk
CUST-06708,0.4666,1,Medium Risk
CUST-06709,0.3407,0,Low Risk
CUST-06710,0.0003,0,Low Risk
CUST-06711,0.0003,0,Low Risk
CUST-06712,0.0002,0,Low Risk
CUST-06713,0.084,0,Low Risk
CUST-06714,0.003,0,Low Risk
CUST-06715,0.035,0,Low Risk
CUST-06716,0.0045,0,Low Risk
CUST-06717,0.943,1,High Risk
CUST-06718,0.0036,0,Low Risk
CUST-06719,0.0023,0,Low Risk
CUST-06720,0.9932,1,High Risk
CUST-06721,0.0003,0,Low Risk
CUST-06722,0.032,0,Low Risk
CUST-06723,0.1227,0,Low Risk
CUST-06724,0.2988,0,Low Risk
CUST-06725,0.0018,0,Low Risk
CUST-06726,0.1709,0,Low Risk
CUST-06727,0.0009,0,Low Risk
CUST-06728,0.0033,0,Low Risk
CUST-06729,1e-04,0,Low Risk
CUST-06730,0.2377,0,Low Risk
CUST-06731,0.1542,0,Low Risk
CUST-06732,0.0003,0,Low Risk
CUST-06733,0.0023,0,Low Risk
CUST-06734,0.997,1,High Risk
CUST-06735,0.0226,0,Low Risk
CUST-06736,0.1787,0,Low Risk
CUST-06737,0.0304,0,Low Risk
CUST-06738,0.0227,0,Low Risk
CUST-06739,0.0323,0,Low Risk
CUST-06740,0.0037,0,Low Risk
CUST-06741,0.0738,0,Low Risk
CUST-06742,0.0028,0,Low Risk
CUST-06743,1e-04,0,Low Risk
CUST-06744,0.0639,0,Low Risk
CUST-06745,0.0041,0,Low Risk
CUST-06746,0.337,0,Low Risk
CUST-06747,0.0026,0,Low Risk
CUST-06748,0.0975,0,Low Risk
CUST-06749,0.4141,1,Medium Risk
CUST-06750,0.009,0,Low Risk
CUST-06751,0.5052,1,Medium Risk
CUST-06752,0.9257,1,High Risk
CUST-06753,0.9287,1,High Risk
CUST-06754,0.9281,1,High Risk
CUST-06755,0.9885,1,High Risk
CUST-06756,0.0298,0,Low Risk
CUST-06757,0.9308,1,High Risk
CUST-06758,0.0987,0,Low Risk
CUST-06759,0.5511,1,Medium Risk
CUST-06760,0.1885,0,Low Risk
CUST-06761,0.0016,0,Low Risk
CUST-06762,1e-04,0,Low Risk
CUST-06763,0.0006,0,Low Risk
CUST-06764,0.9611,1,High Risk
CUST-06765,0.9236,1,High Risk
CUST-06766,0.2307,0,Low Risk
CUST-06767,0.9367,1,High Risk
CUST-06768,0.0012,0,Low Risk
CUST-06769,0.2095,0,Low Risk
CUST-06770,0.917,1,High Risk
CUST-06771,0.0049,0,Low Risk
CUST-06772,0.0124,0,Low Risk
CUST-06773,0.96,1,High Risk
CUST-06774,1e-04,0,Low Risk
CUST-06775,0.9731,1,High Risk
CUST-06776,0.9514,1,High Risk
CUST-06777,0.9898,1,High Risk
CUST-06778,0.0847,0,Low Risk
CUST-06779,0.0062,0,Low Risk
CUST-06780,0.0007,0,Low Risk
CUST-06781,0.0086,0,Low Risk
CUST-06782,0.0016,0,Low Risk
CUST-06783,1e-04,0,Low Risk
CUST-06784,0.0003,0,Low Risk
CUST-06785,0.9785,1,High Risk
CUST-06786,0.0025,0,Low Risk
CUST-06787,0.768,1,High Risk
CUST-06788,0.0013,0,Low Risk
CUST-06789,0.0216,0,Low Risk
CUST-06790,1e-04,0,Low Risk
CUST-06791,0.0002,0,Low Risk
CUST-06792,0.9109,1,High Risk
CUST-06793,0.9983,1,High Risk
CUST-06794,0.0006,0,Low Risk
CUST-06795,0.0604,0,Low Risk
CUST-06796,0.012,0,Low Risk
CUST-06797,0.055,0,Low Risk
CUST-06798,0.982,1,High Risk
CUST-06799,0.1024,0,Low Risk
CUST-06800,0.0002,0,Low Risk
CUST-06801,0.995,1,High Risk
CUST-06802,0.9398,1,High Risk
CUST-06803,0.0,0,Low Risk
CUST-06804,0.0021,0,Low Risk
CUST-06805,0.0019,0,Low Risk
CUST-06806,0.0127,0,Low Risk
CUST-06807,0.0121,0,Low Risk
CUST-06808,0.8395,1,High Risk
CUST-06809,0.0005,0,Low Risk
CUST-06810,0.0129,0,Low Risk
CUST-06811,0.9802,1,High Risk
CUST-06812,0.9657,1,High Risk
CUST-06813,0.0811,0,Low Risk
CUST-06814,0.0565,0,Low Risk
CUST-06815,0.741,1,High Risk
CUST-06816,0.0298,0,Low Risk
CUST-06817,0.2397,0,Low Risk
CUST-06818,0.003,0,Low Risk
CUST-06819,0.7134,1,High Risk
CUST-06820,0.0028,0,Low Risk
CUST-06821,0.5204,1,Medium Risk
CUST-06822,0.0011,0,Low Risk
CUST-06823,0.9605,1,High Risk
CUST-06824,0.0011,0,Low Risk
CUST-06825,0.0024,0,Low Risk
CUST-06826,0.0207,0,Low Risk
CUST-06827,0.4875,1,Medium Risk
CUST-06828,0.0286,0,Low Risk
CUST-06829,0.0006,0,Low Risk
CUST-06830,0.4417,1,Medium Risk
CUST-06831,0.0008,0,Low Risk
CUST-06832,0.001,0,Low Risk
CUST-06833,0.047,0,Low Risk
CUST-06834,0.0002,0,Low Risk
CUST-06835,0.0135,0,Low Risk
CUST-06836,0.0046,0,Low Risk
CUST-06837,0.9318,1,High Risk
CUST-06838,0.0004,0,Low Risk
CUST-06839,0.9304,1,High Risk
CUST-06840,0.0136,0,Low Risk
CUST-06841,0.017,0,Low Risk
CUST-06842,0.1787,0,Low Risk
CUST-06843,0.0283,0,Low Risk
CUST-06844,0.0007,0,Low Risk
CUST-06845,0.2898,0,Low Risk
CUST-06846,0.0013,0,Low Risk
CUST-06847,0.4053,1,Medium Risk
CUST-06848,0.0005,0,Low Risk
CUST-06849,0.003,0,Low Risk
CUST-06850,0.4617,1,Medium Risk
CUST-06851,0.0148,0,Low Risk
CUST-06852,0.9653,1,High Risk
CUST-06853,0.9921,1,High Risk
CUST-06854,0.973,1,High Risk
CUST-06855,1e-04,0,Low Risk
CUST-06856,0.917,1,High Risk
CUST-06857,0.0007,0,Low Risk
CUST-06858,0.882,1,High Risk
CUST-06859,0.0488,0,Low Risk
CUST-06860,0.0046,0,Low Risk
CUST-06861,0.0544,0,Low Risk
CUST-06862,0.9795,1,High Risk
CUST-06863,0.0028,0,Low Risk
CUST-06864,0.972,1,High Risk
CUST-06865,0.0525,0,Low Risk
CUST-06866,0.0004,0,Low Risk
CUST-06867,0.0009,0,Low Risk
CUST-06868,0.0121,0,Low Risk
CUST-06869,0.0192,0,Low Risk
CUST-06870,0.0128,0,Low Risk
CUST-06871,0.3742,0,Low Risk
CUST-06872,0.9111,1,High Risk
CUST-06873,0.0004,0,Low Risk
CUST-06874,0.0004,0,Low Risk
CUST-06875,0.0109,0,Low Risk
CUST-06876,0.9867,1,High Risk
CUST-06877,0.9954,1,High Risk
CUST-06878,0.0364,0,Low Risk
CUST-06879,0.0075,0,Low Risk
CUST-06880,0.0034,0,Low Risk
CUST-06881,0.1081,0,Low Risk
CUST-06882,0.3077,0,Low Risk
CUST-06883,0.9367,1,High Risk
CUST-06884,0.9285,1,High Risk
CUST-06885,0.9588,1,High Risk
CUST-06886,0.8696,1,High Risk
CUST-06887,0.1156,0,Low Risk
CUST-06888,0.0002,0,Low Risk
CUST-06889,0.0017,0,Low Risk
CUST-06890,0.0013,0,Low Risk
CUST-06891,0.3075,0,Low Risk
CUST-06892,0.0033,0,Low Risk
CUST-06893,0.0029,0,Low Risk
CUST-06894,0.9949,1,High Risk
CUST-06895,0.0004,0,Low Risk
CUST-06896,1e-04,0,Low Risk
CUST-06897,0.0017,0,Low Risk
CUST-06898,0.053,0,Low Risk
CUST-06899,0.0006,0,Low Risk
CUST-06900,1e-04,0,Low Risk
CUST-06901,0.0014,0,Low Risk
CUST-06902,0.5222,1,Medium Risk
CUST-06903,0.0005,0,Low Risk
CUST-06904,0.1858,0,Low Risk
CUST-06905,1e-04,0,Low Risk
CUST-06906,0.9983,1,High Risk
CUST-06907,0.0,0,Low Risk
CUST-06908,0.8843,1,High Risk
CUST-06909,0.9893,1,High Risk
CUST-06910,0.9236,1,High Risk
CUST-06911,0.0238,0,Low Risk
CUST-06912,0.1446,0,Low Risk
CUST-06913,0.0011,0,Low Risk
CUST-06914,0.0113,0,Low Risk
CUST-06915,0.3905,0,Low Risk
CUST-06916,0.0011,0,Low Risk
CUST-06917,0.0002,0,Low Risk
CUST-06918,0.0003,0,Low Risk
CUST-06919,0.2014,0,Low Risk
CUST-06920,0.9845,1,High Risk
CUST-06921,0.0325,0,Low Risk
CUST-06922,0.0011,0,Low Risk
CUST-06923,0.2452,0,Low Risk
CUST-06924,0.9974,1,High Risk
CUST-06925,0.0207,0,Low Risk
CUST-06926,0.006,0,Low Risk
CUST-06927,0.0285,0,Low Risk
CUST-06928,0.9835,1,High Risk
CUST-06929,0.0002,0,Low Risk
CUST-06930,0.9964,1,High Risk
CUST-06931,0.8074,1,High Risk
CUST-06932,0.1061,0,Low Risk
CUST-06933,0.1473,0,Low Risk
CUST-06934,0.0031,0,Low Risk
CUST-06935,0.0365,0,Low Risk
CUST-06936,0.1514,0,Low Risk
CUST-06937,0.2575,0,Low Risk
CUST-06938,0.1682,0,Low Risk
CUST-06939,0.0033,0,Low Risk
CUST-06940,0.004,0,Low Risk
CUST-06941,0.8926,1,High Risk
CUST-06942,0.8988,1,High Risk
CUST-06943,0.9984,1,High Risk
CUST-06944,0.6727,1,Medium Risk
CUST-06945,0.9884,1,High Risk
CUST-06946,0.002,0,Low Risk
CUST-06947,0.0177,0,Low Risk
CUST-06948,0.0011,0,Low Risk
CUST-06949,0.8267,1,High Risk
CUST-06950,0.0004,0,Low Risk
CUST-06951,0.0119,0,Low Risk
CUST-06952,0.0052,0,Low Risk
CUST-06953,1e-04,0,Low Risk
CUST-06954,0.0002,0,Low Risk
CUST-06955,0.0004,0,Low Risk
CUST-06956,0.0016,0,Low Risk
CUST-06957,0.0007,0,Low Risk
CUST-06958,0.0004,0,Low Risk
CUST-06959,0.0164,0,Low Risk
CUST-06960,0.0005,0,Low Risk
CUST-06961,0.294,0,Low Risk
CUST-06962,0.0195,0,Low Risk
CUST-06963,0.2239,0,Low Risk
CUST-06964,0.0112,0,Low Risk
CUST-06965,0.0002,0,Low Risk
CUST-06966,0.0681,0,Low Risk
CUST-06967,0.0452,0,Low Risk
CUST-06968,0.9851,1,High Risk
CUST-06969,0.1034,0,Low Risk
CUST-06970,0.0023,0,Low Risk
CUST-06971,0.2261,0,Low Risk
CUST-06972,0.9939,1,High Risk
CUST-06973,0.02,0,Low Risk
CUST-06974,0.9512,1,High Risk
CUST-06975,0.5499,1,Medium Risk
CUST-06976,0.9449,1,High Risk
CUST-06977,0.0473,0,Low Risk
CUST-06978,0.829,1,High Risk
CUST-06979,0.0018,0,Low Risk
CUST-06980,0.073,0,Low Risk
CUST-06981,0.0023,0,Low Risk
CUST-06982,0.4974,1,Medium Risk
CUST-06983,0.0793,0,Low Risk
CUST-06984,0.4824,1,Medium Risk
CUST-06985,0.922,1,High Risk
CUST-06986,0.0007,0,Low Risk
CUST-06987,0.0084,0,Low Risk
CUST-06988,0.8968,1,High Risk
CUST-06989,0.575,1,Medium Risk
CUST-06990,0.7993,1,High Risk
CUST-06991,0.0007,0,Low Risk
CUST-06992,1e-04,0,Low Risk
CUST-06993,0.0029,0,Low Risk
CUST-06994,0.0011,0,Low Risk
CUST-06995,0.059,0,Low Risk
CUST-06996,0.4371,1,Medium Risk
CUST-06997,0.8647,1,High Risk
CUST-06998,0.0075,0,Low Risk
CUST-06999,0.9921,1,High Risk
CUST-07000,0.0108,0,Low Risk
CUST-07001,0.3576,0,Low Risk
CUST-07002,0.0063,0,Low Risk
CUST-07003,0.0036,0,Low Risk
CUST-07004,0.0405,0,Low Risk
CUST-07005,0.6306,1,Medium Risk
CUST-07006,0.0089,0,Low Risk
CUST-07007,0.9589,1,High Risk
CUST-07008,0.0649,0,Low Risk
CUST-07009,0.0005,0,Low Risk
CUST-07010,0.2428,0,Low Risk
CUST-07011,0.0,0,Low Risk
CUST-07012,0.6069,1,Medium Risk
CUST-07013,0.9173,1,High Risk
CUST-07014,0.004,0,Low Risk
CUST-07015,0.9394,1,High Risk
CUST-07016,0.0087,0,Low Risk
CUST-07017,0.9965,1,High Risk
CUST-07018,0.0003,0,Low Risk
CUST-07019,0.7237,1,High Risk
CUST-07020,0.9506,1,High Risk
CUST-07021,1e-04,0,Low Risk
CUST-07022,0.0205,0,Low Risk
CUST-07023,0.9823,1,High Risk
CUST-07024,0.0365,0,Low Risk
CUST-07025,0.0107,0,Low Risk
CUST-07026,0.004,0,Low Risk
CUST-07027,0.0059,0,Low Risk
CUST-07028,0.5682,1,Medium Risk
CUST-07029,0.0007,0,Low Risk
CUST-07030,0.9946,1,High Risk
CUST-07031,0.0004,0,Low Risk
CUST-07032,0.0017,0,Low Risk
CUST-07033,0.0021,0,Low Risk
CUST-07034,0.0002,0,Low Risk
CUST-07035,0.1329,0,Low Risk
CUST-07036,0.0049,0,Low Risk
CUST-07037,0.9309,1,High Risk
CUST-07038,0.1604,0,Low Risk
CUST-07039,0.0302,0,Low Risk
CUST-07040,0.0003,0,Low Risk
CUST-07041,0.0023,0,Low Risk
CUST-07042,0.0115,0,Low Risk
CUST-07043,0.9504,1,High Risk
CUST-07044,0.0013,0,Low Risk
CUST-07045,0.2946,0,Low Risk
CUST-07046,0.0269,0,Low Risk
CUST-07047,0.0034,0,Low Risk
CUST-07048,0.0516,0,Low Risk
CUST-07049,0.017,0,Low Risk
CUST-07050,0.9961,1,High Risk
CUST-07051,0.0521,0,Low Risk
CUST-07052,0.0159,0,Low Risk
CUST-07053,0.0065,0,Low Risk
CUST-07054,0.0005,0,Low Risk
CUST-07055,0.079,0,Low Risk
CUST-07056,0.0002,0,Low Risk
CUST-07057,0.0157,0,Low Risk
CUST-07058,0.9851,1,High Risk
CUST-07059,0.0291,0,Low Risk
CUST-07060,0.0137,0,Low Risk
CUST-07061,0.0011,0,Low Risk
CUST-07062,0.0524,0,Low Risk
CUST-07063,0.9188,1,High Risk
CUST-07064,0.0009,0,Low Risk
CUST-07065,0.4701,1,Medium Risk
CUST-07066,0.9448,1,High Risk
CUST-07067,0.03,0,Low Risk
CUST-07068,0.013,0,Low Risk
CUST-07069,0.0012,0,Low Risk
CUST-07070,0.0003,0,Low Risk
CUST-07071,0.9056,1,High Risk
CUST-07072,0.0032,0,Low Risk
CUST-07073,0.0005,0,Low Risk
CUST-07074,0.0221,0,Low Risk
CUST-07075,0.8527,1,High Risk
CUST-07076,0.1348,0,Low Risk
CUST-07077,0.0005,0,Low Risk
CUST-07078,0.199,0,Low Risk
CUST-07079,0.8581,1,High Risk
CUST-07080,0.0239,0,Low Risk
CUST-07081,0.8267,1,High Risk
CUST-07082,0.9126,1,High Risk
CUST-07083,0.012,0,Low Risk
CUST-07084,0.9296,1,High Risk
CUST-07085,0.0017,0,Low Risk
CUST-07086,0.0025,0,Low Risk
CUST-07087,0.9347,1,High Risk
CUST-07088,0.0,0,Low Risk
CUST-07089,0.0003,0,Low Risk
CUST-07090,0.948,1,High Risk
CUST-07091,0.0587,0,Low Risk
CUST-07092,0.9382,1,High Risk
CUST-07093,0.2375,0,Low Risk
CUST-07094,0.0026,0,Low Risk
CUST-07095,0.0004,0,Low Risk
CUST-07096,0.9121,1,High Risk
CUST-07097,0.0003,0,Low Risk
CUST-07098,0.9381,1,High Risk
CUST-07099,0.0008,0,Low Risk
CUST-07100,0.258,0,Low Risk
CUST-07101,0.022,0,Low Risk
CUST-07102,0.0287,0,Low Risk
CUST-07103,0.0004,0,Low Risk
CUST-07104,0.1045,0,Low Risk
CUST-07105,0.0005,0,Low Risk
CUST-07106,0.321,0,Low Risk
CUST-07107,0.3756,0,Low Risk
CUST-07108,0.9653,1,High Risk
CUST-07109,0.0337,0,Low Risk
CUST-07110,1e-04,0,Low Risk
CUST-07111,0.0002,0,Low Risk
CUST-07112,0.0006,0,Low Risk
CUST-07113,0.1173,0,Low Risk
CUST-07114,1e-04,0,Low Risk
CUST-07115,0.1534,0,Low Risk
CUST-07116,0.0167,0,Low Risk
CUST-07117,0.9817,1,High Risk
CUST-07118,0.9863,1,High Risk
CUST-07119,0.9986,1,High Risk
CUST-07120,0.9849,1,High Risk
CUST-07121,0.1289,0,Low Risk
CUST-07122,0.4971,1,Medium Risk
CUST-07123,0.0093,0,Low Risk
CUST-07124,0.997,1,High Risk
CUST-07125,0.0002,0,Low Risk
CUST-07126,0.9957,1,High Risk
CUST-07127,0.8797,1,High Risk
CUST-07128,0.0308,0,Low Risk
CUST-07129,0.0024,0,Low Risk
CUST-07130,0.9856,1,High Risk
CUST-07131,0.9306,1,High Risk
CUST-07132,0.0012,0,Low Risk
CUST-07133,0.0002,0,Low Risk
CUST-07134,0.0006,0,Low Risk
CUST-07135,0.994,1,High Risk
CUST-07136,0.9981,1,High Risk
CUST-07137,0.0049,0,Low Risk
CUST-07138,1e-04,0,Low Risk
CUST-07139,0.0019,0,Low Risk
CUST-07140,0.119,0,Low Risk
CUST-07141,1e-04,0,Low Risk
CUST-07142,0.0104,0,Low Risk
CUST-07143,0.002,0,Low Risk
CUST-07144,0.9427,1,High Risk
CUST-07145,0.9956,1,High Risk
CUST-07146,0.313,0,Low Risk
CUST-07147,0.9502,1,High Risk
CUST-07148,0.0033,0,Low Risk
CUST-07149,0.0003,0,Low Risk
CUST-07150,0.0429,0,Low Risk
CUST-07151,0.0003,0,Low Risk
CUST-07152,0.9526,1,High Risk
CUST-07153,0.9158,1,High Risk
CUST-07154,0.8889,1,High Risk
CUST-07155,0.0012,0,Low Risk
CUST-07156,0.0564,0,Low Risk
CUST-07157,0.3636,0,Low Risk
CUST-07158,0.7528,1,High Risk
CUST-07159,0.1388,0,Low Risk
CUST-07160,0.0011,0,Low Risk
CUST-07161,0.6054,1,Medium Risk
CUST-07162,0.053,0,Low Risk
CUST-07163,0.5924,1,Medium Risk
CUST-07164,0.0003,0,Low Risk
CUST-07165,0.0041,0,Low Risk
CUST-07166,0.2221,0,Low Risk
CUST-07167,0.9528,1,High Risk
CUST-07168,0.0003,0,Low Risk
CUST-07169,0.0002,0,Low Risk
CUST-07170,0.0007,0,Low Risk
CUST-07171,0.1431,0,Low Risk
CUST-07172,0.9811,1,High Risk
CUST-07173,0.9461,1,High Risk
CUST-07174,0.0207,0,Low Risk
CUST-07175,0.1301,0,Low Risk
CUST-07176,0.0024,0,Low Risk
CUST-07177,0.9944,1,High Risk
CUST-07178,0.0809,0,Low Risk
CUST-07179,0.505,1,Medium Risk
CUST-07180,0.0022,0,Low Risk
CUST-07181,0.004,0,Low Risk
CUST-07182,0.6516,1,Medium Risk
CUST-07183,0.2,0,Low Risk
CUST-07184,0.0026,0,Low Risk
CUST-07185,0.9902,1,High Risk
CUST-07186,0.0007,0,Low Risk
CUST-07187,0.0006,0,Low Risk
CUST-07188,0.0002,0,Low Risk
CUST-07189,0.9963,1,High Risk
CUST-07190,0.0571,0,Low Risk
CUST-07191,0.003,0,Low Risk
CUST-07192,0.1743,0,Low Risk
CUST-07193,0.0002,0,Low Risk
CUST-07194,0.9675,1,High Risk
CUST-07195,0.9673,1,High Risk
CUST-07196,0.0142,0,Low Risk
CUST-07197,0.9381,1,High Risk
CUST-07198,0.1386,0,Low Risk
CUST-07199,0.9113,1,High Risk
CUST-07200,0.6266,1,Medium Risk
CUST-07201,0.0233,0,Low Risk
CUST-07202,0.0632,0,Low Risk
CUST-07203,0.0038,0,Low Risk
CUST-07204,0.9211,1,High Risk
CUST-07205,0.0011,0,Low Risk
CUST-07206,0.0,0,Low Risk
CUST-07207,1e-04,0,Low Risk
CUST-07208,0.4773,1,Medium Risk
CUST-07209,0.1422,0,Low Risk
CUST-07210,0.0019,0,Low Risk
CUST-07211,1e-04,0,Low Risk
CUST-07212,0.9319,1,High Risk
CUST-07213,0.3434,0,Low Risk
CUST-07214,0.003,0,Low Risk
CUST-07215,1e-04,0,Low Risk
CUST-07216,0.0038,0,Low Risk
CUST-07217,0.806,1,High Risk
CUST-07218,0.9969,1,High Risk
CUST-07219,0.0008,0,Low Risk
CUST-07220,0.6628,1,Medium Risk
CUST-07221,0.0219,0,Low Risk
CUST-07222,0.0005,0,Low Risk
CUST-07223,0.9913,1,High Risk
CUST-07224,0.0002,0,Low Risk
CUST-07225,0.0024,0,Low Risk
CUST-07226,0.001,0,Low Risk
CUST-07227,0.0014,0,Low Risk
CUST-07228,0.4373,1,Medium Risk
CUST-07229,0.0111,0,Low Risk
CUST-07230,0.0441,0,Low Risk
CUST-07231,0.9082,1,High Risk
CUST-07232,0.0535,0,Low Risk
CUST-07233,0.1872,0,Low Risk
CUST-07234,0.0821,0,Low Risk
CUST-07235,0.8601,1,High Risk
CUST-07236,0.9736,1,High Risk
CUST-07237,0.0263,0,Low Risk
CUST-07238,0.0008,0,Low Risk
CUST-07239,0.0003,0,Low Risk
CUST-07240,0.0002,0,Low Risk
CUST-07241,0.0003,0,Low Risk
CUST-07242,0.0025,0,Low Risk
CUST-07243,0.0003,0,Low Risk
CUST-07244,0.8799,1,High Risk
CUST-07245,0.0088,0,Low Risk
CUST-07246,0.0558,0,Low Risk
CUST-07247,0.0006,0,Low Risk
CUST-07248,0.9755,1,High Risk
CUST-07249,0.0014,0,Low Risk
CUST-07250,0.0085,0,Low Risk
CUST-07251,0.0003,0,Low Risk
CUST-07252,0.9806,1,High Risk
CUST-07253,0.0037,0,Low Risk
CUST-07254,0.0019,0,Low Risk
CUST-07255,0.7205,1,High Risk
CUST-07256,0.0629,0,Low Risk
CUST-07257,0.9714,1,High Risk
CUST-07258,0.2492,0,Low Risk
CUST-07259,0.0412,0,Low Risk
CUST-07260,0.9975,1,High Risk
CUST-07261,0.9264,1,High Risk
CUST-07262,0.989,1,High Risk
CUST-07263,0.0017,0,Low Risk
CUST-07264,0.0004,0,Low Risk
CUST-07265,0.9304,1,High Risk
CUST-07266,0.8006,1,High Risk
CUST-07267,0.3968,0,Low Risk
CUST-07268,0.0447,0,Low Risk
CUST-07269,0.0007,0,Low Risk
CUST-07270,0.8145,1,High Risk
CUST-07271,0.9486,1,High Risk
CUST-07272,0.0057,0,Low Risk
CUST-07273,0.9869,1,High Risk
CUST-07274,0.9139,1,High Risk
CUST-07275,0.0019,0,Low Risk
CUST-07276,0.0257,0,Low Risk
CUST-07277,0.8607,1,High Risk
CUST-07278,0.0003,0,Low Risk
CUST-07279,0.9842,1,High Risk
CUST-07280,0.2928,0,Low Risk
CUST-07281,0.0075,0,Low Risk
CUST-07282,0.0125,0,Low Risk
CUST-07283,0.2647,0,Low Risk
CUST-07284,0.0023,0,Low Risk
CUST-07285,0.0017,0,Low Risk
CUST-07286,0.997,1,High Risk
CUST-07287,0.012,0,Low Risk
CUST-07288,0.0003,0,Low Risk
CUST-07289,0.0059,0,Low Risk
CUST-07290,0.0007,0,Low Risk
CUST-07291,0.4874,1,Medium Risk
CUST-07292,0.8866,1,High Risk
CUST-07293,0.0004,0,Low Risk
CUST-07294,0.9149,1,High Risk
CUST-07295,1e-04,0,Low Risk
CUST-07296,0.9613,1,High Risk
CUST-07297,0.3478,0,Low Risk
CUST-07298,0.2365,0,Low Risk
CUST-07299,0.883,1,High Risk
CUST-07300,0.0009,0,Low Risk
CUST-07301,0.0005,0,Low Risk
CUST-07302,0.1009,0,Low Risk
CUST-07303,0.0023,0,Low Risk
CUST-07304,0.9847,1,High Risk
CUST-07305,0.6891,1,Medium Risk
CUST-07306,0.0524,0,Low Risk
CUST-07307,1e-04,0,Low Risk
CUST-07308,0.9491,1,High Risk
CUST-07309,0.0062,0,Low Risk
CUST-07310,0.0837,0,Low Risk
CUST-07311,0.3501,0,Low Risk
CUST-07312,0.9449,1,High Risk
CUST-07313,0.0092,0,Low Risk
CUST-07314,0.0085,0,Low Risk
CUST-07315,0.0004,0,Low Risk
CUST-07316,0.0363,0,Low Risk
CUST-07317,1e-04,0,Low Risk
CUST-07318,0.0008,0,Low Risk
CUST-07319,0.9374,1,High Risk
CUST-07320,0.0021,0,Low Risk
CUST-07321,0.1374,0,Low Risk
CUST-07322,0.0011,0,Low Risk
CUST-07323,0.0013,0,Low Risk
CUST-07324,0.0161,0,Low Risk
CUST-07325,0.0016,0,Low Risk
CUST-07326,0.14,0,Low Risk
CUST-07327,0.0226,0,Low Risk
CUST-07328,0.0004,0,Low Risk
CUST-07329,0.9789,1,High Risk
CUST-07330,0.2415,0,Low Risk
CUST-07331,0.946,1,High Risk
CUST-07332,0.0088,0,Low Risk
CUST-07333,0.007,0,Low Risk
CUST-07334,0.2147,0,Low Risk
CUST-07335,0.1705,0,Low Risk
CUST-07336,0.0019,0,Low Risk
CUST-07337,0.9617,1,High Risk
CUST-07338,0.0012,0,Low Risk
CUST-07339,0.0005,0,Low Risk
CUST-07340,0.0876,0,Low Risk
CUST-07341,0.1352,0,Low Risk
CUST-07342,0.1626,0,Low Risk
CUST-07343,0.0412,0,Low Risk
CUST-07344,0.9982,1,High Risk
CUST-07345,0.0004,0,Low Risk
CUST-07346,0.9452,1,High Risk
CUST-07347,0.0008,0,Low Risk
CUST-07348,0.0039,0,Low Risk
CUST-07349,0.963,1,High Risk
CUST-07350,0.9455,1,High Risk
CUST-07351,0.9683,1,High Risk
CUST-07352,0.0328,0,Low Risk
CUST-07353,0.8017,1,High Risk
CUST-07354,0.1083,0,Low Risk
CUST-07355,0.0025,0,Low Risk
CUST-07356,0.0202,0,Low Risk
CUST-07357,0.0049,0,Low Risk
CUST-07358,0.9799,1,High Risk
CUST-07359,0.9728,1,High Risk
CUST-07360,0.0024,0,Low Risk
CUST-07361,0.0015,0,Low Risk
CUST-07362,0.6154,1,Medium Risk
CUST-07363,1e-04,0,Low Risk
CUST-07364,0.0256,0,Low Risk
CUST-07365,0.0571,0,Low Risk
CUST-07366,1e-04,0,Low Risk
CUST-07367,0.0075,0,Low Risk
CUST-07368,0.0218,0,Low Risk
CUST-07369,0.0077,0,Low Risk
CUST-07370,0.0003,0,Low Risk
CUST-07371,0.0027,0,Low Risk
CUST-07372,0.8347,1,High Risk
CUST-07373,0.0002,0,Low Risk
CUST-07374,0.3778,0,Low Risk
CUST-07375,0.0548,0,Low Risk
CUST-07376,0.0045,0,Low Risk
CUST-07377,0.0565,0,Low Risk
CUST-07378,0.9759,1,High Risk
CUST-07379,0.9706,1,High Risk
CUST-07380,0.991,1,High Risk
CUST-07381,0.3476,0,Low Risk
CUST-07382,0.0003,0,Low Risk
CUST-07383,0.9295,1,High Risk
CUST-07384,0.9772,1,High Risk
CUST-07385,0.0279,0,Low Risk
CUST-07386,0.0395,0,Low Risk
CUST-07387,0.0028,0,Low Risk
CUST-07388,0.953,1,High Risk
CUST-07389,0.8863,1,High Risk
CUST-07390,0.9876,1,High Risk
CUST-07391,0.0621,0,Low Risk
CUST-07392,0.016,0,Low Risk
CUST-07393,0.9949,1,High Risk
CUST-07394,0.986,1,High Risk
CUST-07395,0.0118,0,Low Risk
CUST-07396,0.0003,0,Low Risk
CUST-07397,0.0107,0,Low Risk
CUST-07398,0.2805,0,Low Risk
CUST-07399,0.5232,1,Medium Risk
CUST-07400,0.0012,0,Low Risk
CUST-07401,0.4544,1,Medium Risk
CUST-07402,1e-04,0,Low Risk
CUST-07403,0.0026,0,Low Risk
CUST-07404,1e-04,0,Low Risk
CUST-07405,0.0216,0,Low Risk
CUST-07406,0.001,0,Low Risk
CUST-07407,0.4524,1,Medium Risk
CUST-07408,0.0353,0,Low Risk
CUST-07409,0.0009,0,Low Risk
CUST-07410,0.0017,0,Low Risk
CUST-07411,0.1304,0,Low Risk
CUST-07412,0.0013,0,Low Risk
CUST-07413,0.0085,0,Low Risk
CUST-07414,0.0019,0,Low Risk
CUST-07415,0.0176,0,Low Risk
CUST-07416,0.0156,0,Low Risk
CUST-07417,0.105,0,Low Risk
CUST-07418,0.9739,1,High Risk
CUST-07419,0.6334,1,Medium Risk
CUST-07420,0.9566,1,High Risk
CUST-07421,0.0012,0,Low Risk
CUST-07422,0.9504,1,High Risk
CUST-07423,0.2722,0,Low Risk
CUST-07424,0.0002,0,Low Risk
CUST-07425,0.0285,0,Low Risk
CUST-07426,0.9521,1,High Risk
CUST-07427,0.7728,1,High Risk
CUST-07428,0.001,0,Low Risk
CUST-07429,0.9945,1,High Risk
CUST-07430,0.0002,0,Low Risk
CUST-07431,0.2091,0,Low Risk
CUST-07432,0.1579,0,Low Risk
CUST-07433,0.0194,0,Low Risk
CUST-07434,0.0019,0,Low Risk
CUST-07435,0.002,0,Low Risk
CUST-07436,0.1676,0,Low Risk
CUST-07437,0.0381,0,Low Risk
CUST-07438,0.0676,0,Low Risk
CUST-07439,0.0002,0,Low Risk
CUST-07440,0.0059,0,Low Risk
CUST-07441,0.0381,0,Low Risk
CUST-07442,0.0035,0,Low Risk
CUST-07443,0.003,0,Low Risk
CUST-07444,0.0862,0,Low Risk
CUST-07445,0.3478,0,Low Risk
CUST-07446,0.1101,0,Low Risk
CUST-07447,0.0148,0,Low Risk
CUST-07448,0.0018,0,Low Risk
CUST-07449,0.4293,1,Medium Risk
CUST-07450,0.1865,0,Low Risk
CUST-07451,0.0021,0,Low Risk
CUST-07452,0.0019,0,Low Risk
CUST-07453,0.9914,1,High Risk
CUST-07454,0.913,1,High Risk
CUST-07455,0.0046,0,Low Risk
CUST-07456,0.015,0,Low Risk
CUST-07457,0.9834,1,High Risk
CUST-07458,0.251,0,Low Risk
CUST-07459,0.9796,1,High Risk
CUST-07460,0.0,0,Low Risk
CUST-07461,0.1403,0,Low Risk
CUST-07462,0.2169,0,Low Risk
CUST-07463,0.0009,0,Low Risk
CUST-07464,0.97,1,High Risk
CUST-07465,0.1016,0,Low Risk
CUST-07466,0.0013,0,Low Risk
CUST-07467,0.0007,0,Low Risk
CUST-07468,0.0009,0,Low Risk
CUST-07469,0.9602,1,High Risk
CUST-07470,0.4266,1,Medium Risk
CUST-07471,0.002,0,Low Risk
CUST-07472,0.9921,1,High Risk
CUST-07473,0.2452,0,Low Risk
CUST-07474,0.9557,1,High Risk
CUST-07475,0.9459,1,High Risk
CUST-07476,0.0047,0,Low Risk
CUST-07477,1e-04,0,Low Risk
CUST-07478,0.9944,1,High Risk
CUST-07479,0.0003,0,Low Risk
CUST-07480,0.1057,0,Low Risk
CUST-07481,0.9956,1,High Risk
CUST-07482,0.5597,1,Medium Risk
CUST-07483,0.0035,0,Low Risk
CUST-07484,0.0027,0,Low Risk
CUST-07485,0.0003,0,Low Risk
CUST-07486,0.0002,0,Low Risk
CUST-07487,0.0236,0,Low Risk
CUST-07488,0.9919,1,High Risk
CUST-07489,0.002,0,Low Risk
CUST-07490,0.0063,0,Low Risk
CUST-07491,0.0007,0,Low Risk
CUST-07492,0.0759,0,Low Risk
CUST-07493,0.9642,1,High Risk
CUST-07494,0.0132,0,Low Risk
CUST-07495,0.0021,0,Low Risk
CUST-07496,0.0147,0,Low Risk
CUST-07497,1e-04,0,Low Risk
CUST-07498,0.0275,0,Low Risk
CUST-07499,0.2109,0,Low Risk
CUST-07500,0.0183,0,Low Risk
CUST-07501,0.0026,0,Low Risk
CUST-07502,0.0047,0,Low Risk
CUST-07503,0.004,0,Low Risk
CUST-07504,0.0068,0,Low Risk
CUST-07505,0.2682,0,Low Risk
CUST-07506,0.0006,0,Low Risk
CUST-07507,0.99,1,High Risk
CUST-07508,0.0059,0,Low Risk
CUST-07509,0.0016,0,Low Risk
CUST-07510,0.0014,0,Low Risk
CUST-07511,0.0003,0,Low Risk
CUST-07512,0.0189,0,Low Risk
CUST-07513,0.0019,0,Low Risk
CUST-07514,0.001,0,Low Risk
CUST-07515,0.2298,0,Low Risk
CUST-07516,0.0476,0,Low Risk
CUST-07517,0.0376,0,Low Risk
CUST-07518,0.0008,0,Low Risk
CUST-07519,0.927,1,High Risk
CUST-07520,0.9365,1,High Risk
CUST-07521,0.0474,0,Low Risk
CUST-07522,0.0011,0,Low Risk
CUST-07523,0.001,0,Low Risk
CUST-07524,1e-04,0,Low Risk
CUST-07525,0.6717,1,Medium Risk
CUST-07526,1e-04,0,Low Risk
CUST-07527,0.0012,0,Low Risk
CUST-07528,0.003,0,Low Risk
CUST-07529,0.2336,0,Low Risk
CUST-07530,0.0052,0,Low Risk
CUST-07531,1e-04,0,Low Risk
CUST-07532,0.3784,0,Low Risk
CUST-07533,0.994,1,High Risk
CUST-07534,0.0063,0,Low Risk
CUST-07535,0.2192,0,Low Risk
CUST-07536,0.0003,0,Low Risk
CUST-07537,0.8328,1,High Risk
CUST-07538,0.0055,0,Low Risk
CUST-07539,0.0517,0,Low Risk
CUST-07540,0.8751,1,High Risk
CUST-07541,0.0002,0,Low Risk
CUST-07542,0.0086,0,Low Risk
CUST-07543,0.9973,1,High Risk
CUST-07544,1e-04,0,Low Risk
CUST-07545,0.8807,1,High Risk
CUST-07546,0.0003,0,Low Risk
CUST-07547,0.9971,1,High Risk
CUST-07548,0.4779,1,Medium Risk
CUST-07549,0.0174,0,Low Risk
CUST-07550,0.0023,0,Low Risk
CUST-07551,0.0285,0,Low Risk
CUST-07552,0.9857,1,High Risk
CUST-07553,0.0176,0,Low Risk
CUST-07554,0.0062,0,Low Risk
CUST-07555,0.0061,0,Low Risk
CUST-07556,0.185,0,Low Risk
CUST-07557,1e-04,0,Low Risk
CUST-07558,0.0237,0,Low Risk
CUST-07559,1e-04,0,Low Risk
CUST-07560,0.0427,0,Low Risk
CUST-07561,0.0109,0,Low Risk
CUST-07562,0.0009,0,Low Risk
CUST-07563,0.0002,0,Low Risk
CUST-07564,0.0003,0,Low Risk
CUST-07565,0.3854,0,Low Risk
CUST-07566,1e-04,0,Low Risk
CUST-07567,0.0463,0,Low Risk
CUST-07568,0.0008,0,Low Risk
CUST-07569,0.0008,0,Low Risk
CUST-07570,0.1643,0,Low Risk
CUST-07571,0.0002,0,Low Risk
CUST-07572,0.0027,0,Low Risk
CUST-07573,0.0015,0,Low Risk
CUST-07574,0.9524,1,High Risk
CUST-07575,0.0002,0,Low Risk
CUST-07576,0.0137,0,Low Risk
CUST-07577,0.962,1,High Risk
CUST-07578,0.9884,1,High Risk
CUST-07579,0.8913,1,High Risk
CUST-07580,0.0003,0,Low Risk
CUST-07581,0.2984,0,Low Risk
CUST-07582,0.0004,0,Low Risk
CUST-07583,0.0114,0,Low Risk
CUST-07584,0.0289,0,Low Risk
CUST-07585,0.136,0,Low Risk
CUST-07586,0.9739,1,High Risk
CUST-07587,0.546,1,Medium Risk
CUST-07588,0.0359,0,Low Risk
CUST-07589,0.0021,0,Low Risk
CUST-07590,0.0184,0,Low Risk
CUST-07591,0.0038,0,Low Risk
CUST-07592,0.9898,1,High Risk
CUST-07593,0.6581,1,Medium Risk
CUST-07594,0.9658,1,High Risk
CUST-07595,0.0215,0,Low Risk
CUST-07596,0.1332,0,Low Risk
CUST-07597,0.044,0,Low Risk
CUST-07598,0.0378,0,Low Risk
CUST-07599,0.9968,1,High Risk
CUST-07600,0.0137,0,Low Risk
CUST-07601,0.9552,1,High Risk
CUST-07602,0.9159,1,High Risk
CUST-07603,0.3801,0,Low Risk
CUST-07604,0.1175,0,Low Risk
CUST-07605,0.0003,0,Low Risk
CUST-07606,0.0006,0,Low Risk
CUST-07607,0.497,1,Medium Risk
CUST-07608,0.2982,0,Low Risk
CUST-07609,0.0005,0,Low Risk
CUST-07610,0.4503,1,Medium Risk
CUST-07611,0.0037,0,Low Risk
CUST-07612,0.0024,0,Low Risk
CUST-07613,0.9817,1,High Risk
CUST-07614,0.0035,0,Low Risk
CUST-07615,0.2304,0,Low Risk
CUST-07616,0.0004,0,Low Risk
CUST-07617,0.9917,1,High Risk
CUST-07618,0.0012,0,Low Risk
CUST-07619,0.0012,0,Low Risk
CUST-07620,0.7931,1,High Risk
CUST-07621,0.0005,0,Low Risk
CUST-07622,0.2556,0,Low Risk
CUST-07623,0.9247,1,High Risk
CUST-07624,0.9388,1,High Risk
CUST-07625,0.9722,1,High Risk
CUST-07626,0.003,0,Low Risk
CUST-07627,0.9563,1,High Risk
CUST-07628,0.0041,0,Low Risk
CUST-07629,0.9474,1,High Risk
CUST-07630,0.0518,0,Low Risk
CUST-07631,0.001,0,Low Risk
CUST-07632,0.0154,0,Low Risk
CUST-07633,0.0034,0,Low Risk
CUST-07634,0.6049,1,Medium Risk
CUST-07635,0.0984,0,Low Risk
CUST-07636,0.0041,0,Low Risk
CUST-07637,0.4788,1,Medium Risk
CUST-07638,0.8493,1,High Risk
CUST-07639,0.8679,1,High Risk
CUST-07640,0.0007,0,Low Risk
CUST-07641,0.9877,1,High Risk
CUST-07642,0.002,0,Low Risk
CUST-07643,0.9702,1,High Risk
CUST-07644,0.0005,0,Low Risk
CUST-07645,0.9757,1,High Risk
CUST-07646,0.0055,0,Low Risk
CUST-07647,0.0448,0,Low Risk
CUST-07648,0.0006,0,Low Risk
CUST-07649,0.0708,0,Low Risk
CUST-07650,0.9538,1,High Risk
CUST-07651,0.0037,0,Low Risk
CUST-07652,0.9939,1,High Risk
CUST-07653,0.9781,1,High Risk
CUST-07654,0.0066,0,Low Risk
CUST-07655,0.0205,0,Low Risk
CUST-07656,0.2873,0,Low Risk
CUST-07657,0.086,0,Low Risk
CUST-07658,0.0018,0,Low Risk
CUST-07659,0.0009,0,Low Risk
CUST-07660,0.0005,0,Low Risk
CUST-07661,0.0055,0,Low Risk
CUST-07662,0.0015,0,Low Risk
CUST-07663,0.9907,1,High Risk
CUST-07664,0.2237,0,Low Risk
CUST-07665,0.0084,0,Low Risk
CUST-07666,0.9741,1,High Risk
CUST-07667,0.0004,0,Low Risk
CUST-07668,0.014,0,Low Risk
CUST-07669,1e-04,0,Low Risk
CUST-07670,0.1281,0,Low Risk
CUST-07671,0.1066,0,Low Risk
CUST-07672,0.1361,0,Low Risk
CUST-07673,0.9601,1,High Risk
CUST-07674,0.1936,0,Low Risk
CUST-07675,0.093,0,Low Risk
CUST-07676,0.001,0,Low Risk
CUST-07677,0.0563,0,Low Risk
CUST-07678,0.9818,1,High Risk
CUST-07679,0.8843,1,High Risk
CUST-07680,0.4697,1,Medium Risk
CUST-07681,0.0002,0,Low Risk
CUST-07682,0.0134,0,Low Risk
CUST-07683,0.0002,0,Low Risk
CUST-07684,1e-04,0,Low Risk
CUST-07685,0.1317,0,Low Risk
CUST-07686,0.0023,0,Low Risk
CUST-07687,0.9846,1,High Risk
CUST-07688,0.1556,0,Low Risk
CUST-07689,0.0019,0,Low Risk
CUST-07690,0.5603,1,Medium Risk
CUST-07691,0.0033,0,Low Risk
CUST-07692,0.0684,0,Low Risk
CUST-07693,0.3007,0,Low Risk
CUST-07694,0.0052,0,Low Risk
CUST-07695,0.0039,0,Low Risk
CUST-07696,0.0028,0,Low Risk
CUST-07697,0.0003,0,Low Risk
CUST-07698,0.0168,0,Low Risk
CUST-07699,0.7364,1,High Risk
CUST-07700,0.0023,0,Low Risk
CUST-07701,0.0009,0,Low Risk
CUST-07702,0.0049,0,Low Risk
CUST-07703,0.9638,1,High Risk
CUST-07704,0.0516,0,Low Risk
CUST-07705,0.0118,0,Low Risk
CUST-07706,0.0013,0,Low Risk
CUST-07707,0.0002,0,Low Risk
CUST-07708,0.5206,1,Medium Risk
CUST-07709,0.0028,0,Low Risk
CUST-07710,0.0007,0,Low Risk
CUST-07711,0.8414,1,High Risk
CUST-07712,0.5372,1,Medium Risk
CUST-07713,0.0009,0,Low Risk
CUST-07714,0.0009,0,Low Risk
CUST-07715,0.7522,1,High Risk
CUST-07716,0.0438,0,Low Risk
CUST-07717,0.8884,1,High Risk
CUST-07718,0.001,0,Low Risk
CUST-07719,0.6544,1,Medium Risk
CUST-07720,0.0,0,Low Risk
CUST-07721,0.858,1,High Risk
CUST-07722,0.0453,0,Low Risk
CUST-07723,0.1316,0,Low Risk
CUST-07724,0.0003,0,Low Risk
CUST-07725,0.1249,0,Low Risk
CUST-07726,0.9661,1,High Risk
CUST-07727,0.0003,0,Low Risk
CUST-07728,1e-04,0,Low Risk
CUST-07729,0.0441,0,Low Risk
CUST-07730,0.0012,0,Low Risk
CUST-07731,0.9825,1,High Risk
CUST-07732,0.0241,0,Low Risk
CUST-07733,0.9852,1,High Risk
CUST-07734,0.9849,1,High Risk
CUST-07735,0.0019,0,Low Risk
CUST-07736,0.9732,1,High Risk
CUST-07737,0.0011,0,Low Risk
CUST-07738,0.1723,0,Low Risk
CUST-07739,0.0037,0,Low Risk
CUST-07740,0.0201,0,Low Risk
CUST-07741,0.001,0,Low Risk
CUST-07742,0.0006,0,Low Risk
CUST-07743,0.9921,1,High Risk
CUST-07744,0.0426,0,Low Risk
CUST-07745,0.0013,0,Low Risk
CUST-07746,0.0104,0,Low Risk
CUST-07747,0.3366,0,Low Risk
CUST-07748,0.0019,0,Low Risk
CUST-07749,0.3745,0,Low Risk
CUST-07750,0.9814,1,High Risk
CUST-07751,0.0017,0,Low Risk
CUST-07752,0.9401,1,High Risk
CUST-07753,0.0024,0,Low Risk
CUST-07754,0.0008,0,Low Risk
CUST-07755,0.191,0,Low Risk
CUST-07756,0.0026,0,Low Risk
CUST-07757,0.0481,0,Low Risk
CUST-07758,0.636,1,Medium Risk
CUST-07759,0.9348,1,High Risk
CUST-07760,0.4426,1,Medium Risk
CUST-07761,0.9807,1,High Risk
CUST-07762,0.0034,0,Low Risk
CUST-07763,0.0902,0,Low Risk
CUST-07764,1e-04,0,Low Risk
CUST-07765,0.0006,0,Low Risk
CUST-07766,0.7494,1,High Risk
CUST-07767,1e-04,0,Low Risk
CUST-07768,0.0083,0,Low Risk
CUST-07769,0.1436,0,Low Risk
CUST-07770,0.0022,0,Low Risk
CUST-07771,0.9322,1,High Risk
CUST-07772,0.8288,1,High Risk
CUST-07773,0.0013,0,Low Risk
CUST-07774,0.0005,0,Low Risk
CUST-07775,0.9335,1,High Risk
CUST-07776,0.7805,1,High Risk
CUST-07777,0.0011,0,Low Risk
CUST-07778,0.0024,0,Low Risk
CUST-07779,0.1297,0,Low Risk
CUST-07780,0.0827,0,Low Risk
CUST-07781,0.0023,0,Low Risk
CUST-07782,0.0097,0,Low Risk
CUST-07783,0.1728,0,Low Risk
CUST-07784,0.0006,0,Low Risk
CUST-07785,0.617,1,Medium Risk
CUST-07786,0.8909,1,High Risk
CUST-07787,0.2533,0,Low Risk
CUST-07788,0.0003,0,Low Risk
CUST-07789,0.0032,0,Low Risk
CUST-07790,0.0013,0,Low Risk
CUST-07791,0.0004,0,Low Risk
CUST-07792,0.0015,0,Low Risk
CUST-07793,0.0012,0,Low Risk
CUST-07794,0.1281,0,Low Risk
CUST-07795,0.0391,0,Low Risk
CUST-07796,0.0047,0,Low Risk
CUST-07797,0.0024,0,Low Risk
CUST-07798,0.5349,1,Medium Risk
CUST-07799,0.0041,0,Low Risk
CUST-07800,1e-04,0,Low Risk
CUST-07801,0.9392,1,High Risk
CUST-07802,0.0005,0,Low Risk
CUST-07803,0.0029,0,Low Risk
CUST-07804,0.0032,0,Low Risk
CUST-07805,0.9482,1,High Risk
CUST-07806,0.0011,0,Low Risk
CUST-07807,0.0006,0,Low Risk
CUST-07808,0.0002,0,Low Risk
CUST-07809,0.0003,0,Low Risk
CUST-07810,0.9929,1,High Risk
CUST-07811,0.9931,1,High Risk
CUST-07812,0.0002,0,Low Risk
CUST-07813,0.5999,1,Medium Risk
CUST-07814,0.4015,1,Medium Risk
CUST-07815,0.0011,0,Low Risk
CUST-07816,0.006,0,Low Risk
CUST-07817,0.3992,0,Low Risk
CUST-07818,0.0752,0,Low Risk
CUST-07819,0.0012,0,Low Risk
CUST-07820,0.994,1,High Risk
CUST-07821,0.0073,0,Low Risk
CUST-07822,0.9348,1,High Risk
CUST-07823,0.0008,0,Low Risk
CUST-07824,0.8445,1,High Risk
CUST-07825,0.0005,0,Low Risk
CUST-07826,0.9653,1,High Risk
CUST-07827,0.0016,0,Low Risk
CUST-07828,0.9586,1,High Risk
CUST-07829,0.0995,0,Low Risk
CUST-07830,0.0012,0,Low Risk
CUST-07831,0.0004,0,Low Risk
CUST-07832,0.0036,0,Low Risk
CUST-07833,0.9305,1,High Risk
CUST-07834,0.9308,1,High Risk
CUST-07835,0.014,0,Low Risk
CUST-07836,0.9558,1,High Risk
CUST-07837,0.1639,0,Low Risk
CUST-07838,0.0026,0,Low Risk
CUST-07839,0.0004,0,Low Risk
CUST-07840,0.0049,0,Low Risk
CUST-07841,0.0097,0,Low Risk
CUST-07842,0.3484,0,Low Risk
CUST-07843,0.0068,0,Low Risk
CUST-07844,0.006,0,Low Risk
CUST-07845,0.3356,0,Low Risk
CUST-07846,0.0203,0,Low Risk
CUST-07847,0.0284,0,Low Risk
CUST-07848,0.0,0,Low Risk
CUST-07849,0.2686,0,Low Risk
CUST-07850,0.0011,0,Low Risk
CUST-07851,0.974,1,High Risk
CUST-07852,0.035,0,Low Risk
CUST-07853,0.2641,0,Low Risk
CUST-07854,1e-04,0,Low Risk
CUST-07855,0.9415,1,High Risk
CUST-07856,0.0002,0,Low Risk
CUST-07857,0.0013,0,Low Risk
CUST-07858,0.9916,1,High Risk
CUST-07859,0.9841,1,High Risk
CUST-07860,0.003,0,Low Risk
CUST-07861,0.0007,0,Low Risk
CUST-07862,0.0122,0,Low Risk
CUST-07863,0.9802,1,High Risk
CUST-07864,0.0005,0,Low Risk
CUST-07865,0.0002,0,Low Risk
CUST-07866,0.8594,1,High Risk
CUST-07867,0.0005,0,Low Risk
CUST-07868,0.8982,1,High Risk
CUST-07869,0.2598,0,Low Risk
CUST-07870,0.0003,0,Low Risk
CUST-07871,0.5141,1,Medium Risk
CUST-07872,0.0599,0,Low Risk
CUST-07873,0.0012,0,Low Risk
CUST-07874,0.001,0,Low Risk
CUST-07875,0.0002,0,Low Risk
CUST-07876,0.0004,0,Low Risk
CUST-07877,0.0258,0,Low Risk
CUST-07878,0.0008,0,Low Risk
CUST-07879,0.9335,1,High Risk
CUST-07880,0.8374,1,High Risk
CUST-07881,0.0018,0,Low Risk
CUST-07882,0.0251,0,Low Risk
CUST-07883,0.0,0,Low Risk
CUST-07884,0.1609,0,Low Risk
CUST-07885,0.1378,0,Low Risk
CUST-07886,0.0008,0,Low Risk
CUST-07887,0.2168,0,Low Risk
CUST-07888,0.001,0,Low Risk
CUST-07889,0.0045,0,Low Risk
CUST-07890,0.1346,0,Low Risk
CUST-07891,0.0037,0,Low Risk
CUST-07892,0.0008,0,Low Risk
CUST-07893,0.286,0,Low Risk
CUST-07894,0.0081,0,Low Risk
CUST-07895,0.0273,0,Low Risk
CUST-07896,0.4665,1,Medium Risk
CUST-07897,0.9903,1,High Risk
CUST-07898,0.0151,0,Low Risk
CUST-07899,0.0002,0,Low Risk
CUST-07900,0.0107,0,Low Risk
CUST-07901,0.9937,1,High Risk
CUST-07902,0.0007,0,Low Risk
CUST-07903,0.8407,1,High Risk
CUST-07904,0.0153,0,Low Risk
CUST-07905,0.6665,1,Medium Risk
CUST-07906,0.9886,1,High Risk
CUST-07907,0.0457,0,Low Risk
CUST-07908,0.0002,0,Low Risk
CUST-07909,0.5493,1,Medium Risk
CUST-07910,0.0008,0,Low Risk
CUST-07911,0.9487,1,High Risk
CUST-07912,0.0041,0,Low Risk
CUST-07913,0.001,0,Low Risk
CUST-07914,0.0006,0,Low Risk
CUST-07915,0.9773,1,High Risk
CUST-07916,0.0007,0,Low Risk
CUST-07917,0.9467,1,High Risk
CUST-07918,0.0059,0,Low Risk
CUST-07919,0.9767,1,High Risk
CUST-07920,0.4511,1,Medium Risk
CUST-07921,1e-04,0,Low Risk
CUST-07922,0.0243,0,Low Risk
CUST-07923,0.0051,0,Low Risk
CUST-07924,0.0112,0,Low Risk
CUST-07925,0.9726,1,High Risk
CUST-07926,0.0008,0,Low Risk
CUST-07927,0.4107,1,Medium Risk
CUST-07928,0.1352,0,Low Risk
CUST-07929,0.001,0,Low Risk
CUST-07930,0.0035,0,Low Risk
CUST-07931,0.0133,0,Low Risk
CUST-07932,0.27,0,Low Risk
CUST-07933,0.1127,0,Low Risk
CUST-07934,0.939,1,High Risk
CUST-07935,0.9919,1,High Risk
CUST-07936,0.9641,1,High Risk
CUST-07937,1e-04,0,Low Risk
CUST-07938,0.0017,0,Low Risk
CUST-07939,0.2043,0,Low Risk
CUST-07940,0.0056,0,Low Risk
CUST-07941,0.9068,1,High Risk
CUST-07942,0.0232,0,Low Risk
CUST-07943,0.0038,0,Low Risk
CUST-07944,0.0011,0,Low Risk
CUST-07945,0.0117,0,Low Risk
CUST-07946,0.0162,0,Low Risk
CUST-07947,0.2174,0,Low Risk
CUST-07948,0.9152,1,High Risk
CUST-07949,0.9846,1,High Risk
CUST-07950,0.9061,1,High Risk
CUST-07951,0.9604,1,High Risk
CUST-07952,0.001,0,Low Risk
CUST-07953,0.988,1,High Risk
CUST-07954,0.9933,1,High Risk
CUST-07955,0.9356,1,High Risk
CUST-07956,0.0015,0,Low Risk
CUST-07957,0.882,1,High Risk
CUST-07958,0.4442,1,Medium Risk
CUST-07959,0.8742,1,High Risk
CUST-07960,0.9946,1,High Risk
CUST-07961,1e-04,0,Low Risk
CUST-07962,0.0029,0,Low Risk
CUST-07963,0.9857,1,High Risk
CUST-07964,0.9092,1,High Risk
CUST-07965,0.2579,0,Low Risk
CUST-07966,0.0029,0,Low Risk
CUST-07967,0.9501,1,High Risk
CUST-07968,0.0612,0,Low Risk
CUST-07969,0.0015,0,Low Risk
CUST-07970,0.0207,0,Low Risk
CUST-07971,0.9742,1,High Risk
CUST-07972,0.9611,1,High Risk
CUST-07973,0.0441,0,Low Risk
CUST-07974,0.0053,0,Low Risk
CUST-07975,0.9754,1,High Risk
CUST-07976,0.0146,0,Low Risk
CUST-07977,0.3922,0,Low Risk
CUST-07978,0.9929,1,High Risk
CUST-07979,0.0505,0,Low Risk
CUST-07980,0.228,0,Low Risk
CUST-07981,0.1698,0,Low Risk
CUST-07982,0.3373,0,Low Risk
CUST-07983,0.0646,0,Low Risk
CUST-07984,0.0071,0,Low Risk
CUST-07985,0.0563,0,Low Risk
CUST-07986,0.0003,0,Low Risk
CUST-07987,0.1003,0,Low Risk
CUST-07988,0.0002,0,Low Risk
CUST-07989,0.0018,0,Low Risk
CUST-07990,0.0032,0,Low Risk
CUST-07991,0.0006,0,Low Risk
CUST-07992,0.0009,0,Low Risk
CUST-07993,0.0412,0,Low Risk
CUST-07994,0.0009,0,Low Risk
CUST-07995,0.0073,0,Low Risk
CUST-07996,0.9092,1,High Risk
CUST-07997,0.9901,1,High Risk
CUST-07998,0.0002,0,Low Risk
CUST-07999,0.0003,0,Low Risk
CUST-08000,0.0033,0,Low Risk
CUST-08001,0.003,0,Low Risk
CUST-08002,0.0038,0,Low Risk
CUST-08003,0.9881,1,High Risk
CUST-08004,0.0138,0,Low Risk
CUST-08005,0.0056,0,Low Risk
CUST-08006,0.5738,1,Medium Risk
CUST-08007,0.0028,0,Low Risk
CUST-08008,0.0781,0,Low Risk
CUST-08009,0.9844,1,High Risk
CUST-08010,0.0021,0,Low Risk
CUST-08011,0.0079,0,Low Risk
CUST-08012,0.9887,1,High Risk
CUST-08013,0.9761,1,High Risk
CUST-08014,0.0031,0,Low Risk
CUST-08015,0.7858,1,High Risk
CUST-08016,1e-04,0,Low Risk
CUST-08017,0.0035,0,Low Risk
CUST-08018,0.0004,0,Low Risk
CUST-08019,0.0031,0,Low Risk
CUST-08020,0.0273,0,Low Risk
CUST-08021,0.0041,0,Low Risk
CUST-08022,0.8984,1,High Risk
CUST-08023,1e-04,0,Low Risk
CUST-08024,0.9328,1,High Risk
CUST-08025,0.6034,1,Medium Risk
CUST-08026,0.0003,0,Low Risk
CUST-08027,0.0347,0,Low Risk
CUST-08028,0.0149,0,Low Risk
CUST-08029,1e-04,0,Low Risk
CUST-08030,0.0037,0,Low Risk
CUST-08031,0.0015,0,Low Risk
CUST-08032,0.0246,0,Low Risk
CUST-08033,0.9842,1,High Risk
CUST-08034,0.007,0,Low Risk
CUST-08035,0.0006,0,Low Risk
CUST-08036,0.0227,0,Low Risk
CUST-08037,0.1445,0,Low Risk
CUST-08038,0.0016,0,Low Risk
CUST-08039,0.8889,1,High Risk
CUST-08040,0.0894,0,Low Risk
CUST-08041,0.0048,0,Low Risk
CUST-08042,0.103,0,Low Risk
CUST-08043,0.0795,0,Low Risk
CUST-08044,0.0031,0,Low Risk
CUST-08045,0.2719,0,Low Risk
CUST-08046,0.2904,0,Low Risk
CUST-08047,0.0418,0,Low Risk
CUST-08048,0.0005,0,Low Risk
CUST-08049,0.0036,0,Low Risk
CUST-08050,0.9821,1,High Risk
CUST-08051,0.0303,0,Low Risk
CUST-08052,0.9805,1,High Risk
CUST-08053,0.9673,1,High Risk
CUST-08054,0.0074,0,Low Risk
CUST-08055,0.2405,0,Low Risk
CUST-08056,0.9863,1,High Risk
CUST-08057,0.0003,0,Low Risk
CUST-08058,0.0018,0,Low Risk
CUST-08059,0.0759,0,Low Risk
CUST-08060,0.0037,0,Low Risk
CUST-08061,0.0005,0,Low Risk
CUST-08062,0.0012,0,Low Risk
CUST-08063,0.9805,1,High Risk
CUST-08064,0.0066,0,Low Risk
CUST-08065,0.9927,1,High Risk
CUST-08066,0.0017,0,Low Risk
CUST-08067,0.969,1,High Risk
CUST-08068,0.2986,0,Low Risk
CUST-08069,0.0019,0,Low Risk
CUST-08070,0.079,0,Low Risk
CUST-08071,0.0045,0,Low Risk
CUST-08072,0.0094,0,Low Risk
CUST-08073,0.1485,0,Low Risk
CUST-08074,0.0134,0,Low Risk
CUST-08075,0.8913,1,High Risk
CUST-08076,0.8955,1,High Risk
CUST-08077,0.9622,1,High Risk
CUST-08078,0.2378,0,Low Risk
CUST-08079,0.0052,0,Low Risk
CUST-08080,0.0018,0,Low Risk
CUST-08081,0.9534,1,High Risk
CUST-08082,0.0016,0,Low Risk
CUST-08083,0.0016,0,Low Risk
CUST-08084,0.0005,0,Low Risk
CUST-08085,0.7518,1,High Risk
CUST-08086,0.0003,0,Low Risk
CUST-08087,0.0471,0,Low Risk
CUST-08088,0.9813,1,High Risk
CUST-08089,0.0002,0,Low Risk
CUST-08090,0.2167,0,Low Risk
CUST-08091,0.0044,0,Low Risk
CUST-08092,0.002,0,Low Risk
CUST-08093,0.0013,0,Low Risk
CUST-08094,0.0408,0,Low Risk
CUST-08095,0.4168,1,Medium Risk
CUST-08096,0.9145,1,High Risk
CUST-08097,0.9891,1,High Risk
CUST-08098,0.0346,0,Low Risk
CUST-08099,0.0024,0,Low Risk
CUST-08100,0.0033,0,Low Risk
CUST-08101,0.0003,0,Low Risk
CUST-08102,0.0145,0,Low Risk
CUST-08103,0.2485,0,Low Risk
CUST-08104,0.0034,0,Low Risk
CUST-08105,0.0167,0,Low Risk
CUST-08106,0.0244,0,Low Risk
CUST-08107,0.0278,0,Low Risk
CUST-08108,0.8853,1,High Risk
CUST-08109,0.0426,0,Low Risk
CUST-08110,0.8346,1,High Risk
CUST-08111,0.0055,0,Low Risk
CUST-08112,0.0094,0,Low Risk
CUST-08113,0.0147,0,Low Risk
CUST-08114,0.8517,1,High Risk
CUST-08115,0.0153,0,Low Risk
CUST-08116,0.9777,1,High Risk
CUST-08117,0.0019,0,Low Risk
CUST-08118,0.004,0,Low Risk
CUST-08119,0.0018,0,Low Risk
CUST-08120,0.918,1,High Risk
CUST-08121,0.0554,0,Low Risk
CUST-08122,0.9895,1,High Risk
CUST-08123,0.0022,0,Low Risk
CUST-08124,0.9635,1,High Risk
CUST-08125,0.8998,1,High Risk
CUST-08126,0.0033,0,Low Risk
CUST-08127,0.0008,0,Low Risk
CUST-08128,0.9458,1,High Risk
CUST-08129,0.0119,0,Low Risk
CUST-08130,0.9779,1,High Risk
CUST-08131,0.7948,1,High Risk
CUST-08132,0.9811,1,High Risk
CUST-08133,0.0023,0,Low Risk
CUST-08134,0.9345,1,High Risk
CUST-08135,0.0002,0,Low Risk
CUST-08136,0.0025,0,Low Risk
CUST-08137,0.0039,0,Low Risk
CUST-08138,1e-04,0,Low Risk
CUST-08139,0.2072,0,Low Risk
CUST-08140,0.0485,0,Low Risk
CUST-08141,1e-04,0,Low Risk
CUST-08142,0.9635,1,High Risk
CUST-08143,0.0004,0,Low Risk
CUST-08144,0.0149,0,Low Risk
CUST-08145,0.0003,0,Low Risk
CUST-08146,0.9943,1,High Risk
CUST-08147,0.0029,0,Low Risk
CUST-08148,0.0095,0,Low Risk
CUST-08149,0.986,1,High Risk
CUST-08150,0.0008,0,Low Risk
CUST-08151,0.0561,0,Low Risk
CUST-08152,0.0005,0,Low Risk
CUST-08153,0.0003,0,Low Risk
CUST-08154,0.0039,0,Low Risk
CUST-08155,0.0255,0,Low Risk
CUST-08156,0.9307,1,High Risk
CUST-08157,0.0424,0,Low Risk
CUST-08158,0.0268,0,Low Risk
CUST-08159,1e-04,0,Low Risk
CUST-08160,0.0057,0,Low Risk
CUST-08161,0.3527,0,Low Risk
CUST-08162,0.0022,0,Low Risk
CUST-08163,0.0015,0,Low Risk
CUST-08164,0.0115,0,Low Risk
CUST-08165,0.0003,0,Low Risk
CUST-08166,0.0006,0,Low Risk
CUST-08167,0.0415,0,Low Risk
CUST-08168,0.0042,0,Low Risk
CUST-08169,0.9137,1,High Risk
CUST-08170,0.9826,1,High Risk
CUST-08171,0.0125,0,Low Risk
CUST-08172,0.247,0,Low Risk
CUST-08173,0.0016,0,Low Risk
CUST-08174,0.0005,0,Low Risk
CUST-08175,0.8756,1,High Risk
CUST-08176,0.2926,0,Low Risk
CUST-08177,0.0011,0,Low Risk
CUST-08178,0.9869,1,High Risk
CUST-08179,0.1814,0,Low Risk
CUST-08180,0.9907,1,High Risk
CUST-08181,0.0007,0,Low Risk
CUST-08182,0.0843,0,Low Risk
CUST-08183,0.9943,1,High Risk
CUST-08184,0.0748,0,Low Risk
CUST-08185,0.0036,0,Low Risk
CUST-08186,0.0002,0,Low Risk
CUST-08187,0.993,1,High Risk
CUST-08188,0.0005,0,Low Risk
CUST-08189,0.0662,0,Low Risk
CUST-08190,0.0086,0,Low Risk
CUST-08191,0.0003,0,Low Risk
CUST-08192,0.0882,0,Low Risk
CUST-08193,0.0501,0,Low Risk
CUST-08194,1e-04,0,Low Risk
CUST-08195,0.0055,0,Low Risk
CUST-08196,0.9536,1,High Risk
CUST-08197,0.001,0,Low Risk
CUST-08198,0.9756,1,High Risk
CUST-08199,0.0009,0,Low Risk
CUST-08200,0.0003,0,Low Risk
CUST-08201,0.9277,1,High Risk
CUST-08202,0.0031,0,Low Risk
CUST-08203,0.0009,0,Low Risk
CUST-08204,1e-04,0,Low Risk
CUST-08205,0.9896,1,High Risk
CUST-08206,0.0003,0,Low Risk
CUST-08207,0.9739,1,High Risk
CUST-08208,0.0005,0,Low Risk
CUST-08209,0.1357,0,Low Risk
CUST-08210,0.1032,0,Low Risk
CUST-08211,0.4972,1,Medium Risk
CUST-08212,0.3139,0,Low Risk
CUST-08213,0.0165,0,Low Risk
CUST-08214,1e-04,0,Low Risk
CUST-08215,0.2531,0,Low Risk
CUST-08216,0.0018,0,Low Risk
CUST-08217,0.2244,0,Low Risk
CUST-08218,0.4181,1,Medium Risk
CUST-08219,0.8347,1,High Risk
CUST-08220,0.2755,0,Low Risk
CUST-08221,0.0018,0,Low Risk
CUST-08222,0.9501,1,High Risk
CUST-08223,0.0043,0,Low Risk
CUST-08224,0.0631,0,Low Risk
CUST-08225,0.0024,0,Low Risk
CUST-08226,0.0136,0,Low Risk
CUST-08227,0.8444,1,High Risk
CUST-08228,0.006,0,Low Risk
CUST-08229,0.9651,1,High Risk
CUST-08230,1e-04,0,Low Risk
CUST-08231,1e-04,0,Low Risk
CUST-08232,0.0021,0,Low Risk
CUST-08233,0.4308,1,Medium Risk
CUST-08234,0.0072,0,Low Risk
CUST-08235,0.0013,0,Low Risk
CUST-08236,0.4769,1,Medium Risk
CUST-08237,0.9178,1,High Risk
CUST-08238,0.4847,1,Medium Risk
CUST-08239,0.9296,1,High Risk
CUST-08240,0.0066,0,Low Risk
CUST-08241,1e-04,0,Low Risk
CUST-08242,0.9938,1,High Risk
CUST-08243,0.9872,1,High Risk
CUST-08244,0.8985,1,High Risk
CUST-08245,0.1876,0,Low Risk
CUST-08246,0.136,0,Low Risk
CUST-08247,0.0012,0,Low Risk
CUST-08248,0.011,0,Low Risk
CUST-08249,0.008,0,Low Risk
CUST-08250,0.0032,0,Low Risk
CUST-08251,0.0079,0,Low Risk
CUST-08252,0.004,0,Low Risk
CUST-08253,0.9529,1,High Risk
CUST-08254,0.1145,0,Low Risk
CUST-08255,0.8791,1,High Risk
CUST-08256,0.6534,1,Medium Risk
CUST-08257,0.9166,1,High Risk
CUST-08258,0.5338,1,Medium Risk
CUST-08259,0.0029,0,Low Risk
CUST-08260,0.0002,0,Low Risk
CUST-08261,1e-04,0,Low Risk
CUST-08262,0.0003,0,Low Risk
CUST-08263,0.0005,0,Low Risk
CUST-08264,0.9601,1,High Risk
CUST-08265,0.255,0,Low Risk
CUST-08266,0.8644,1,High Risk
CUST-08267,0.0392,0,Low Risk
CUST-08268,0.0017,0,Low Risk
CUST-08269,0.004,0,Low Risk
CUST-08270,1e-04,0,Low Risk
CUST-08271,0.0008,0,Low Risk
CUST-08272,0.0005,0,Low Risk
CUST-08273,0.0089,0,Low Risk
CUST-08274,0.7212,1,High Risk
CUST-08275,0.1401,0,Low Risk
CUST-08276,0.0232,0,Low Risk
CUST-08277,0.0004,0,Low Risk
CUST-08278,0.0317,0,Low Risk
CUST-08279,0.8748,1,High Risk
CUST-08280,0.9774,1,High Risk
CUST-08281,0.998,1,High Risk
CUST-08282,0.1362,0,Low Risk
CUST-08283,0.0014,0,Low Risk
CUST-08284,0.9874,1,High Risk
CUST-08285,0.0705,0,Low Risk
CUST-08286,0.0008,0,Low Risk
CUST-08287,0.2866,0,Low Risk
CUST-08288,0.8313,1,High Risk
CUST-08289,0.9477,1,High Risk
CUST-08290,0.18,0,Low Risk
CUST-08291,0.9218,1,High Risk
CUST-08292,0.0011,0,Low Risk
CUST-08293,0.9884,1,High Risk
CUST-08294,0.0006,0,Low Risk
CUST-08295,0.0047,0,Low Risk
CUST-08296,0.2667,0,Low Risk
CUST-08297,0.6258,1,Medium Risk
CUST-08298,0.8952,1,High Risk
CUST-08299,0.3228,0,Low Risk
CUST-08300,0.8631,1,High Risk
CUST-08301,0.9715,1,High Risk
CUST-08302,0.0089,0,Low Risk
CUST-08303,0.7926,1,High Risk
CUST-08304,0.9407,1,High Risk
CUST-08305,1e-04,0,Low Risk
CUST-08306,0.0092,0,Low Risk
CUST-08307,0.0038,0,Low Risk
CUST-08308,0.0054,0,Low Risk
CUST-08309,0.9425,1,High Risk
CUST-08310,0.9739,1,High Risk
CUST-08311,0.0068,0,Low Risk
CUST-08312,0.8786,1,High Risk
CUST-08313,0.996,1,High Risk
CUST-08314,0.0313,0,Low Risk
CUST-08315,0.0008,0,Low Risk
CUST-08316,0.0154,0,Low Risk
CUST-08317,0.0018,0,Low Risk
CUST-08318,0.7306,1,High Risk
CUST-08319,0.3008,0,Low Risk
CUST-08320,0.987,1,High Risk
CUST-08321,1e-04,0,Low Risk
CUST-08322,0.0029,0,Low Risk
CUST-08323,0.8718,1,High Risk
CUST-08324,0.0128,0,Low Risk
CUST-08325,0.9395,1,High Risk
CUST-08326,0.0012,0,Low Risk
CUST-08327,0.2361,0,Low Risk
CUST-08328,0.0109,0,Low Risk
CUST-08329,0.0387,0,Low Risk
CUST-08330,0.001,0,Low Risk
CUST-08331,0.0117,0,Low Risk
CUST-08332,0.003,0,Low Risk
CUST-08333,0.0,0,Low Risk
CUST-08334,0.9619,1,High Risk
CUST-08335,0.3966,0,Low Risk
CUST-08336,0.9707,1,High Risk
CUST-08337,0.1705,0,Low Risk
CUST-08338,0.0585,0,Low Risk
CUST-08339,0.0007,0,Low Risk
CUST-08340,0.7105,1,High Risk
CUST-08341,0.0011,0,Low Risk
CUST-08342,0.0543,0,Low Risk
CUST-08343,0.8992,1,High Risk
CUST-08344,0.0426,0,Low Risk
CUST-08345,0.9932,1,High Risk
CUST-08346,0.9295,1,High Risk
CUST-08347,1e-04,0,Low Risk
CUST-08348,0.0002,0,Low Risk
CUST-08349,0.0002,0,Low Risk
CUST-08350,0.0923,0,Low Risk
CUST-08351,0.0002,0,Low Risk
CUST-08352,0.7399,1,High Risk
CUST-08353,1e-04,0,Low Risk
CUST-08354,0.0004,0,Low Risk
CUST-08355,0.7009,1,High Risk
CUST-08356,0.1493,0,Low Risk
CUST-08357,0.9872,1,High Risk
CUST-08358,0.0252,0,Low Risk
CUST-08359,0.7649,1,High Risk
CUST-08360,0.0002,0,Low Risk
CUST-08361,0.6458,1,Medium Risk
CUST-08362,0.0839,0,Low Risk
CUST-08363,0.8781,1,High Risk
CUST-08364,0.9044,1,High Risk
CUST-08365,0.2577,0,Low Risk
CUST-08366,0.0019,0,Low Risk
CUST-08367,0.6898,1,Medium Risk
CUST-08368,0.9914,1,High Risk
CUST-08369,0.9741,1,High Risk
CUST-08370,0.0012,0,Low Risk
CUST-08371,0.9764,1,High Risk
CUST-08372,0.0563,0,Low Risk
CUST-08373,0.0015,0,Low Risk
CUST-08374,0.5731,1,Medium Risk
CUST-08375,0.0768,0,Low Risk
CUST-08376,0.6601,1,Medium Risk
CUST-08377,0.0049,0,Low Risk
CUST-08378,0.9756,1,High Risk
CUST-08379,0.0089,0,Low Risk
CUST-08380,0.0012,0,Low Risk
CUST-08381,0.0035,0,Low Risk
CUST-08382,0.0004,0,Low Risk
CUST-08383,0.0715,0,Low Risk
CUST-08384,0.1835,0,Low Risk
CUST-08385,0.0002,0,Low Risk
CUST-08386,0.0003,0,Low Risk
CUST-08387,0.0009,0,Low Risk
CUST-08388,0.9832,1,High Risk
CUST-08389,0.9738,1,High Risk
CUST-08390,0.9968,1,High Risk
CUST-08391,0.0,0,Low Risk
CUST-08392,0.0573,0,Low Risk
CUST-08393,0.0101,0,Low Risk
CUST-08394,0.013,0,Low Risk
CUST-08395,0.0049,0,Low Risk
CUST-08396,0.998,1,High Risk
CUST-08397,0.9273,1,High Risk
CUST-08398,0.0007,0,Low Risk
CUST-08399,0.0131,0,Low Risk
CUST-08400,0.0004,0,Low Risk
CUST-08401,0.9881,1,High Risk
CUST-08402,0.0007,0,Low Risk
CUST-08403,0.8942,1,High Risk
CUST-08404,0.004,0,Low Risk
CUST-08405,0.0003,0,Low Risk
CUST-08406,0.0329,0,Low Risk
CUST-08407,0.001,0,Low Risk
CUST-08408,0.0752,0,Low Risk
CUST-08409,0.0237,0,Low Risk
CUST-08410,0.0007,0,Low Risk
CUST-08411,0.3236,0,Low Risk
CUST-08412,0.0006,0,Low Risk
CUST-08413,0.0005,0,Low Risk
CUST-08414,0.0715,0,Low Risk
CUST-08415,0.0002,0,Low Risk
CUST-08416,0.001,0,Low Risk
CUST-08417,0.0008,0,Low Risk
CUST-08418,0.6946,1,Medium Risk
CUST-08419,1e-04,0,Low Risk
CUST-08420,0.0013,0,Low Risk
CUST-08421,0.0002,0,Low Risk
CUST-08422,0.9903,1,High Risk
CUST-08423,0.8957,1,High Risk
CUST-08424,0.9906,1,High Risk
CUST-08425,0.0097,0,Low Risk
CUST-08426,0.0003,0,Low Risk
CUST-08427,0.9946,1,High Risk
CUST-08428,0.0016,0,Low Risk
CUST-08429,0.9879,1,High Risk
CUST-08430,0.6505,1,Medium Risk
CUST-08431,0.018,0,Low Risk
CUST-08432,0.0022,0,Low Risk
CUST-08433,0.9957,1,High Risk
CUST-08434,1e-04,0,Low Risk
CUST-08435,0.8726,1,High Risk
CUST-08436,0.0119,0,Low Risk
CUST-08437,0.0119,0,Low Risk
CUST-08438,0.9776,1,High Risk
CUST-08439,0.0018,0,Low Risk
CUST-08440,0.0009,0,Low Risk
CUST-08441,0.1501,0,Low Risk
CUST-08442,0.0009,0,Low Risk
CUST-08443,0.0207,0,Low Risk
CUST-08444,0.4796,1,Medium Risk
CUST-08445,0.0058,0,Low Risk
CUST-08446,0.0002,0,Low Risk
CUST-08447,0.1514,0,Low Risk
CUST-08448,0.0205,0,Low Risk
CUST-08449,0.0471,0,Low Risk
CUST-08450,0.9939,1,High Risk
CUST-08451,0.0924,0,Low Risk
CUST-08452,0.8094,1,High Risk
CUST-08453,0.004,0,Low Risk
CUST-08454,0.4948,1,Medium Risk
CUST-08455,0.1718,0,Low Risk
CUST-08456,0.9941,1,High Risk
CUST-08457,0.0012,0,Low Risk
CUST-08458,0.0018,0,Low Risk
CUST-08459,0.0005,0,Low Risk
CUST-08460,0.1169,0,Low Risk
CUST-08461,0.6496,1,Medium Risk
CUST-08462,0.0017,0,Low Risk
CUST-08463,0.0009,0,Low Risk
CUST-08464,0.0003,0,Low Risk
CUST-08465,0.0419,0,Low Risk
CUST-08466,0.2284,0,Low Risk
CUST-08467,0.0024,0,Low Risk
CUST-08468,0.0002,0,Low Risk
CUST-08469,0.0644,0,Low Risk
CUST-08470,0.0019,0,Low Risk
CUST-08471,0.1024,0,Low Risk
CUST-08472,0.002,0,Low Risk
CUST-08473,0.0099,0,Low Risk
CUST-08474,0.006,0,Low Risk
CUST-08475,0.9454,1,High Risk
CUST-08476,0.9187,1,High Risk
CUST-08477,0.1546,0,Low Risk
CUST-08478,0.0004,0,Low Risk
CUST-08479,0.9858,1,High Risk
CUST-08480,0.002,0,Low Risk
CUST-08481,0.0217,0,Low Risk
CUST-08482,0.7161,1,High Risk
CUST-08483,0.0004,0,Low Risk
CUST-08484,0.0025,0,Low Risk
CUST-08485,0.0029,0,Low Risk
CUST-08486,0.9636,1,High Risk
CUST-08487,0.0042,0,Low Risk
CUST-08488,0.0889,0,Low Risk
CUST-08489,0.0645,0,Low Risk
CUST-08490,0.0052,0,Low Risk
CUST-08491,0.7714,1,High Risk
CUST-08492,0.0009,0,Low Risk
CUST-08493,0.0008,0,Low Risk
CUST-08494,0.0039,0,Low Risk
CUST-08495,0.0004,0,Low Risk
CUST-08496,0.0157,0,Low Risk
CUST-08497,0.9976,1,High Risk
CUST-08498,1e-04,0,Low Risk
CUST-08499,0.0,0,Low Risk
CUST-08500,0.0018,0,Low Risk
CUST-08501,0.8413,1,High Risk
CUST-08502,0.9531,1,High Risk
CUST-08503,0.0017,0,Low Risk
CUST-08504,0.0002,0,Low Risk
CUST-08505,0.9712,1,High Risk
CUST-08506,0.002,0,Low Risk
CUST-08507,0.7377,1,High Risk
CUST-08508,0.0013,0,Low Risk
CUST-08509,0.0011,0,Low Risk
CUST-08510,0.0002,0,Low Risk
CUST-08511,0.0004,0,Low Risk
CUST-08512,0.0012,0,Low Risk
CUST-08513,0.0121,0,Low Risk
CUST-08514,0.0167,0,Low Risk
CUST-08515,0.9514,1,High Risk
CUST-08516,0.0063,0,Low Risk
CUST-08517,0.8615,1,High Risk
CUST-08518,0.0018,0,Low Risk
CUST-08519,0.864,1,High Risk
CUST-08520,0.0025,0,Low Risk
CUST-08521,0.2612,0,Low Risk
CUST-08522,0.0003,0,Low Risk
CUST-08523,0.0351,0,Low Risk
CUST-08524,0.8495,1,High Risk
CUST-08525,0.6411,1,Medium Risk
CUST-08526,0.0007,0,Low Risk
CUST-08527,0.9608,1,High Risk
CUST-08528,0.0021,0,Low Risk
CUST-08529,0.0039,0,Low Risk
CUST-08530,0.9284,1,High Risk
CUST-08531,0.0002,0,Low Risk
CUST-08532,0.0255,0,Low Risk
CUST-08533,0.0284,0,Low Risk
CUST-08534,0.9816,1,High Risk
CUST-08535,0.0194,0,Low Risk
CUST-08536,0.0021,0,Low Risk
CUST-08537,0.0009,0,Low Risk
CUST-08538,0.8093,1,High Risk
CUST-08539,1e-04,0,Low Risk
CUST-08540,0.7934,1,High Risk
CUST-08541,0.0182,0,Low Risk
CUST-08542,0.1943,0,Low Risk
CUST-08543,0.8635,1,High Risk
CUST-08544,0.028,0,Low Risk
CUST-08545,1e-04,0,Low Risk
CUST-08546,0.9787,1,High Risk
CUST-08547,0.0009,0,Low Risk
CUST-08548,0.0143,0,Low Risk
CUST-08549,0.0003,0,Low Risk
CUST-08550,0.9241,1,High Risk
CUST-08551,0.004,0,Low Risk
CUST-08552,0.3791,0,Low Risk
CUST-08553,0.9791,1,High Risk
CUST-08554,0.0084,0,Low Risk
CUST-08555,0.1659,0,Low Risk
CUST-08556,0.0091,0,Low Risk
CUST-08557,0.9833,1,High Risk
CUST-08558,0.9893,1,High Risk
CUST-08559,0.0017,0,Low Risk
CUST-08560,0.0273,0,Low Risk
CUST-08561,0.1624,0,Low Risk
CUST-08562,0.0004,0,Low Risk
CUST-08563,0.0211,0,Low Risk
CUST-08564,0.9846,1,High Risk
CUST-08565,0.9437,1,High Risk
CUST-08566,0.0005,0,Low Risk
CUST-08567,1e-04,0,Low Risk
CUST-08568,0.0004,0,Low Risk
CUST-08569,1e-04,0,Low Risk
CUST-08570,0.0003,0,Low Risk
CUST-08571,0.0209,0,Low Risk
CUST-08572,0.9659,1,High Risk
CUST-08573,0.0052,0,Low Risk
CUST-08574,0.1058,0,Low Risk
CUST-08575,0.0046,0,Low Risk
CUST-08576,0.0,0,Low Risk
CUST-08577,0.9416,1,High Risk
CUST-08578,0.0726,0,Low Risk
CUST-08579,0.0848,0,Low Risk
CUST-08580,0.8458,1,High Risk
CUST-08581,0.1809,0,Low Risk
CUST-08582,0.0042,0,Low Risk
CUST-08583,0.0163,0,Low Risk
CUST-08584,0.2022,0,Low Risk
CUST-08585,0.0003,0,Low Risk
CUST-08586,0.0009,0,Low Risk
CUST-08587,0.6518,1,Medium Risk
CUST-08588,0.009,0,Low Risk
CUST-08589,0.8408,1,High Risk
CUST-08590,0.8646,1,High Risk
CUST-08591,0.9976,1,High Risk
CUST-08592,0.0007,0,Low Risk
CUST-08593,0.0003,0,Low Risk
CUST-08594,0.0182,0,Low Risk
CUST-08595,0.006,0,Low Risk
CUST-08596,1e-04,0,Low Risk
CUST-08597,0.2846,0,Low Risk
CUST-08598,0.0676,0,Low Risk
CUST-08599,0.9538,1,High Risk
CUST-08600,0.0926,0,Low Risk
CUST-08601,1e-04,0,Low Risk
CUST-08602,0.844,1,High Risk
CUST-08603,0.0936,0,Low Risk
CUST-08604,0.011,0,Low Risk
CUST-08605,0.2554,0,Low Risk
CUST-08606,0.0129,0,Low Risk
CUST-08607,0.0003,0,Low Risk
CUST-08608,0.1029,0,Low Risk
CUST-08609,0.0008,0,Low Risk
CUST-08610,0.7789,1,High Risk
CUST-08611,0.034,0,Low Risk
CUST-08612,1e-04,0,Low Risk
CUST-08613,0.7749,1,High Risk
CUST-08614,0.4696,1,Medium Risk
CUST-08615,0.0028,0,Low Risk
CUST-08616,0.6561,1,Medium Risk
CUST-08617,0.0439,0,Low Risk
CUST-08618,0.927,1,High Risk
CUST-08619,0.0413,0,Low Risk
CUST-08620,0.0117,0,Low Risk
CUST-08621,0.0162,0,Low Risk
CUST-08622,0.0045,0,Low Risk
CUST-08623,0.3709,0,Low Risk
CUST-08624,0.0092,0,Low Risk
CUST-08625,1e-04,0,Low Risk
CUST-08626,0.0014,0,Low Risk
CUST-08627,0.0005,0,Low Risk
CUST-08628,0.0357,0,Low Risk
CUST-08629,0.9974,1,High Risk
CUST-08630,0.423,1,Medium Risk
CUST-08631,0.0004,0,Low Risk
CUST-08632,0.0505,0,Low Risk
CUST-08633,0.7231,1,High Risk
CUST-08634,0.0093,0,Low Risk
CUST-08635,0.2367,0,Low Risk
CUST-08636,0.0088,0,Low Risk
CUST-08637,0.0004,0,Low Risk
CUST-08638,0.0086,0,Low Risk
CUST-08639,0.0005,0,Low Risk
CUST-08640,0.9429,1,High Risk
CUST-08641,1e-04,0,Low Risk
CUST-08642,0.0004,0,Low Risk
CUST-08643,0.0166,0,Low Risk
CUST-08644,0.5822,1,Medium Risk
CUST-08645,0.0163,0,Low Risk
CUST-08646,0.0087,0,Low Risk
CUST-08647,0.0056,0,Low Risk
CUST-08648,0.7853,1,High Risk
CUST-08649,0.6984,1,Medium Risk
CUST-08650,0.001,0,Low Risk
CUST-08651,0.0013,0,Low Risk
CUST-08652,0.0063,0,Low Risk
CUST-08653,0.002,0,Low Risk
CUST-08654,0.0002,0,Low Risk
CUST-08655,0.0003,0,Low Risk
CUST-08656,0.0005,0,Low Risk
CUST-08657,0.8825,1,High Risk
CUST-08658,0.0839,0,Low Risk
CUST-08659,0.0002,0,Low Risk
CUST-08660,1e-04,0,Low Risk
CUST-08661,0.735,1,High Risk
CUST-08662,0.8307,1,High Risk
CUST-08663,0.0108,0,Low Risk
CUST-08664,0.0025,0,Low Risk
CUST-08665,1e-04,0,Low Risk
CUST-08666,0.0002,0,Low Risk
CUST-08667,0.0224,0,Low Risk
CUST-08668,0.0294,0,Low Risk
CUST-08669,0.288,0,Low Risk
CUST-08670,0.9865,1,High Risk
CUST-08671,0.9944,1,High Risk
CUST-08672,0.9751,1,High Risk
CUST-08673,0.001,0,Low Risk
CUST-08674,0.8876,1,High Risk
CUST-08675,0.1091,0,Low Risk
CUST-08676,0.0092,0,Low Risk
CUST-08677,0.4232,1,Medium Risk
CUST-08678,0.5474,1,Medium Risk
CUST-08679,0.8197,1,High Risk
CUST-08680,0.0056,0,Low Risk
CUST-08681,0.8894,1,High Risk
CUST-08682,0.9937,1,High Risk
CUST-08683,0.1966,0,Low Risk
CUST-08684,0.3551,0,Low Risk
CUST-08685,0.0007,0,Low Risk
CUST-08686,0.8179,1,High Risk
CUST-08687,0.5643,1,Medium Risk
CUST-08688,0.0003,0,Low Risk
CUST-08689,0.0054,0,Low Risk
CUST-08690,0.0757,0,Low Risk
CUST-08691,0.0327,0,Low Risk
CUST-08692,0.9644,1,High Risk
CUST-08693,0.0887,0,Low Risk
CUST-08694,0.0099,0,Low Risk
CUST-08695,1e-04,0,Low Risk
CUST-08696,0.6539,1,Medium Risk
CUST-08697,0.0051,0,Low Risk
CUST-08698,0.0733,0,Low Risk
CUST-08699,0.5175,1,Medium Risk
CUST-08700,0.0139,0,Low Risk
CUST-08701,0.0069,0,Low Risk
CUST-08702,0.0386,0,Low Risk
CUST-08703,0.9644,1,High Risk
CUST-08704,0.0002,0,Low Risk
CUST-08705,0.0036,0,Low Risk
CUST-08706,0.1504,0,Low Risk
CUST-08707,0.9879,1,High Risk
CUST-08708,0.246,0,Low Risk
CUST-08709,0.0095,0,Low Risk
CUST-08710,0.0046,0,Low Risk
CUST-08711,0.0002,0,Low Risk
CUST-08712,0.9498,1,High Risk
CUST-08713,0.9064,1,High Risk
CUST-08714,0.9148,1,High Risk
CUST-08715,0.0086,0,Low Risk
CUST-08716,0.3794,0,Low Risk
CUST-08717,0.0011,0,Low Risk
CUST-08718,0.0069,0,Low Risk
CUST-08719,0.294,0,Low Risk
CUST-08720,0.0538,0,Low Risk
CUST-08721,0.9874,1,High Risk
CUST-08722,0.8446,1,High Risk
CUST-08723,0.9656,1,High Risk
CUST-08724,0.0025,0,Low Risk
CUST-08725,0.014,0,Low Risk
CUST-08726,0.4203,1,Medium Risk
CUST-08727,0.3462,0,Low Risk
CUST-08728,0.0142,0,Low Risk
CUST-08729,0.0023,0,Low Risk
CUST-08730,0.9462,1,High Risk
CUST-08731,0.979,1,High Risk
CUST-08732,0.0073,0,Low Risk
CUST-08733,1e-04,0,Low Risk
CUST-08734,0.8567,1,High Risk
CUST-08735,0.0151,0,Low Risk
CUST-08736,0.8391,1,High Risk
CUST-08737,0.118,0,Low Risk
CUST-08738,0.0003,0,Low Risk
CUST-08739,0.0178,0,Low Risk
CUST-08740,0.0035,0,Low Risk
CUST-08741,0.0757,0,Low Risk
CUST-08742,0.0003,0,Low Risk
CUST-08743,0.009,0,Low Risk
CUST-08744,0.0031,0,Low Risk
CUST-08745,0.1899,0,Low Risk
CUST-08746,0.0,0,Low Risk
CUST-08747,0.0991,0,Low Risk
CUST-08748,0.9256,1,High Risk
CUST-08749,0.0057,0,Low Risk
CUST-08750,0.829,1,High Risk
CUST-08751,0.0013,0,Low Risk
CUST-08752,0.8583,1,High Risk
CUST-08753,0.9934,1,High Risk
CUST-08754,0.5071,1,Medium Risk
CUST-08755,0.0004,0,Low Risk
CUST-08756,0.249,0,Low Risk
CUST-08757,0.6338,1,Medium Risk
CUST-08758,0.0175,0,Low Risk
CUST-08759,1e-04,0,Low Risk
CUST-08760,0.1534,0,Low Risk
CUST-08761,0.9439,1,High Risk
CUST-08762,0.849,1,High Risk
CUST-08763,0.9485,1,High Risk
CUST-08764,0.1359,0,Low Risk
CUST-08765,0.0031,0,Low Risk
CUST-08766,0.965,1,High Risk
CUST-08767,0.0008,0,Low Risk
CUST-08768,0.9788,1,High Risk
CUST-08769,0.0016,0,Low Risk
CUST-08770,0.9459,1,High Risk
CUST-08771,0.0005,0,Low Risk
CUST-08772,0.0003,0,Low Risk
CUST-08773,0.9395,1,High Risk
CUST-08774,0.1432,0,Low Risk
CUST-08775,0.7374,1,High Risk
CUST-08776,0.1029,0,Low Risk
CUST-08777,0.9632,1,High Risk
CUST-08778,0.0004,0,Low Risk
CUST-08779,0.0014,0,Low Risk
CUST-08780,0.1302,0,Low Risk
CUST-08781,0.8685,1,High Risk
CUST-08782,0.9986,1,High Risk
CUST-08783,0.0014,0,Low Risk
CUST-08784,0.2,0,Low Risk
CUST-08785,0.0016,0,Low Risk
CUST-08786,0.926,1,High Risk
CUST-08787,0.9777,1,High Risk
CUST-08788,0.975,1,High Risk
CUST-08789,0.3839,0,Low Risk
CUST-08790,0.0729,0,Low Risk
CUST-08791,0.7622,1,High Risk
CUST-08792,0.1061,0,Low Risk
CUST-08793,0.0541,0,Low Risk
CUST-08794,0.0046,0,Low Risk
CUST-08795,0.0009,0,Low Risk
CUST-08796,0.0063,0,Low Risk
CUST-08797,0.0023,0,Low Risk
CUST-08798,0.0011,0,Low Risk
CUST-08799,0.9656,1,High Risk
CUST-08800,0.0149,0,Low Risk
CUST-08801,0.1105,0,Low Risk
CUST-08802,0.0146,0,Low Risk
CUST-08803,0.0023,0,Low Risk
CUST-08804,0.9038,1,High Risk
CUST-08805,0.9461,1,High Risk
CUST-08806,0.0909,0,Low Risk
CUST-08807,0.0003,0,Low Risk
CUST-08808,0.0006,0,Low Risk
CUST-08809,0.9795,1,High Risk
CUST-08810,0.0229,0,Low Risk
CUST-08811,0.0002,0,Low Risk
CUST-08812,1e-04,0,Low Risk
CUST-08813,0.0052,0,Low Risk
CUST-08814,0.0128,0,Low Risk
CUST-08815,0.0432,0,Low Risk
CUST-08816,0.9723,1,High Risk
CUST-08817,0.0304,0,Low Risk
CUST-08818,0.5523,1,Medium Risk
CUST-08819,0.9973,1,High Risk
CUST-08820,0.9425,1,High Risk
CUST-08821,0.0064,0,Low Risk
CUST-08822,0.0036,0,Low Risk
CUST-08823,0.0002,0,Low Risk
CUST-08824,0.1826,0,Low Risk
CUST-08825,0.0047,0,Low Risk
CUST-08826,0.0993,0,Low Risk
CUST-08827,0.9797,1,High Risk
CUST-08828,0.9409,1,High Risk
CUST-08829,0.964,1,High Risk
CUST-08830,0.004,0,Low Risk
CUST-08831,0.9801,1,High Risk
CUST-08832,0.9079,1,High Risk
CUST-08833,0.0024,0,Low Risk
CUST-08834,0.8106,1,High Risk
CUST-08835,0.585,1,Medium Risk
CUST-08836,0.024,0,Low Risk
CUST-08837,0.8459,1,High Risk
CUST-08838,0.0213,0,Low Risk
CUST-08839,0.001,0,Low Risk
CUST-08840,0.8001,1,High Risk
CUST-08841,0.9844,1,High Risk
CUST-08842,0.0018,0,Low Risk
CUST-08843,0.0057,0,Low Risk
CUST-08844,0.999,1,High Risk
CUST-08845,0.8762,1,High Risk
CUST-08846,0.2503,0,Low Risk
CUST-08847,0.0037,0,Low Risk
CUST-08848,0.001,0,Low Risk
CUST-08849,0.001,0,Low Risk
CUST-08850,0.0203,0,Low Risk
CUST-08851,0.0038,0,Low Risk
CUST-08852,0.0049,0,Low Risk
CUST-08853,0.0677,0,Low Risk
CUST-08854,0.1482,0,Low Risk
CUST-08855,0.4922,1,Medium Risk
CUST-08856,1e-04,0,Low Risk
CUST-08857,0.0497,0,Low Risk
CUST-08858,0.8956,1,High Risk
CUST-08859,0.3966,0,Low Risk
CUST-08860,0.9484,1,High Risk
CUST-08861,0.0031,0,Low Risk
CUST-08862,0.0005,0,Low Risk
CUST-08863,0.0368,0,Low Risk
CUST-08864,0.1091,0,Low Risk
CUST-08865,0.0008,0,Low Risk
CUST-08866,0.0016,0,Low Risk
CUST-08867,0.9385,1,High Risk
CUST-08868,1e-04,0,Low Risk
CUST-08869,0.1938,0,Low Risk
CUST-08870,0.0127,0,Low Risk
CUST-08871,1e-04,0,Low Risk
CUST-08872,0.2329,0,Low Risk
CUST-08873,0.0031,0,Low Risk
CUST-08874,0.0131,0,Low Risk
CUST-08875,0.0002,0,Low Risk
CUST-08876,0.7493,1,High Risk
CUST-08877,0.0011,0,Low Risk
CUST-08878,0.2434,0,Low Risk
CUST-08879,0.0047,0,Low Risk
CUST-08880,0.0026,0,Low Risk
CUST-08881,0.0003,0,Low Risk
CUST-08882,0.0007,0,Low Risk
CUST-08883,0.0002,0,Low Risk
CUST-08884,0.0005,0,Low Risk
CUST-08885,0.9876,1,High Risk
CUST-08886,0.2508,0,Low Risk
CUST-08887,0.0072,0,Low Risk
CUST-08888,0.0192,0,Low Risk
CUST-08889,1e-04,0,Low Risk
CUST-08890,0.9935,1,High Risk
CUST-08891,0.4036,1,Medium Risk
CUST-08892,1e-04,0,Low Risk
CUST-08893,0.9737,1,High Risk
CUST-08894,1e-04,0,Low Risk
CUST-08895,0.9707,1,High Risk
CUST-08896,0.018,0,Low Risk
CUST-08897,0.0122,0,Low Risk
CUST-08898,0.002,0,Low Risk
CUST-08899,0.0015,0,Low Risk
CUST-08900,0.0004,0,Low Risk
CUST-08901,1e-04,0,Low Risk
CUST-08902,0.0004,0,Low Risk
CUST-08903,0.9977,1,High Risk
CUST-08904,0.4167,1,Medium Risk
CUST-08905,0.2314,0,Low Risk
CUST-08906,0.8501,1,High Risk
CUST-08907,0.9497,1,High Risk
CUST-08908,0.0057,0,Low Risk
CUST-08909,0.414,1,Medium Risk
CUST-08910,0.0015,0,Low Risk
CUST-08911,0.0015,0,Low Risk
CUST-08912,0.2353,0,Low Risk
CUST-08913,0.9579,1,High Risk
CUST-08914,0.0011,0,Low Risk
CUST-08915,0.0277,0,Low Risk
CUST-08916,0.0006,0,Low Risk
CUST-08917,1e-04,0,Low Risk
CUST-08918,0.0084,0,Low Risk
CUST-08919,0.0049,0,Low Risk
CUST-08920,0.0006,0,Low Risk
CUST-08921,0.0033,0,Low Risk
CUST-08922,0.2207,0,Low Risk
CUST-08923,0.0004,0,Low Risk
CUST-08924,0.9945,1,High Risk
CUST-08925,0.0005,0,Low Risk
CUST-08926,0.0002,0,Low Risk
CUST-08927,0.0043,0,Low Risk
CUST-08928,0.0002,0,Low Risk
CUST-08929,0.003,0,Low Risk
CUST-08930,0.0007,0,Low Risk
CUST-08931,0.9934,1,High Risk
CUST-08932,0.4877,1,Medium Risk
CUST-08933,1e-04,0,Low Risk
CUST-08934,0.0003,0,Low Risk
CUST-08935,0.0083,0,Low Risk
CUST-08936,0.0069,0,Low Risk
CUST-08937,0.0069,0,Low Risk
CUST-08938,0.0016,0,Low Risk
CUST-08939,0.001,0,Low Risk
CUST-08940,0.5802,1,Medium Risk
CUST-08941,0.986,1,High Risk
CUST-08942,0.0775,0,Low Risk
CUST-08943,0.0002,0,Low Risk
CUST-08944,0.1014,0,Low Risk
CUST-08945,0.1237,0,Low Risk
CUST-08946,0.0047,0,Low Risk
CUST-08947,0.0033,0,Low Risk
CUST-08948,0.001,0,Low Risk
CUST-08949,0.0019,0,Low Risk
CUST-08950,0.3696,0,Low Risk
CUST-08951,0.8712,1,High Risk
CUST-08952,0.1679,0,Low Risk
CUST-08953,0.0156,0,Low Risk
CUST-08954,0.7145,1,High Risk
CUST-08955,0.0019,0,Low Risk
CUST-08956,1e-04,0,Low Risk
CUST-08957,0.0004,0,Low Risk
CUST-08958,0.0846,0,Low Risk
CUST-08959,0.9124,1,High Risk
CUST-08960,0.7982,1,High Risk
CUST-08961,0.9953,1,High Risk
CUST-08962,0.9333,1,High Risk
CUST-08963,0.0007,0,Low Risk
CUST-08964,0.0014,0,Low Risk
CUST-08965,0.0006,0,Low Risk
CUST-08966,0.9071,1,High Risk
CUST-08967,0.6932,1,Medium Risk
CUST-08968,1e-04,0,Low Risk
CUST-08969,0.0347,0,Low Risk
CUST-08970,0.0005,0,Low Risk
CUST-08971,0.8506,1,High Risk
CUST-08972,0.2441,0,Low Risk
CUST-08973,0.0407,0,Low Risk
CUST-08974,0.0425,0,Low Risk
CUST-08975,0.0002,0,Low Risk
CUST-08976,0.9402,1,High Risk
CUST-08977,0.0021,0,Low Risk
CUST-08978,0.4038,1,Medium Risk
CUST-08979,0.0291,0,Low Risk
CUST-08980,0.8808,1,High Risk
CUST-08981,0.0247,0,Low Risk
CUST-08982,0.8912,1,High Risk
CUST-08983,0.0,0,Low Risk
CUST-08984,0.9362,1,High Risk
CUST-08985,0.021,0,Low Risk
CUST-08986,0.001,0,Low Risk
CUST-08987,0.9906,1,High Risk
CUST-08988,0.9811,1,High Risk
CUST-08989,0.1143,0,Low Risk
CUST-08990,0.9841,1,High Risk
CUST-08991,0.2547,0,Low Risk
CUST-08992,0.1165,0,Low Risk
CUST-08993,0.9393,1,High Risk
CUST-08994,0.0031,0,Low Risk
CUST-08995,0.0004,0,Low Risk
CUST-08996,0.0008,0,Low Risk
CUST-08997,0.3252,0,Low Risk
CUST-08998,0.0006,0,Low Risk
CUST-08999,0.0054,0,Low Risk
CUST-09000,0.0009,0,Low Risk
CUST-09001,0.0015,0,Low Risk
CUST-09002,0.7711,1,High Risk
CUST-09003,0.0019,0,Low Risk
CUST-09004,0.0603,0,Low Risk
CUST-09005,0.8385,1,High Risk
CUST-09006,1e-04,0,Low Risk
CUST-09007,0.0892,0,Low Risk
CUST-09008,0.011,0,Low Risk
CUST-09009,0.9411,1,High Risk
CUST-09010,0.001,0,Low Risk
CUST-09011,0.8595,1,High Risk
CUST-09012,0.9857,1,High Risk
CUST-09013,1e-04,0,Low Risk
CUST-09014,0.0013,0,Low Risk
CUST-09015,1e-04,0,Low Risk
CUST-09016,0.0004,0,Low Risk
CUST-09017,0.008,0,Low Risk
CUST-09018,0.0496,0,Low Risk
CUST-09019,0.8531,1,High Risk
CUST-09020,0.0002,0,Low Risk
CUST-09021,0.0008,0,Low Risk
CUST-09022,0.9982,1,High Risk
CUST-09023,0.0005,0,Low Risk
CUST-09024,0.971,1,High Risk
CUST-09025,0.0002,0,Low Risk
CUST-09026,0.1411,0,Low Risk
CUST-09027,0.9884,1,High Risk
CUST-09028,0.0041,0,Low Risk
CUST-09029,0.3474,0,Low Risk
CUST-09030,0.0025,0,Low Risk
CUST-09031,0.7737,1,High Risk
CUST-09032,0.4553,1,Medium Risk
CUST-09033,0.8824,1,High Risk
CUST-09034,0.0003,0,Low Risk
CUST-09035,0.988,1,High Risk
CUST-09036,0.8364,1,High Risk
CUST-09037,0.0688,0,Low Risk
CUST-09038,1e-04,0,Low Risk
CUST-09039,0.0004,0,Low Risk
CUST-09040,0.9796,1,High Risk
CUST-09041,0.9919,1,High Risk
CUST-09042,0.0115,0,Low Risk
CUST-09043,0.0677,0,Low Risk
CUST-09044,0.0032,0,Low Risk
CUST-09045,0.4232,1,Medium Risk
CUST-09046,0.6412,1,Medium Risk
CUST-09047,0.9348,1,High Risk
CUST-09048,0.0016,0,Low Risk
CUST-09049,0.0003,0,Low Risk
CUST-09050,0.0309,0,Low Risk
CUST-09051,0.4934,1,Medium Risk
CUST-09052,0.0651,0,Low Risk
CUST-09053,0.0003,0,Low Risk
CUST-09054,0.9862,1,High Risk
CUST-09055,0.0,0,Low Risk
CUST-09056,0.0319,0,Low Risk
CUST-09057,1e-04,0,Low Risk
CUST-09058,0.0011,0,Low Risk
CUST-09059,0.8251,1,High Risk
CUST-09060,0.0123,0,Low Risk
CUST-09061,0.6758,1,Medium Risk
CUST-09062,0.0028,0,Low Risk
CUST-09063,0.9814,1,High Risk
CUST-09064,0.0024,0,Low Risk
CUST-09065,0.0012,0,Low Risk
CUST-09066,0.8015,1,High Risk
CUST-09067,0.0947,0,Low Risk
CUST-09068,0.0588,0,Low Risk
CUST-09069,0.8575,1,High Risk
CUST-09070,0.0119,0,Low Risk
CUST-09071,0.013,0,Low Risk
CUST-09072,0.1194,0,Low Risk
CUST-09073,0.0289,0,Low Risk
CUST-09074,0.9968,1,High Risk
CUST-09075,0.001,0,Low Risk
CUST-09076,0.0167,0,Low Risk
CUST-09077,0.1761,0,Low Risk
CUST-09078,0.9968,1,High Risk
CUST-09079,0.915,1,High Risk
CUST-09080,0.9648,1,High Risk
CUST-09081,0.0009,0,Low Risk
CUST-09082,0.0313,0,Low Risk
CUST-09083,0.3441,0,Low Risk
CUST-09084,0.0065,0,Low Risk
CUST-09085,0.0067,0,Low Risk
CUST-09086,0.1281,0,Low Risk
CUST-09087,0.0003,0,Low Risk
CUST-09088,0.0059,0,Low Risk
CUST-09089,0.0006,0,Low Risk
CUST-09090,0.0003,0,Low Risk
CUST-09091,0.0004,0,Low Risk
CUST-09092,0.9938,1,High Risk
CUST-09093,0.0003,0,Low Risk
CUST-09094,0.8696,1,High Risk
CUST-09095,0.0153,0,Low Risk
CUST-09096,0.8422,1,High Risk
CUST-09097,0.007,0,Low Risk
CUST-09098,0.0002,0,Low Risk
CUST-09099,0.0017,0,Low Risk
CUST-09100,0.005,0,Low Risk
CUST-09101,0.0002,0,Low Risk
CUST-09102,0.1795,0,Low Risk
CUST-09103,0.9353,1,High Risk
CUST-09104,0.8482,1,High Risk
CUST-09105,0.2149,0,Low Risk
CUST-09106,0.7277,1,High Risk
CUST-09107,0.0008,0,Low Risk
CUST-09108,0.0004,0,Low Risk
CUST-09109,0.9153,1,High Risk
CUST-09110,0.001,0,Low Risk
CUST-09111,0.9676,1,High Risk
CUST-09112,0.7931,1,High Risk
CUST-09113,0.9938,1,High Risk
CUST-09114,0.0014,0,Low Risk
CUST-09115,0.7153,1,High Risk
CUST-09116,0.0025,0,Low Risk
CUST-09117,0.0071,0,Low Risk
CUST-09118,0.004,0,Low Risk
CUST-09119,0.8957,1,High Risk
CUST-09120,0.0119,0,Low Risk
CUST-09121,0.7741,1,High Risk
CUST-09122,0.9439,1,High Risk
CUST-09123,0.878,1,High Risk
CUST-09124,0.9757,1,High Risk
CUST-09125,0.0007,0,Low Risk
CUST-09126,0.0008,0,Low Risk
CUST-09127,0.0004,0,Low Risk
CUST-09128,0.9829,1,High Risk
CUST-09129,0.0296,0,Low Risk
CUST-09130,0.0014,0,Low Risk
CUST-09131,0.0013,0,Low Risk
CUST-09132,0.0883,0,Low Risk
CUST-09133,0.019,0,Low Risk
CUST-09134,0.9845,1,High Risk
CUST-09135,0.0003,0,Low Risk
CUST-09136,0.0,0,Low Risk
CUST-09137,0.9322,1,High Risk
CUST-09138,0.9967,1,High Risk
CUST-09139,0.0464,0,Low Risk
CUST-09140,0.0002,0,Low Risk
CUST-09141,0.0003,0,Low Risk
CUST-09142,0.0005,0,Low Risk
CUST-09143,0.2567,0,Low Risk
CUST-09144,1e-04,0,Low Risk
CUST-09145,0.271,0,Low Risk
CUST-09146,0.6157,1,Medium Risk
CUST-09147,0.001,0,Low Risk
CUST-09148,0.0134,0,Low Risk
CUST-09149,0.0485,0,Low Risk
CUST-09150,0.9535,1,High Risk
CUST-09151,0.2076,0,Low Risk
CUST-09152,0.0061,0,Low Risk
CUST-09153,0.0185,0,Low Risk
CUST-09154,0.9854,1,High Risk
CUST-09155,0.0067,0,Low Risk
CUST-09156,0.0062,0,Low Risk
CUST-09157,0.0003,0,Low Risk
CUST-09158,0.0262,0,Low Risk
CUST-09159,0.0051,0,Low Risk
CUST-09160,0.0087,0,Low Risk
CUST-09161,0.9239,1,High Risk
CUST-09162,0.9535,1,High Risk
CUST-09163,0.1046,0,Low Risk
CUST-09164,0.0069,0,Low Risk
CUST-09165,0.0493,0,Low Risk
CUST-09166,0.0011,0,Low Risk
CUST-09167,0.1843,0,Low Risk
CUST-09168,0.995,1,High Risk
CUST-09169,0.0061,0,Low Risk
CUST-09170,0.8824,1,High Risk
CUST-09171,0.9566,1,High Risk
CUST-09172,0.0005,0,Low Risk
CUST-09173,0.096,0,Low Risk
CUST-09174,0.9573,1,High Risk
CUST-09175,0.0045,0,Low Risk
CUST-09176,0.1214,0,Low Risk
CUST-09177,1e-04,0,Low Risk
CUST-09178,0.0054,0,Low Risk
CUST-09179,0.0052,0,Low Risk
CUST-09180,0.0721,0,Low Risk
CUST-09181,0.9965,1,High Risk
CUST-09182,0.0657,0,Low Risk
CUST-09183,0.0243,0,Low Risk
CUST-09184,0.0076,0,Low Risk
CUST-09185,0.0048,0,Low Risk
CUST-09186,0.1837,0,Low Risk
CUST-09187,0.0147,0,Low Risk
CUST-09188,0.9949,1,High Risk
CUST-09189,0.007,0,Low Risk
CUST-09190,0.9995,1,High Risk
CUST-09191,0.9774,1,High Risk
CUST-09192,0.9021,1,High Risk
CUST-09193,0.9371,1,High Risk
CUST-09194,0.9964,1,High Risk
CUST-09195,0.0125,0,Low Risk
CUST-09196,0.0324,0,Low Risk
CUST-09197,0.0592,0,Low Risk
CUST-09198,0.9763,1,High Risk
CUST-09199,0.9967,1,High Risk
CUST-09200,0.0003,0,Low Risk
CUST-09201,0.9416,1,High Risk
CUST-09202,0.0112,0,Low Risk
CUST-09203,0.0209,0,Low Risk
CUST-09204,0.0002,0,Low Risk
CUST-09205,0.0005,0,Low Risk
CUST-09206,0.0004,0,Low Risk
CUST-09207,0.6214,1,Medium Risk
CUST-09208,0.0036,0,Low Risk
CUST-09209,0.9914,1,High Risk
CUST-09210,0.0009,0,Low Risk
CUST-09211,0.3489,0,Low Risk
CUST-09212,0.0004,0,Low Risk
CUST-09213,1e-04,0,Low Risk
CUST-09214,0.4287,1,Medium Risk
CUST-09215,0.9753,1,High Risk
CUST-09216,0.9888,1,High Risk
CUST-09217,0.011,0,Low Risk
CUST-09218,0.7689,1,High Risk
CUST-09219,0.0018,0,Low Risk
CUST-09220,0.0742,0,Low Risk
CUST-09221,0.0007,0,Low Risk
CUST-09222,0.0074,0,Low Risk
CUST-09223,0.9977,1,High Risk
CUST-09224,0.8972,1,High Risk
CUST-09225,0.0254,0,Low Risk
CUST-09226,0.0078,0,Low Risk
CUST-09227,0.0002,0,Low Risk
CUST-09228,0.8974,1,High Risk
CUST-09229,0.0089,0,Low Risk
CUST-09230,0.9742,1,High Risk
CUST-09231,0.0021,0,Low Risk
CUST-09232,0.987,1,High Risk
CUST-09233,0.0044,0,Low Risk
CUST-09234,0.0003,0,Low Risk
CUST-09235,0.9977,1,High Risk
CUST-09236,0.2526,0,Low Risk
CUST-09237,0.0037,0,Low Risk
CUST-09238,0.0004,0,Low Risk
CUST-09239,0.1358,0,Low Risk
CUST-09240,0.0007,0,Low Risk
CUST-09241,0.0033,0,Low Risk
CUST-09242,0.9783,1,High Risk
CUST-09243,0.9867,1,High Risk
CUST-09244,0.9629,1,High Risk
CUST-09245,0.0024,0,Low Risk
CUST-09246,0.0007,0,Low Risk
CUST-09247,0.0031,0,Low Risk
CUST-09248,0.639,1,Medium Risk
CUST-09249,0.9637,1,High Risk
CUST-09250,0.1817,0,Low Risk
CUST-09251,0.915,1,High Risk
CUST-09252,0.9835,1,High Risk
CUST-09253,0.9082,1,High Risk
CUST-09254,0.0038,0,Low Risk
CUST-09255,0.9824,1,High Risk
CUST-09256,0.0026,0,Low Risk
CUST-09257,0.0015,0,Low Risk
CUST-09258,0.0015,0,Low Risk
CUST-09259,0.8566,1,High Risk
CUST-09260,0.8421,1,High Risk
CUST-09261,0.0035,0,Low Risk
CUST-09262,0.0034,0,Low Risk
CUST-09263,0.006,0,Low Risk
CUST-09264,0.0689,0,Low Risk
CUST-09265,0.3325,0,Low Risk
CUST-09266,0.0005,0,Low Risk
CUST-09267,0.8542,1,High Risk
CUST-09268,0.8561,1,High Risk
CUST-09269,0.7023,1,High Risk
CUST-09270,0.0002,0,Low Risk
CUST-09271,0.1723,0,Low Risk
CUST-09272,0.4776,1,Medium Risk
CUST-09273,0.1499,0,Low Risk
CUST-09274,0.9905,1,High Risk
CUST-09275,0.9614,1,High Risk
CUST-09276,0.899,1,High Risk
CUST-09277,0.0262,0,Low Risk
CUST-09278,0.3064,0,Low Risk
CUST-09279,0.0002,0,Low Risk
CUST-09280,0.7778,1,High Risk
CUST-09281,0.9718,1,High Risk
CUST-09282,0.9352,1,High Risk
CUST-09283,0.2424,0,Low Risk
CUST-09284,0.0006,0,Low Risk
CUST-09285,0.0448,0,Low Risk
CUST-09286,0.1082,0,Low Risk
CUST-09287,0.0027,0,Low Risk
CUST-09288,0.8491,1,High Risk
CUST-09289,0.141,0,Low Risk
CUST-09290,0.0011,0,Low Risk
CUST-09291,0.891,1,High Risk
CUST-09292,0.0023,0,Low Risk
CUST-09293,0.0119,0,Low Risk
CUST-09294,0.9868,1,High Risk
CUST-09295,0.9375,1,High Risk
CUST-09296,0.0058,0,Low Risk
CUST-09297,0.0048,0,Low Risk
CUST-09298,0.1314,0,Low Risk
CUST-09299,1e-04,0,Low Risk
CUST-09300,0.0631,0,Low Risk
CUST-09301,0.0076,0,Low Risk
CUST-09302,0.9602,1,High Risk
CUST-09303,0.2881,0,Low Risk
CUST-09304,0.0003,0,Low Risk
CUST-09305,0.8454,1,High Risk
CUST-09306,0.0024,0,Low Risk
CUST-09307,0.8739,1,High Risk
CUST-09308,0.965,1,High Risk
CUST-09309,0.0007,0,Low Risk
CUST-09310,0.4538,1,Medium Risk
CUST-09311,0.0005,0,Low Risk
CUST-09312,0.0171,0,Low Risk
CUST-09313,0.1105,0,Low Risk
CUST-09314,0.0009,0,Low Risk
CUST-09315,0.9787,1,High Risk
CUST-09316,0.9014,1,High Risk
CUST-09317,0.9981,1,High Risk
CUST-09318,0.9392,1,High Risk
CUST-09319,0.0018,0,Low Risk
CUST-09320,0.5142,1,Medium Risk
CUST-09321,0.0008,0,Low Risk
CUST-09322,0.9447,1,High Risk
CUST-09323,0.9949,1,High Risk
CUST-09324,0.0002,0,Low Risk
CUST-09325,0.0377,0,Low Risk
CUST-09326,0.996,1,High Risk
CUST-09327,0.0005,0,Low Risk
CUST-09328,0.0017,0,Low Risk
CUST-09329,0.0014,0,Low Risk
CUST-09330,0.9728,1,High Risk
CUST-09331,0.0112,0,Low Risk
CUST-09332,0.0012,0,Low Risk
CUST-09333,0.0034,0,Low Risk
CUST-09334,0.0108,0,Low Risk
CUST-09335,0.0893,0,Low Risk
CUST-09336,0.5834,1,Medium Risk
CUST-09337,1e-04,0,Low Risk
CUST-09338,0.5078,1,Medium Risk
CUST-09339,0.003,0,Low Risk
CUST-09340,0.0186,0,Low Risk
CUST-09341,1e-04,0,Low Risk
CUST-09342,0.9587,1,High Risk
CUST-09343,0.9941,1,High Risk
CUST-09344,0.9044,1,High Risk
CUST-09345,0.0015,0,Low Risk
CUST-09346,0.9563,1,High Risk
CUST-09347,0.0104,0,Low Risk
CUST-09348,0.748,1,High Risk
CUST-09349,0.0026,0,Low Risk
CUST-09350,0.0016,0,Low Risk
CUST-09351,0.0033,0,Low Risk
CUST-09352,0.987,1,High Risk
CUST-09353,1e-04,0,Low Risk
CUST-09354,0.1093,0,Low Risk
CUST-09355,0.0033,0,Low Risk
CUST-09356,0.0045,0,Low Risk
CUST-09357,1e-04,0,Low Risk
CUST-09358,0.0038,0,Low Risk
CUST-09359,0.0101,0,Low Risk
CUST-09360,0.0017,0,Low Risk
CUST-09361,0.0145,0,Low Risk
CUST-09362,0.0845,0,Low Risk
CUST-09363,0.7462,1,High Risk
CUST-09364,0.0007,0,Low Risk
CUST-09365,0.0015,0,Low Risk
CUST-09366,0.732,1,High Risk
CUST-09367,0.3019,0,Low Risk
CUST-09368,0.0086,0,Low Risk
CUST-09369,0.0046,0,Low Risk
CUST-09370,0.5857,1,Medium Risk
CUST-09371,0.0022,0,Low Risk
CUST-09372,0.0004,0,Low Risk
CUST-09373,0.0022,0,Low Risk
CUST-09374,0.132,0,Low Risk
CUST-09375,0.9867,1,High Risk
CUST-09376,0.0031,0,Low Risk
CUST-09377,0.0,0,Low Risk
CUST-09378,0.6576,1,Medium Risk
CUST-09379,0.0616,0,Low Risk
CUST-09380,0.0169,0,Low Risk
CUST-09381,0.0176,0,Low Risk
CUST-09382,0.0017,0,Low Risk
CUST-09383,0.0012,0,Low Risk
CUST-09384,0.1741,0,Low Risk
CUST-09385,0.961,1,High Risk
CUST-09386,0.0018,0,Low Risk
CUST-09387,0.0709,0,Low Risk
CUST-09388,0.0947,0,Low Risk
CUST-09389,0.0032,0,Low Risk
CUST-09390,0.9986,1,High Risk
CUST-09391,0.0004,0,Low Risk
CUST-09392,1e-04,0,Low Risk
CUST-09393,0.7221,1,High Risk
CUST-09394,0.1753,0,Low Risk
CUST-09395,0.9772,1,High Risk
CUST-09396,0.0005,0,Low Risk
CUST-09397,0.0704,0,Low Risk
CUST-09398,0.008,0,Low Risk
CUST-09399,0.8777,1,High Risk
CUST-09400,0.0003,0,Low Risk
CUST-09401,0.9496,1,High Risk
CUST-09402,0.002,0,Low Risk
CUST-09403,0.0042,0,Low Risk
CUST-09404,0.9613,1,High Risk
CUST-09405,0.0342,0,Low Risk
CUST-09406,0.0003,0,Low Risk
CUST-09407,0.0095,0,Low Risk
CUST-09408,0.9256,1,High Risk
CUST-09409,0.0118,0,Low Risk
CUST-09410,0.0263,0,Low Risk
CUST-09411,0.9932,1,High Risk
CUST-09412,0.0024,0,Low Risk
CUST-09413,0.0003,0,Low Risk
CUST-09414,0.2193,0,Low Risk
CUST-09415,0.0105,0,Low Risk
CUST-09416,0.3311,0,Low Risk
CUST-09417,0.8867,1,High Risk
CUST-09418,0.0163,0,Low Risk
CUST-09419,0.7684,1,High Risk
CUST-09420,0.0003,0,Low Risk
CUST-09421,0.0274,0,Low Risk
CUST-09422,0.0035,0,Low Risk
CUST-09423,0.6277,1,Medium Risk
CUST-09424,0.9646,1,High Risk
CUST-09425,0.341,0,Low Risk
CUST-09426,0.008,0,Low Risk
CUST-09427,0.0338,0,Low Risk
CUST-09428,0.006,0,Low Risk
CUST-09429,0.9478,1,High Risk
CUST-09430,1e-04,0,Low Risk
CUST-09431,0.0037,0,Low Risk
CUST-09432,0.9952,1,High Risk
CUST-09433,0.9893,1,High Risk
CUST-09434,0.9978,1,High Risk
CUST-09435,0.9908,1,High Risk
CUST-09436,0.0003,0,Low Risk
CUST-09437,0.4871,1,Medium Risk
CUST-09438,0.9047,1,High Risk
CUST-09439,0.0014,0,Low Risk
CUST-09440,0.0003,0,Low Risk
CUST-09441,0.9917,1,High Risk
CUST-09442,0.1742,0,Low Risk
CUST-09443,0.9786,1,High Risk
CUST-09444,0.0325,0,Low Risk
CUST-09445,0.1274,0,Low Risk
CUST-09446,0.0044,0,Low Risk
CUST-09447,0.0111,0,Low Risk
CUST-09448,0.9848,1,High Risk
CUST-09449,0.0101,0,Low Risk
CUST-09450,0.0069,0,Low Risk
CUST-09451,0.232,0,Low Risk
CUST-09452,0.0897,0,Low Risk
CUST-09453,0.0004,0,Low Risk
CUST-09454,0.9075,1,High Risk
CUST-09455,0.0002,0,Low Risk
CUST-09456,0.0005,0,Low Risk
CUST-09457,0.0061,0,Low Risk
CUST-09458,0.9958,1,High Risk
CUST-09459,0.0151,0,Low Risk
CUST-09460,0.0004,0,Low Risk
CUST-09461,0.0073,0,Low Risk
CUST-09462,0.9389,1,High Risk
CUST-09463,0.0054,0,Low Risk
CUST-09464,0.0249,0,Low Risk
CUST-09465,0.8804,1,High Risk
CUST-09466,0.012,0,Low Risk
CUST-09467,1e-04,0,Low Risk
CUST-09468,0.0005,0,Low Risk
CUST-09469,1e-04,0,Low Risk
CUST-09470,0.0005,0,Low Risk
CUST-09471,0.8262,1,High Risk
CUST-09472,0.0059,0,Low Risk
CUST-09473,0.0014,0,Low Risk
CUST-09474,0.0355,0,Low Risk
CUST-09475,0.3907,0,Low Risk
CUST-09476,0.958,1,High Risk
CUST-09477,0.0032,0,Low Risk
CUST-09478,0.0009,0,Low Risk
CUST-09479,0.0543,0,Low Risk
CUST-09480,0.0,0,Low Risk
CUST-09481,0.0049,0,Low Risk
CUST-09482,0.0506,0,Low Risk
CUST-09483,0.0881,0,Low Risk
CUST-09484,0.1384,0,Low Risk
CUST-09485,0.4462,1,Medium Risk
CUST-09486,1e-04,0,Low Risk
CUST-09487,0.0493,0,Low Risk
CUST-09488,0.0076,0,Low Risk
CUST-09489,0.0074,0,Low Risk
CUST-09490,0.0344,0,Low Risk
CUST-09491,0.9697,1,High Risk
CUST-09492,0.0032,0,Low Risk
CUST-09493,0.0369,0,Low Risk
CUST-09494,0.0011,0,Low Risk
CUST-09495,0.0191,0,Low Risk
CUST-09496,1e-04,0,Low Risk
CUST-09497,0.0018,0,Low Risk
CUST-09498,0.1692,0,Low Risk
CUST-09499,0.0082,0,Low Risk
CUST-09500,0.9879,1,High Risk
CUST-09501,0.716,1,High Risk
CUST-09502,0.9194,1,High Risk
CUST-09503,0.7604,1,High Risk
CUST-09504,0.8907,1,High Risk
CUST-09505,0.9563,1,High Risk
CUST-09506,0.0056,0,Low Risk
CUST-09507,0.2473,0,Low Risk
CUST-09508,0.0017,0,Low Risk
CUST-09509,0.001,0,Low Risk
CUST-09510,0.9966,1,High Risk
CUST-09511,0.0003,0,Low Risk
CUST-09512,0.9818,1,High Risk
CUST-09513,0.061,0,Low Risk
CUST-09514,0.0058,0,Low Risk
CUST-09515,0.0179,0,Low Risk
CUST-09516,0.4837,1,Medium Risk
CUST-09517,0.0057,0,Low Risk
CUST-09518,0.1569,0,Low Risk
CUST-09519,0.0022,0,Low Risk
CUST-09520,0.0018,0,Low Risk
CUST-09521,0.9884,1,High Risk
CUST-09522,1e-04,0,Low Risk
CUST-09523,0.0,0,Low Risk
CUST-09524,0.0045,0,Low Risk
CUST-09525,0.8452,1,High Risk
CUST-09526,0.0113,0,Low Risk
CUST-09527,0.0588,0,Low Risk
CUST-09528,0.1013,0,Low Risk
CUST-09529,1e-04,0,Low Risk
CUST-09530,0.9783,1,High Risk
CUST-09531,0.0092,0,Low Risk
CUST-09532,0.0017,0,Low Risk
CUST-09533,0.0032,0,Low Risk
CUST-09534,0.0021,0,Low Risk
CUST-09535,1e-04,0,Low Risk
CUST-09536,0.9895,1,High Risk
CUST-09537,0.008,0,Low Risk
CUST-09538,0.349,0,Low Risk
CUST-09539,0.0244,0,Low Risk
CUST-09540,0.0133,0,Low Risk
CUST-09541,0.8344,1,High Risk
CUST-09542,0.9987,1,High Risk
CUST-09543,0.0005,0,Low Risk
CUST-09544,1e-04,0,Low Risk
CUST-09545,1e-04,0,Low Risk
CUST-09546,0.0083,0,Low Risk
CUST-09547,0.019,0,Low Risk
CUST-09548,0.0016,0,Low Risk
CUST-09549,0.0201,0,Low Risk
CUST-09550,0.0004,0,Low Risk
CUST-09551,0.0355,0,Low Risk
CUST-09552,1e-04,0,Low Risk
CUST-09553,0.0006,0,Low Risk
CUST-09554,0.0172,0,Low Risk
CUST-09555,0.6857,1,Medium Risk
CUST-09556,0.0264,0,Low Risk
CUST-09557,0.0017,0,Low Risk
CUST-09558,0.4791,1,Medium Risk
CUST-09559,0.0002,0,Low Risk
CUST-09560,0.0154,0,Low Risk
CUST-09561,0.9882,1,High Risk
CUST-09562,0.9818,1,High Risk
CUST-09563,0.8647,1,High Risk
CUST-09564,0.0022,0,Low Risk
CUST-09565,0.0069,0,Low Risk
CUST-09566,0.9566,1,High Risk
CUST-09567,0.4251,1,Medium Risk
CUST-09568,0.184,0,Low Risk
CUST-09569,0.8955,1,High Risk
CUST-09570,0.9933,1,High Risk
CUST-09571,0.9833,1,High Risk
CUST-09572,0.5431,1,Medium Risk
CUST-09573,0.0018,0,Low Risk
CUST-09574,0.9587,1,High Risk
CUST-09575,0.0163,0,Low Risk
CUST-09576,0.0002,0,Low Risk
CUST-09577,0.9934,1,High Risk
CUST-09578,0.0214,0,Low Risk
CUST-09579,0.2794,0,Low Risk
CUST-09580,0.8796,1,High Risk
CUST-09581,0.0009,0,Low Risk
CUST-09582,0.0004,0,Low Risk
CUST-09583,1e-04,0,Low Risk
CUST-09584,0.0006,0,Low Risk
CUST-09585,0.9946,1,High Risk
CUST-09586,0.0004,0,Low Risk
CUST-09587,0.0007,0,Low Risk
CUST-09588,0.9887,1,High Risk
CUST-09589,0.0005,0,Low Risk
CUST-09590,0.0002,0,Low Risk
CUST-09591,0.7889,1,High Risk
CUST-09592,0.0018,0,Low Risk
CUST-09593,0.9695,1,High Risk
CUST-09594,0.8224,1,High Risk
CUST-09595,0.0013,0,Low Risk
CUST-09596,0.8438,1,High Risk
CUST-09597,1e-04,0,Low Risk
CUST-09598,0.5049,1,Medium Risk
CUST-09599,0.9095,1,High Risk
CUST-09600,0.0048,0,Low Risk
CUST-09601,0.9542,1,High Risk
CUST-09602,0.2184,0,Low Risk
CUST-09603,0.4604,1,Medium Risk
CUST-09604,0.0002,0,Low Risk
CUST-09605,0.2,0,Low Risk
CUST-09606,0.3346,0,Low Risk
CUST-09607,0.0449,0,Low Risk
CUST-09608,0.0006,0,Low Risk
CUST-09609,0.1773,0,Low Risk
CUST-09610,0.9005,1,High Risk
CUST-09611,0.0002,0,Low Risk
CUST-09612,0.8661,1,High Risk
CUST-09613,0.9129,1,High Risk
CUST-09614,0.5426,1,Medium Risk
CUST-09615,0.6843,1,Medium Risk
CUST-09616,0.9733,1,High Risk
CUST-09617,0.9953,1,High Risk
CUST-09618,0.9877,1,High Risk
CUST-09619,0.0005,0,Low Risk
CUST-09620,0.0008,0,Low Risk
CUST-09621,0.0009,0,Low Risk
CUST-09622,0.9808,1,High Risk
CUST-09623,0.0032,0,Low Risk
CUST-09624,0.0036,0,Low Risk
CUST-09625,0.1743,0,Low Risk
CUST-09626,0.6221,1,Medium Risk
CUST-09627,1e-04,0,Low Risk
CUST-09628,0.8077,1,High Risk
CUST-09629,0.0716,0,Low Risk
CUST-09630,0.0004,0,Low Risk
CUST-09631,0.8864,1,High Risk
CUST-09632,0.0296,0,Low Risk
CUST-09633,0.873,1,High Risk
CUST-09634,0.8797,1,High Risk
CUST-09635,0.9413,1,High Risk
CUST-09636,0.4311,1,Medium Risk
CUST-09637,0.001,0,Low Risk
CUST-09638,0.0065,0,Low Risk
CUST-09639,0.0009,0,Low Risk
CUST-09640,0.978,1,High Risk
CUST-09641,0.9296,1,High Risk
CUST-09642,0.0058,0,Low Risk
CUST-09643,0.0082,0,Low Risk
CUST-09644,0.0044,0,Low Risk
CUST-09645,0.9839,1,High Risk
CUST-09646,0.0019,0,Low Risk
CUST-09647,0.0011,0,Low Risk
CUST-09648,0.0321,0,Low Risk
CUST-09649,0.2344,0,Low Risk
CUST-09650,0.082,0,Low Risk
CUST-09651,0.2885,0,Low Risk
CUST-09652,0.0003,0,Low Risk
CUST-09653,0.0624,0,Low Risk
CUST-09654,0.0002,0,Low Risk
CUST-09655,0.8295,1,High Risk
CUST-09656,0.4331,1,Medium Risk
CUST-09657,0.0031,0,Low Risk
CUST-09658,0.0003,0,Low Risk
CUST-09659,0.9737,1,High Risk
CUST-09660,0.0097,0,Low Risk
CUST-09661,0.0205,0,Low Risk
CUST-09662,0.6734,1,Medium Risk
CUST-09663,0.7513,1,High Risk
CUST-09664,0.0066,0,Low Risk
CUST-09665,0.9486,1,High Risk
CUST-09666,0.0004,0,Low Risk
CUST-09667,0.682,1,Medium Risk
CUST-09668,0.0002,0,Low Risk
CUST-09669,0.9242,1,High Risk
CUST-09670,0.0015,0,Low Risk
CUST-09671,0.8102,1,High Risk
CUST-09672,0.8652,1,High Risk
CUST-09673,0.0091,0,Low Risk
CUST-09674,0.9968,1,High Risk
CUST-09675,0.0508,0,Low Risk
CUST-09676,0.2353,0,Low Risk
CUST-09677,0.0068,0,Low Risk
CUST-09678,0.967,1,High Risk
CUST-09679,0.5813,1,Medium Risk
CUST-09680,0.0026,0,Low Risk
CUST-09681,0.9537,1,High Risk
CUST-09682,0.0002,0,Low Risk
CUST-09683,0.0055,0,Low Risk
CUST-09684,0.9741,1,High Risk
CUST-09685,0.0013,0,Low Risk
CUST-09686,0.0018,0,Low Risk
CUST-09687,0.0379,0,Low Risk
CUST-09688,0.8152,1,High Risk
CUST-09689,0.7347,1,High Risk
CUST-09690,0.0024,0,Low Risk
CUST-09691,0.0043,0,Low Risk
CUST-09692,0.9808,1,High Risk
CUST-09693,0.0295,0,Low Risk
CUST-09694,0.0003,0,Low Risk
CUST-09695,0.0009,0,Low Risk
CUST-09696,0.0014,0,Low Risk
CUST-09697,0.0008,0,Low Risk
CUST-09698,0.0048,0,Low Risk
CUST-09699,0.9912,1,High Risk
CUST-09700,0.4601,1,Medium Risk
CUST-09701,0.0012,0,Low Risk
CUST-09702,0.4458,1,Medium Risk
CUST-09703,0.1392,0,Low Risk
CUST-09704,0.1223,0,Low Risk
CUST-09705,0.0017,0,Low Risk
CUST-09706,0.001,0,Low Risk
CUST-09707,0.0002,0,Low Risk
CUST-09708,0.758,1,High Risk
CUST-09709,0.8399,1,High Risk
CUST-09710,0.4408,1,Medium Risk
CUST-09711,0.0012,0,Low Risk
CUST-09712,0.9399,1,High Risk
CUST-09713,0.0362,0,Low Risk
CUST-09714,0.0153,0,Low Risk
CUST-09715,0.0188,0,Low Risk
CUST-09716,0.0039,0,Low Risk
CUST-09717,0.0993,0,Low Risk
CUST-09718,0.1364,0,Low Risk
CUST-09719,0.0117,0,Low Risk
CUST-09720,0.0199,0,Low Risk
CUST-09721,0.9967,1,High Risk
CUST-09722,0.2645,0,Low Risk
CUST-09723,0.694,1,Medium Risk
CUST-09724,0.3029,0,Low Risk
CUST-09725,0.0002,0,Low Risk
CUST-09726,0.0017,0,Low Risk
CUST-09727,0.0016,0,Low Risk
CUST-09728,0.0302,0,Low Risk
CUST-09729,0.0004,0,Low Risk
CUST-09730,1e-04,0,Low Risk
CUST-09731,0.022,0,Low Risk
CUST-09732,0.0004,0,Low Risk
CUST-09733,0.9193,1,High Risk
CUST-09734,0.9344,1,High Risk
CUST-09735,0.8542,1,High Risk
CUST-09736,1e-04,0,Low Risk
CUST-09737,0.9725,1,High Risk
CUST-09738,0.0006,0,Low Risk
CUST-09739,0.8453,1,High Risk
CUST-09740,0.1415,0,Low Risk
CUST-09741,0.0063,0,Low Risk
CUST-09742,0.0414,0,Low Risk
CUST-09743,0.0002,0,Low Risk
CUST-09744,1e-04,0,Low Risk
CUST-09745,0.0967,0,Low Risk
CUST-09746,0.9303,1,High Risk
CUST-09747,1e-04,0,Low Risk
CUST-09748,0.9897,1,High Risk
CUST-09749,0.0002,0,Low Risk
CUST-09750,0.054,0,Low Risk
CUST-09751,0.3334,0,Low Risk
CUST-09752,0.2627,0,Low Risk
CUST-09753,0.947,1,High Risk
CUST-09754,0.0055,0,Low Risk
CUST-09755,0.0497,0,Low Risk
CUST-09756,0.0008,0,Low Risk
CUST-09757,0.4932,1,Medium Risk
CUST-09758,0.0017,0,Low Risk
CUST-09759,0.9813,1,High Risk
CUST-09760,0.7946,1,High Risk
CUST-09761,0.0029,0,Low Risk
CUST-09762,0.9825,1,High Risk
CUST-09763,0.0015,0,Low Risk
CUST-09764,0.7872,1,High Risk
CUST-09765,0.9515,1,High Risk
CUST-09766,0.0035,0,Low Risk
CUST-09767,0.0437,0,Low Risk
CUST-09768,0.9957,1,High Risk
CUST-09769,0.0182,0,Low Risk
CUST-09770,0.0735,0,Low Risk
CUST-09771,0.0003,0,Low Risk
CUST-09772,0.0597,0,Low Risk
CUST-09773,0.071,0,Low Risk
CUST-09774,0.0007,0,Low Risk
CUST-09775,0.2644,0,Low Risk
CUST-09776,0.0002,0,Low Risk
CUST-09777,0.8998,1,High Risk
CUST-09778,0.0083,0,Low Risk
CUST-09779,0.0027,0,Low Risk
CUST-09780,0.9842,1,High Risk
CUST-09781,0.8169,1,High Risk
CUST-09782,0.0008,0,Low Risk
CUST-09783,0.9951,1,High Risk
CUST-09784,0.0002,0,Low Risk
CUST-09785,0.0061,0,Low Risk
CUST-09786,0.0098,0,Low Risk
CUST-09787,0.0076,0,Low Risk
CUST-09788,0.0713,0,Low Risk
CUST-09789,0.0093,0,Low Risk
CUST-09790,0.0019,0,Low Risk
CUST-09791,0.0057,0,Low Risk
CUST-09792,0.049,0,Low Risk
CUST-09793,0.0109,0,Low Risk
CUST-09794,0.0308,0,Low Risk
CUST-09795,0.0002,0,Low Risk
CUST-09796,0.9743,1,High Risk
CUST-09797,0.0899,0,Low Risk
CUST-09798,0.0004,0,Low Risk
CUST-09799,0.954,1,High Risk
CUST-09800,0.0025,0,Low Risk
CUST-09801,0.9075,1,High Risk
CUST-09802,0.0196,0,Low Risk
CUST-09803,0.0223,0,Low Risk
CUST-09804,0.8882,1,High Risk
CUST-09805,0.0118,0,Low Risk
CUST-09806,0.9652,1,High Risk
CUST-09807,0.2126,0,Low Risk
CUST-09808,0.0004,0,Low Risk
CUST-09809,1e-04,0,Low Risk
CUST-09810,0.9128,1,High Risk
CUST-09811,0.9566,1,High Risk
CUST-09812,0.0,0,Low Risk
CUST-09813,0.0063,0,Low Risk
CUST-09814,0.0006,0,Low Risk
CUST-09815,0.0003,0,Low Risk
CUST-09816,1e-04,0,Low Risk
CUST-09817,0.0074,0,Low Risk
CUST-09818,0.124,0,Low Risk
CUST-09819,0.0009,0,Low Risk
CUST-09820,1e-04,0,Low Risk
CUST-09821,0.0009,0,Low Risk
CUST-09822,1e-04,0,Low Risk
CUST-09823,0.0002,0,Low Risk
CUST-09824,0.9376,1,High Risk
CUST-09825,0.0023,0,Low Risk
CUST-09826,0.0043,0,Low Risk
CUST-09827,0.9458,1,High Risk
CUST-09828,0.8385,1,High Risk
CUST-09829,0.1919,0,Low Risk
CUST-09830,0.0465,0,Low Risk
CUST-09831,0.0035,0,Low Risk
CUST-09832,0.001,0,Low Risk
CUST-09833,0.9935,1,High Risk
CUST-09834,0.9728,1,High Risk
CUST-09835,0.0005,0,Low Risk
CUST-09836,0.9264,1,High Risk
CUST-09837,0.1139,0,Low Risk
CUST-09838,0.0085,0,Low Risk
CUST-09839,0.0084,0,Low Risk
CUST-09840,0.1014,0,Low Risk
CUST-09841,0.0011,0,Low Risk
CUST-09842,0.0005,0,Low Risk
CUST-09843,0.4519,1,Medium Risk
CUST-09844,0.0559,0,Low Risk
CUST-09845,0.0003,0,Low Risk
CUST-09846,0.0,0,Low Risk
CUST-09847,0.001,0,Low Risk
CUST-09848,0.9967,1,High Risk
CUST-09849,0.0066,0,Low Risk
CUST-09850,0.1635,0,Low Risk
CUST-09851,0.9752,1,High Risk
CUST-09852,0.9449,1,High Risk
CUST-09853,0.0002,0,Low Risk
CUST-09854,0.6265,1,Medium Risk
CUST-09855,0.0057,0,Low Risk
CUST-09856,0.8819,1,High Risk
CUST-09857,1e-04,0,Low Risk
CUST-09858,0.994,1,High Risk
CUST-09859,0.0096,0,Low Risk
CUST-09860,0.9862,1,High Risk
CUST-09861,0.0002,0,Low Risk
CUST-09862,0.0063,0,Low Risk
CUST-09863,0.4568,1,Medium Risk
CUST-09864,0.2604,0,Low Risk
CUST-09865,0.9933,1,High Risk
CUST-09866,0.027,0,Low Risk
CUST-09867,0.0319,0,Low Risk
CUST-09868,0.0007,0,Low Risk
CUST-09869,1e-04,0,Low Risk
CUST-09870,0.2435,0,Low Risk
CUST-09871,0.0012,0,Low Risk
CUST-09872,0.0289,0,Low Risk
CUST-09873,0.0041,0,Low Risk
CUST-09874,0.0038,0,Low Risk
CUST-09875,0.0014,0,Low Risk
CUST-09876,0.0343,0,Low Risk
CUST-09877,0.0295,0,Low Risk
CUST-09878,0.1894,0,Low Risk
CUST-09879,0.0542,0,Low Risk
CUST-09880,0.5612,1,Medium Risk
CUST-09881,1e-04,0,Low Risk
CUST-09882,0.0009,0,Low Risk
CUST-09883,0.0025,0,Low Risk
CUST-09884,0.0005,0,Low Risk
CUST-09885,0.002,0,Low Risk
CUST-09886,0.0024,0,Low Risk
CUST-09887,0.317,0,Low Risk
CUST-09888,0.868,1,High Risk
CUST-09889,0.9799,1,High Risk
CUST-09890,0.0044,0,Low Risk
CUST-09891,0.1454,0,Low Risk
CUST-09892,0.1592,0,Low Risk
CUST-09893,0.0019,0,Low Risk
CUST-09894,0.0044,0,Low Risk
CUST-09895,0.1487,0,Low Risk
CUST-09896,0.9793,1,High Risk
CUST-09897,0.0005,0,Low Risk
CUST-09898,0.998,1,High Risk
CUST-09899,0.8983,1,High Risk
CUST-09900,0.1692,0,Low Risk
CUST-09901,0.8789,1,High Risk
CUST-09902,0.0004,0,Low Risk
CUST-09903,0.8513,1,High Risk
CUST-09904,0.4203,1,Medium Risk
CUST-09905,0.923,1,High Risk
CUST-09906,0.6998,1,Medium Risk
CUST-09907,0.0006,0,Low Risk
CUST-09908,0.0097,0,Low Risk
CUST-09909,0.0014,0,Low Risk
CUST-09910,0.0012,0,Low Risk
CUST-09911,0.163,0,Low Risk
CUST-09912,0.051,0,Low Risk
CUST-09913,0.0085,0,Low Risk
CUST-09914,0.9191,1,High Risk
CUST-09915,0.8515,1,High Risk
CUST-09916,0.2744,0,Low Risk
CUST-09917,0.8734,1,High Risk
CUST-09918,0.0083,0,Low Risk
CUST-09919,0.8482,1,High Risk
CUST-09920,0.1273,0,Low Risk
CUST-09921,0.1385,0,Low Risk
CUST-09922,0.0022,0,Low Risk
CUST-09923,0.0023,0,Low Risk
CUST-09924,0.0128,0,Low Risk
CUST-09925,0.0,0,Low Risk
CUST-09926,0.2235,0,Low Risk
CUST-09927,0.0006,0,Low Risk
CUST-09928,0.8169,1,High Risk
CUST-09929,0.9602,1,High Risk
CUST-09930,0.0155,0,Low Risk
CUST-09931,0.0041,0,Low Risk
CUST-09932,0.1332,0,Low Risk
CUST-09933,0.8551,1,High Risk
CUST-09934,0.9588,1,High Risk
CUST-09935,0.0158,0,Low Risk
CUST-09936,0.9702,1,High Risk
CUST-09937,0.0007,0,Low Risk
CUST-09938,0.1439,0,Low Risk
CUST-09939,0.0301,0,Low Risk
CUST-09940,0.0006,0,Low Risk
CUST-09941,0.0011,0,Low Risk
CUST-09942,0.0041,0,Low Risk
CUST-09943,0.0089,0,Low Risk
CUST-09944,0.0058,0,Low Risk
CUST-09945,0.2873,0,Low Risk
CUST-09946,0.0025,0,Low Risk
CUST-09947,0.0129,0,Low Risk
CUST-09948,0.0023,0,Low Risk
CUST-09949,0.034,0,Low Risk
CUST-09950,0.0,0,Low Risk
CUST-09951,0.0014,0,Low Risk
CUST-09952,0.0028,0,Low Risk
CUST-09953,0.0022,0,Low Risk
CUST-09954,0.9865,1,High Risk
CUST-09955,0.0014,0,Low Risk
CUST-09956,0.0002,0,Low Risk
CUST-09957,0.7936,1,High Risk
CUST-09958,0.0305,0,Low Risk
CUST-09959,0.0062,0,Low Risk
CUST-09960,0.0022,0,Low Risk
CUST-09961,0.9921,1,High Risk
CUST-09962,0.8312,1,High Risk
CUST-09963,0.0029,0,Low Risk
CUST-09964,0.9685,1,High Risk
CUST-09965,0.0611,0,Low Risk
CUST-09966,0.007,0,Low Risk
CUST-09967,0.0076,0,Low Risk
CUST-09968,0.0018,0,Low Risk
CUST-09969,0.0023,0,Low Risk
CUST-09970,0.7956,1,High Risk
CUST-09971,0.0058,0,Low Risk
CUST-09972,0.9691,1,High Risk
CUST-09973,0.9968,1,High Risk
CUST-09974,1e-04,0,Low Risk
CUST-09975,0.0003,0,Low Risk
CUST-09976,0.0254,0,Low Risk
CUST-09977,1e-04,0,Low Risk
CUST-09978,0.0006,0,Low Risk
CUST-09979,0.9885,1,High Risk
CUST-09980,0.9961,1,High Risk
CUST-09981,0.0506,0,Low Risk
CUST-09982,0.3284,0,Low Risk
CUST-09983,0.0016,0,Low Risk
CUST-09984,0.0444,0,Low Risk
CUST-09985,0.9091,1,High Risk
CUST-09986,0.0006,0,Low Risk
CUST-09987,0.0009,0,Low Risk
CUST-09988,0.0329,0,Low Risk
CUST-09989,0.0005,0,Low Risk
CUST-09990,0.899,1,High Risk
CUST-09991,0.407,1,Medium Risk
CUST-09992,0.1627,0,Low Risk
CUST-09993,0.1078,0,Low Risk
CUST-09994,0.0043,0,Low Risk
CUST-09995,0.0002,0,Low Risk
CUST-09996,0.0124,0,Low Risk
CUST-09997,1e-04,0,Low Risk
CUST-09998,0.3018,0,Low Risk
CUST-09999,0.9261,1,High Risk
CUST-10000,0.0008,0,Low Risk
